{
    "loss": 0.0114,
    "grad_norm": 0.3060435652732849,
    "learning_rate": 1.9840000000000003e-05,
    "epoch": 0.04,
    "step": 1
}
