step	grad_norm
0	1.0838629007339478
1	0.3060435652732849
