step	learning_rate
0	1.9920000000000002e-05
1	1.9840000000000003e-05
