Store Name,Address,Phone Number,Website,Opening Hours,Author Name,Rating,Review Text,Time Description
Khaadi,"near Askari Bank, Pak Block Allama Iqbal Town, Lahore, Punjab 54570, Pakistan",(042) 37808512,http://pk.khaadi.com/,"Monday: 11:00 AM – 10:00 PM, Tuesday: 11:00 AM – 10:00 PM, Wednesday: 11:00 AM – 10:00 PM, Thursday: 11:00 AM – 10:00 PM, Friday: 11:00 AM – 10:00 PM, Saturday: 11:00 AM – 10:00 PM, Sunday: 2:00 – 10:00 PM",Rao Umair,5,"40,30 & 20% sale on khadi and style of dresses are nice bt prices are too high...",2 years ago
Khaadi,"near Askari Bank, Pak Block Allama Iqbal Town, Lahore, Punjab 54570, Pakistan",(042) 37808512,http://pk.khaadi.com/,"Monday: 11:00 AM – 10:00 PM, Tuesday: 11:00 AM – 10:00 PM, Wednesday: 11:00 AM – 10:00 PM, Thursday: 11:00 AM – 10:00 PM, Friday: 11:00 AM – 10:00 PM, Saturday: 11:00 AM – 10:00 PM, Sunday: 2:00 – 10:00 PM",Muhammad Aamir Saleem,5,Amazing building with lots of well managed plants in there. I especially like their plants in the building. It creates an amazing atmosphere on the building giving positive vibes. Their clothes are also quite affordable and of top quality. I have visited many outlets of Khaadi with my family and I have always been impressed with the plants and the building architecture. Hope they always manage real plants and don't go for fake plants like many others.,9 months ago
Khaadi,"near Askari Bank, Pak Block Allama Iqbal Town, Lahore, Punjab 54570, Pakistan",(042) 37808512,http://pk.khaadi.com/,"Monday: 11:00 AM – 10:00 PM, Tuesday: 11:00 AM – 10:00 PM, Wednesday: 11:00 AM – 10:00 PM, Thursday: 11:00 AM – 10:00 PM, Friday: 11:00 AM – 10:00 PM, Saturday: 11:00 AM – 10:00 PM, Sunday: 2:00 – 10:00 PM",Herbo Natural,4,Rates and rush was too much. It was a bigger outlet but with less parking space.,a year ago
Khaadi,"near Askari Bank, Pak Block Allama Iqbal Town, Lahore, Punjab 54570, Pakistan",(042) 37808512,http://pk.khaadi.com/,"Monday: 11:00 AM – 10:00 PM, Tuesday: 11:00 AM – 10:00 PM, Wednesday: 11:00 AM – 10:00 PM, Thursday: 11:00 AM – 10:00 PM, Friday: 11:00 AM – 10:00 PM, Saturday: 11:00 AM – 10:00 PM, Sunday: 2:00 – 10:00 PM",Fahad Zafar,5,A great shopping experience for ladies with wide range of seasonal articles. Khaadi has maintained the look and interior of their store outlets with uniformity.,5 years ago
Khaadi,"near Askari Bank, Pak Block Allama Iqbal Town, Lahore, Punjab 54570, Pakistan",(042) 37808512,http://pk.khaadi.com/,"Monday: 11:00 AM – 10:00 PM, Tuesday: 11:00 AM – 10:00 PM, Wednesday: 11:00 AM – 10:00 PM, Thursday: 11:00 AM – 10:00 PM, Friday: 11:00 AM – 10:00 PM, Saturday: 11:00 AM – 10:00 PM, Sunday: 2:00 – 10:00 PM",Ahmad Bilal,4,This place has become a phenomenon in Pakistan and a must visit place for ladies to buy for special occasions. They opened their Iqbal town branch on main boulevard Iqbal town almost an year back and they are getting all the attention what they are famous for.,5 years ago
Khaadi,"15L, Mini Market, MM Alam Rd, Block L Gulberg 2, Lahore, Punjab 54660, Pakistan",(042) 35878664,https://pk.khaadi.com/,"Monday: 11:00 AM – 10:00 PM, Tuesday: 11:00 AM – 10:00 PM, Wednesday: 11:00 AM – 10:00 PM, Thursday: 11:00 AM – 10:00 PM, Friday: 11:00 AM – 10:00 PM, Saturday: 11:00 AM – 10:00 PM, Sunday: 2:00 – 10:00 PM",A Hurera Shakeel,5,"Khadi perfumes is the best perfume in allover the brands except j. Bonanza, limelight, outfitter etc...
The perfomance of the khadi perfume is best and very long lasting. I used j. Many time but i can never compare these perfumes with each other due to the performance.
Highly recomended",4 months ago
Khaadi,"15L, Mini Market, MM Alam Rd, Block L Gulberg 2, Lahore, Punjab 54660, Pakistan",(042) 35878664,https://pk.khaadi.com/,"Monday: 11:00 AM – 10:00 PM, Tuesday: 11:00 AM – 10:00 PM, Wednesday: 11:00 AM – 10:00 PM, Thursday: 11:00 AM – 10:00 PM, Friday: 11:00 AM – 10:00 PM, Saturday: 11:00 AM – 10:00 PM, Sunday: 2:00 – 10:00 PM",S S,4,"Nice clothes, I was only able to choose one kameez and a matching trousers to buy, though I went to buy 3 or 4, around a 10k price (pkr).. so not many designs would likely match one's taste.
The hand embroidered weren't in the price range for daily wearing. They were 28k each, and the patterns weren't great enough attractive to encourage me to splash the cash.",2 months ago
Khaadi,"15L, Mini Market, MM Alam Rd, Block L Gulberg 2, Lahore, Punjab 54660, Pakistan",(042) 35878664,https://pk.khaadi.com/,"Monday: 11:00 AM – 10:00 PM, Tuesday: 11:00 AM – 10:00 PM, Wednesday: 11:00 AM – 10:00 PM, Thursday: 11:00 AM – 10:00 PM, Friday: 11:00 AM – 10:00 PM, Saturday: 11:00 AM – 10:00 PM, Sunday: 2:00 – 10:00 PM",Ahmad Azeem,5,"""I recently visited Khaddi and was thoroughly impressed by their vibrant collection and exceptional quality. The staff was friendly and the service was prompt. The store's ambiance was welcoming, making my shopping experience delightful. Highly recommended for anyone looking for stylish and comfortable clothing!""",4 months ago
Khaadi,"15L, Mini Market, MM Alam Rd, Block L Gulberg 2, Lahore, Punjab 54660, Pakistan",(042) 35878664,https://pk.khaadi.com/,"Monday: 11:00 AM – 10:00 PM, Tuesday: 11:00 AM – 10:00 PM, Wednesday: 11:00 AM – 10:00 PM, Thursday: 11:00 AM – 10:00 PM, Friday: 11:00 AM – 10:00 PM, Saturday: 11:00 AM – 10:00 PM, Sunday: 2:00 – 10:00 PM",Farrukh Aslam,5,"This branch of Khaadi offers huge collection of stitched and unstitched clothes. The staff is normally helpful and courteous with great overall ambiance. Display of most of the variety along the walls helps you get a better view of the print and cloth quality, for proper selection.
It has a lot of outdoor parking 🅿️ area, around the store, covering both the connecting roads but still it becomes overcrowded at times. The usual peak time rush at the mini market also contributes to the parking congestion.",3 years ago
Khaadi,"15L, Mini Market, MM Alam Rd, Block L Gulberg 2, Lahore, Punjab 54660, Pakistan",(042) 35878664,https://pk.khaadi.com/,"Monday: 11:00 AM – 10:00 PM, Tuesday: 11:00 AM – 10:00 PM, Wednesday: 11:00 AM – 10:00 PM, Thursday: 11:00 AM – 10:00 PM, Friday: 11:00 AM – 10:00 PM, Saturday: 11:00 AM – 10:00 PM, Sunday: 2:00 – 10:00 PM",Abdul Hammad,5,"I love their articles and the fabric !!
Khaadi has a great ambiance
I love the plants they have in their outlets with a specific green very very fresh !!",2 years ago
Khadi Mall,"E Gandhi Maidan Rd, near Regent Cinema Hall, Dujra Diara, Patna, Bihar 800004, India",N/A,N/A,"Monday: 11:00 AM – 9:00 PM, Tuesday: 11:00 AM – 9:00 PM, Wednesday: 11:00 AM – 9:00 PM, Thursday: 11:00 AM – 9:00 PM, Friday: 11:00 AM – 9:00 PM, Saturday: 11:00 AM – 9:00 PM, Sunday: 11:00 AM – 9:00 PM",Nitish kumar,5,I felt very good here because here we got to see the real things related to the cultural heritage of Bihar which makes us feel proud. All types of clothes are available here along with footwear as well as beauty products are available here. This mall is located just to the east of Gandhi Maidan,5 months ago
Khadi Mall,"E Gandhi Maidan Rd, near Regent Cinema Hall, Dujra Diara, Patna, Bihar 800004, India",N/A,N/A,"Monday: 11:00 AM – 9:00 PM, Tuesday: 11:00 AM – 9:00 PM, Wednesday: 11:00 AM – 9:00 PM, Thursday: 11:00 AM – 9:00 PM, Friday: 11:00 AM – 9:00 PM, Saturday: 11:00 AM – 9:00 PM, Sunday: 11:00 AM – 9:00 PM",Sayani Sarkar,4,"Loved this mall. One suggestion they should add fridge magnets as souvenirs. In addition, some of the item were pricey when compared to the market price.",6 months ago
Khadi Mall,"E Gandhi Maidan Rd, near Regent Cinema Hall, Dujra Diara, Patna, Bihar 800004, India",N/A,N/A,"Monday: 11:00 AM – 9:00 PM, Tuesday: 11:00 AM – 9:00 PM, Wednesday: 11:00 AM – 9:00 PM, Thursday: 11:00 AM – 9:00 PM, Friday: 11:00 AM – 9:00 PM, Saturday: 11:00 AM – 9:00 PM, Sunday: 11:00 AM – 9:00 PM",Himanshu Ranjan,5,"Well I will review this place 8.5 out of 10. The the khadi is situated just need the Kargil chowk Gandhi maidan. This is a big mall for vocal for local initiatives. You will find here find and great quality suting and shirting. The mall has three floors. The ground floor is for men's collection. The first floor is for women's and kids and hand woven and hand made home decoratives. And the third floor is for shoes,foods,hangers, ornaments,dolls,and many more. If you are really interested in handmade things and traditional stuff.Must visit.",10 months ago
Khadi Mall,"E Gandhi Maidan Rd, near Regent Cinema Hall, Dujra Diara, Patna, Bihar 800004, India",N/A,N/A,"Monday: 11:00 AM – 9:00 PM, Tuesday: 11:00 AM – 9:00 PM, Wednesday: 11:00 AM – 9:00 PM, Thursday: 11:00 AM – 9:00 PM, Friday: 11:00 AM – 9:00 PM, Saturday: 11:00 AM – 9:00 PM, Sunday: 11:00 AM – 9:00 PM",rahul abhijit,4,"Great initiative by government by providing Khadi garments and handcrafted, handmade decor items such a great platform.such a beautiful handmade showpiece options are there which attracts ur attention.. there where so much options of khadi garments.. sarees..nehru jacket n many more products .it helps in showcasing our culture to world... whether it is Mithila Painting aur handcrafted product. Price is little high because every product is handmade n alot of effort is there . Amazing experience must visit treat to your eyes ❤️🥰",a year ago
Khadi Mall,"E Gandhi Maidan Rd, near Regent Cinema Hall, Dujra Diara, Patna, Bihar 800004, India",N/A,N/A,"Monday: 11:00 AM – 9:00 PM, Tuesday: 11:00 AM – 9:00 PM, Wednesday: 11:00 AM – 9:00 PM, Thursday: 11:00 AM – 9:00 PM, Friday: 11:00 AM – 9:00 PM, Saturday: 11:00 AM – 9:00 PM, Sunday: 11:00 AM – 9:00 PM",JITESH KUMAR,4,"Genuine cottage industry products.

You can really make out the difference of hand weaved textile here! If u appreciate textiles and art!

Specially related with 🌅chhath pooja related materials.
Many of the Kadhi stores have unfortunately become outdated.

They stock an excellent range of cloths for both men and women. Ready made garments are also available. Cloth from dhoti to bedspreads; from herbal products through to a wide range of incense, they have something for everyone. And the prices are  affordable!",a year ago
Khaadi,"RECH Auto Bahn Rd, Latifabad, Hyderabad, Sindh 17000, Pakistan",(022) 3411444,http://pk.khaadi.com/,"Monday: 12:00 – 11:00 PM, Tuesday: 12:00 – 11:00 PM, Wednesday: 12:00 – 11:00 PM, Thursday: 12:00 – 11:00 PM, Friday: 3:00 – 11:00 PM, Saturday: 12:00 – 11:00 PM, Sunday: 12:00 – 11:00 PM",Sherry Cherry,4,Autobahn outlet having sale upto 40%,a year ago
Khaadi,"RECH Auto Bahn Rd, Latifabad, Hyderabad, Sindh 17000, Pakistan",(022) 3411444,http://pk.khaadi.com/,"Monday: 12:00 – 11:00 PM, Tuesday: 12:00 – 11:00 PM, Wednesday: 12:00 – 11:00 PM, Thursday: 12:00 – 11:00 PM, Friday: 3:00 – 11:00 PM, Saturday: 12:00 – 11:00 PM, Sunday: 12:00 – 11:00 PM",Zahoor Legend,5,"The staff was helpful and the store is huge.
And everything that's available online is available instore as well, which makes it easier. For the customer.",2 months ago
Khaadi,"RECH Auto Bahn Rd, Latifabad, Hyderabad, Sindh 17000, Pakistan",(022) 3411444,http://pk.khaadi.com/,"Monday: 12:00 – 11:00 PM, Tuesday: 12:00 – 11:00 PM, Wednesday: 12:00 – 11:00 PM, Thursday: 12:00 – 11:00 PM, Friday: 3:00 – 11:00 PM, Saturday: 12:00 – 11:00 PM, Sunday: 12:00 – 11:00 PM",Jibran Abro,5,"Loving oneself isn't hard, when you understand who and what 'yourself' is. It has nothing to do with the shape of your face, the size of your eyes, the length of your hair or the quality of your clothes. It's so beyond all of those things and it's what gives life to everything about you. Your own self is such a treasure.",5 years ago
Khaadi,"RECH Auto Bahn Rd, Latifabad, Hyderabad, Sindh 17000, Pakistan",(022) 3411444,http://pk.khaadi.com/,"Monday: 12:00 – 11:00 PM, Tuesday: 12:00 – 11:00 PM, Wednesday: 12:00 – 11:00 PM, Thursday: 12:00 – 11:00 PM, Friday: 3:00 – 11:00 PM, Saturday: 12:00 – 11:00 PM, Sunday: 12:00 – 11:00 PM",Manesh Kumar,5,An amazing place for shopping they always give some amazing discounts and they are having app which will give you some points those can be redeemed later on and after registration you will be benefitted as well ❤️ overall an amazing place for shopping some quality clothes.,4 years ago
Khaadi,"RECH Auto Bahn Rd, Latifabad, Hyderabad, Sindh 17000, Pakistan",(022) 3411444,http://pk.khaadi.com/,"Monday: 12:00 – 11:00 PM, Tuesday: 12:00 – 11:00 PM, Wednesday: 12:00 – 11:00 PM, Thursday: 12:00 – 11:00 PM, Friday: 3:00 – 11:00 PM, Saturday: 12:00 – 11:00 PM, Sunday: 12:00 – 11:00 PM",Shakeel Ahmed Memon,4,Excellent fabrics collection of dresses for all ages. Perfume Collection is also fabulous.,3 years ago
Khaadi,"Khaadi shop, College Rd, near city school, Jalalpur Ghumman Daska, Sialkot, Punjab 51010, Pakistan",N/A,http://pk.khaadi.com/,"Monday: 11:00 AM – 10:00 PM, Tuesday: 11:00 AM – 10:00 PM, Wednesday: 11:00 AM – 10:00 PM, Thursday: 11:00 AM – 10:00 PM, Friday: 2:00 – 10:00 PM, Saturday: 11:00 AM – 10:00 PM, Sunday: 11:00 AM – 10:00 PM",GM Power Tech,5,"This is a very good brand of clothes and here you get to see the various sales, winter collection and summer collection both have sale and you get 30 percent to 70 percent off.",6 months ago
Khaadi,"Khaadi shop, College Rd, near city school, Jalalpur Ghumman Daska, Sialkot, Punjab 51010, Pakistan",N/A,http://pk.khaadi.com/,"Monday: 11:00 AM – 10:00 PM, Tuesday: 11:00 AM – 10:00 PM, Wednesday: 11:00 AM – 10:00 PM, Thursday: 11:00 AM – 10:00 PM, Friday: 2:00 – 10:00 PM, Saturday: 11:00 AM – 10:00 PM, Sunday: 11:00 AM – 10:00 PM",Shafiq Rehman,5,"thank you for your commitment to providing exceptional value to your customers. I appreciate the effort and dedication your team puts into creating a rewarding shopping experience.
Please keep me informed about any upcoming offers or discount events. I am confident that they will be just as enticing and beneficial as the recent 50% discount offer.",a year ago
Khaadi,"Khaadi shop, College Rd, near city school, Jalalpur Ghumman Daska, Sialkot, Punjab 51010, Pakistan",N/A,http://pk.khaadi.com/,"Monday: 11:00 AM – 10:00 PM, Tuesday: 11:00 AM – 10:00 PM, Wednesday: 11:00 AM – 10:00 PM, Thursday: 11:00 AM – 10:00 PM, Friday: 2:00 – 10:00 PM, Saturday: 11:00 AM – 10:00 PM, Sunday: 11:00 AM – 10:00 PM",Hafsa Cheema,5,"Khaadi always holds most graceful & beautiful clothes ever. 💯
They're economical, vibrant & classic 💞
Really glad to see your new outlet in Daska 😍",2 years ago
Khaadi,"Khaadi shop, College Rd, near city school, Jalalpur Ghumman Daska, Sialkot, Punjab 51010, Pakistan",N/A,http://pk.khaadi.com/,"Monday: 11:00 AM – 10:00 PM, Tuesday: 11:00 AM – 10:00 PM, Wednesday: 11:00 AM – 10:00 PM, Thursday: 11:00 AM – 10:00 PM, Friday: 2:00 – 10:00 PM, Saturday: 11:00 AM – 10:00 PM, Sunday: 11:00 AM – 10:00 PM",Talha Gujjar,5,"This is favorite brand of my family ever , it’s just awesome and nicely managed everything, there is staffs, cabinet, guards all is very very good.This brand is able to praise and nicely neat &clean.This is top brand in college road daska.  The clothes is the best one in this shop.Mostly people liked it.",4 years ago
Khaadi,"Khaadi shop, College Rd, near city school, Jalalpur Ghumman Daska, Sialkot, Punjab 51010, Pakistan",N/A,http://pk.khaadi.com/,"Monday: 11:00 AM – 10:00 PM, Tuesday: 11:00 AM – 10:00 PM, Wednesday: 11:00 AM – 10:00 PM, Thursday: 11:00 AM – 10:00 PM, Friday: 2:00 – 10:00 PM, Saturday: 11:00 AM – 10:00 PM, Sunday: 11:00 AM – 10:00 PM",Sufyan Ibnmiraj,3,Nice but no attractive designs,6 months ago
Khaadi Experience Square,"Y Block, Round Comm. Market, Sector Y DHA Phase 3, Lahore, Punjab 54792, Pakistan",(042) 37186076,http://pk.khaadi.com/,"Monday: 11:00 AM – 10:00 PM, Tuesday: 11:00 AM – 10:00 PM, Wednesday: 11:00 AM – 10:00 PM, Thursday: 11:00 AM – 10:00 PM, Friday: 11:00 AM – 10:00 PM, Saturday: 11:00 AM – 10:00 PM, Sunday: 2:00 – 10:00 PM",Abdullah Nafis,4,"This branch is humongous!
They have 3 floor plus a basement, dividing the clothing line into different sections, giving a whole new shopping experience!
The best part is that they have ample seating places. 😉",a year ago
Khaadi Experience Square,"Y Block, Round Comm. Market, Sector Y DHA Phase 3, Lahore, Punjab 54792, Pakistan",(042) 37186076,http://pk.khaadi.com/,"Monday: 11:00 AM – 10:00 PM, Tuesday: 11:00 AM – 10:00 PM, Wednesday: 11:00 AM – 10:00 PM, Thursday: 11:00 AM – 10:00 PM, Friday: 11:00 AM – 10:00 PM, Saturday: 11:00 AM – 10:00 PM, Sunday: 2:00 – 10:00 PM",Saad Razak Khan,1,"Pathetic arrangement. What could've been displayed on one floor has been scattered over multiple floors. Pointless.

Old outlet was wayy better. Stupid decision to shift it here.

So many floors and nothing for men 🙄",a year ago
Khaadi Experience Square,"Y Block, Round Comm. Market, Sector Y DHA Phase 3, Lahore, Punjab 54792, Pakistan",(042) 37186076,http://pk.khaadi.com/,"Monday: 11:00 AM – 10:00 PM, Tuesday: 11:00 AM – 10:00 PM, Wednesday: 11:00 AM – 10:00 PM, Thursday: 11:00 AM – 10:00 PM, Friday: 11:00 AM – 10:00 PM, Saturday: 11:00 AM – 10:00 PM, Sunday: 2:00 – 10:00 PM",Mehwish malik,5,"What a massive and complete store 💗
I loved my time over there . Shopped a lot .
Especially thx to Mr.Zeeshan, the gift corner sales person he was so sweet and kind.
Khaadi provides wheel chair for aged ppl and that's a plus plus plus and Mr Zeeshan took care of my mom's shopping, taking her to every display on wheel chair.
Kindness matters.
I am so happy for my Khaadi experience 💓",a year ago
Khaadi Experience Square,"Y Block, Round Comm. Market, Sector Y DHA Phase 3, Lahore, Punjab 54792, Pakistan",(042) 37186076,http://pk.khaadi.com/,"Monday: 11:00 AM – 10:00 PM, Tuesday: 11:00 AM – 10:00 PM, Wednesday: 11:00 AM – 10:00 PM, Thursday: 11:00 AM – 10:00 PM, Friday: 11:00 AM – 10:00 PM, Saturday: 11:00 AM – 10:00 PM, Sunday: 2:00 – 10:00 PM",Naeem Fraz,4,Khaadi Y-block is still a calm outlet than those of at Emoiroum as well as in Packages Malls,6 months ago
Khaadi Experience Square,"Y Block, Round Comm. Market, Sector Y DHA Phase 3, Lahore, Punjab 54792, Pakistan",(042) 37186076,http://pk.khaadi.com/,"Monday: 11:00 AM – 10:00 PM, Tuesday: 11:00 AM – 10:00 PM, Wednesday: 11:00 AM – 10:00 PM, Thursday: 11:00 AM – 10:00 PM, Friday: 11:00 AM – 10:00 PM, Saturday: 11:00 AM – 10:00 PM, Sunday: 2:00 – 10:00 PM",Sikander Minhas,5,"Beautiful store, helpful staff and excellent variety of clothes and accompaniments",a month ago
Khaadi,"F-10 Markaz F 10/3 F-10, Islamabad, Islamabad Capital Territory, Pakistan",(051) 2809627,http://pk.khaadi.com/,"Monday: 11:00 AM – 11:00 PM, Tuesday: 11:00 AM – 11:00 PM, Wednesday: 11:00 AM – 11:00 PM, Thursday: 11:00 AM – 11:00 PM, Friday: 11:00 AM – 11:00 PM, Saturday: 11:00 AM – 11:00 PM, Sunday: 12:00 – 11:00 PM",Atee,5,"Ladies favorite place for stitch and unstitched cloths, jewelry, glasses, bags and perfume available. Nice decor. Good and trained staff. Discounts are available through out the year on specific products.
Called them for gift cards.
Having only 100 RS charges.
Can load any amount
Can get the card at any nearest shop.
If balance is zero then card will be closed.",8 months ago
Khaadi,"F-10 Markaz F 10/3 F-10, Islamabad, Islamabad Capital Territory, Pakistan",(051) 2809627,http://pk.khaadi.com/,"Monday: 11:00 AM – 11:00 PM, Tuesday: 11:00 AM – 11:00 PM, Wednesday: 11:00 AM – 11:00 PM, Thursday: 11:00 AM – 11:00 PM, Friday: 11:00 AM – 11:00 PM, Saturday: 11:00 AM – 11:00 PM, Sunday: 12:00 – 11:00 PM",Umer Ayub,4,"This is the biggest branches of Khaadi in Islamabad ..
They have relocated from a near by old place to here.
Huge setup and beautiful entrance,
Ample parking and so many of varieties.
it's winter clearance sale so place is a bit crowded.
Very good services and trained staff. Staff seems little lazy",a year ago
Khaadi,"F-10 Markaz F 10/3 F-10, Islamabad, Islamabad Capital Territory, Pakistan",(051) 2809627,http://pk.khaadi.com/,"Monday: 11:00 AM – 11:00 PM, Tuesday: 11:00 AM – 11:00 PM, Wednesday: 11:00 AM – 11:00 PM, Thursday: 11:00 AM – 11:00 PM, Friday: 11:00 AM – 11:00 PM, Saturday: 11:00 AM – 11:00 PM, Sunday: 12:00 – 11:00 PM",Maria Munir,1,"Recently visited the store, the sale person’s were fully not interested in selling anything and I purchased a dress they were asking each other for the dress piles and ended up giving me the wrong dress. I was in hurry and trusted them that they gave me what has been asked. It was the worst experience.",4 months ago
Khaadi,"F-10 Markaz F 10/3 F-10, Islamabad, Islamabad Capital Territory, Pakistan",(051) 2809627,http://pk.khaadi.com/,"Monday: 11:00 AM – 11:00 PM, Tuesday: 11:00 AM – 11:00 PM, Wednesday: 11:00 AM – 11:00 PM, Thursday: 11:00 AM – 11:00 PM, Friday: 11:00 AM – 11:00 PM, Saturday: 11:00 AM – 11:00 PM, Sunday: 12:00 – 11:00 PM",Kaikaus Kiani,5,"A nice outlet, not over crowded. Staff is at best to serve the customer and are friendly.
Availbility of items is a bit problem if you just visit online and trying to get it over there or any outlet. Staff is friendly and are there to help you.",a year ago
Khaadi,"F-10 Markaz F 10/3 F-10, Islamabad, Islamabad Capital Territory, Pakistan",(051) 2809627,http://pk.khaadi.com/,"Monday: 11:00 AM – 11:00 PM, Tuesday: 11:00 AM – 11:00 PM, Wednesday: 11:00 AM – 11:00 PM, Thursday: 11:00 AM – 11:00 PM, Friday: 11:00 AM – 11:00 PM, Saturday: 11:00 AM – 11:00 PM, Sunday: 12:00 – 11:00 PM",Waqar Haider,5,Good layout of store with essentially all the variety of products. Khaadi is doing a great job with trendy traditional fashion.,5 months ago
Khaadi The Designer Collection,"Studio No. 21/23, 1, Jwalaheri Village, Paschim Vihar, Delhi, 110063, India",099907 07666,N/A,"Monday: 10:00 AM – 9:00 PM, Tuesday: 10:00 AM – 9:00 PM, Wednesday: 10:00 AM – 9:00 PM, Thursday: 10:00 AM – 9:00 PM, Friday: 10:00 AM – 9:00 PM, Saturday: 10:00 AM – 9:00 PM, Sunday: 10:00 AM – 9:00 PM",Shikha Narang,1,Really a pathetic place.....silly people they don't know how to work .....nd not even ready to admit her mistake.....if someone really want to ruin their clothes then this is the place....really a bitter experience,2 years ago
Khaadi The Designer Collection,"Studio No. 21/23, 1, Jwalaheri Village, Paschim Vihar, Delhi, 110063, India",099907 07666,N/A,"Monday: 10:00 AM – 9:00 PM, Tuesday: 10:00 AM – 9:00 PM, Wednesday: 10:00 AM – 9:00 PM, Thursday: 10:00 AM – 9:00 PM, Friday: 10:00 AM – 9:00 PM, Saturday: 10:00 AM – 9:00 PM, Sunday: 10:00 AM – 9:00 PM",Zeba Tabassum,5,I really liked the collection in the store and the material sent to me was fabulous.,2 years ago
Khaadi The Designer Collection,"Studio No. 21/23, 1, Jwalaheri Village, Paschim Vihar, Delhi, 110063, India",099907 07666,N/A,"Monday: 10:00 AM – 9:00 PM, Tuesday: 10:00 AM – 9:00 PM, Wednesday: 10:00 AM – 9:00 PM, Thursday: 10:00 AM – 9:00 PM, Friday: 10:00 AM – 9:00 PM, Saturday: 10:00 AM – 9:00 PM, Sunday: 10:00 AM – 9:00 PM",Ujval Aggarwal,1,To buy worst clothes this store,3 years ago
Khaadi The Designer Collection,"Studio No. 21/23, 1, Jwalaheri Village, Paschim Vihar, Delhi, 110063, India",099907 07666,N/A,"Monday: 10:00 AM – 9:00 PM, Tuesday: 10:00 AM – 9:00 PM, Wednesday: 10:00 AM – 9:00 PM, Thursday: 10:00 AM – 9:00 PM, Friday: 10:00 AM – 9:00 PM, Saturday: 10:00 AM – 9:00 PM, Sunday: 10:00 AM – 9:00 PM",Shivanjali Singh,5,,2 years ago
Khaadi The Designer Collection,"Studio No. 21/23, 1, Jwalaheri Village, Paschim Vihar, Delhi, 110063, India",099907 07666,N/A,"Monday: 10:00 AM – 9:00 PM, Tuesday: 10:00 AM – 9:00 PM, Wednesday: 10:00 AM – 9:00 PM, Thursday: 10:00 AM – 9:00 PM, Friday: 10:00 AM – 9:00 PM, Saturday: 10:00 AM – 9:00 PM, Sunday: 10:00 AM – 9:00 PM",nick clair,5,,3 years ago
Khaadi,"Plot no. 75, Bahadur Yar Jhang Cooperative Housing Society Bahadurabad, Sindh، Bahadurabad Bahadur Yar Jang CHS, Karachi, Karachi City, Sindh 75500, Pakistan",(021) 34920788,http://pk.khaadi.com/,"Monday: 11:00 AM – 8:00 PM, Tuesday: 11:00 AM – 8:00 PM, Wednesday: 11:00 AM – 8:00 PM, Thursday: 11:00 AM – 8:00 PM, Friday: 11:00 AM – 8:00 PM, Saturday: 11:00 AM – 8:00 PM, Sunday: 11:00 AM – 8:00 PM",Tabish Shahid,4,Best place for womens appreal collection,4 months ago
Khaadi,"Plot no. 75, Bahadur Yar Jhang Cooperative Housing Society Bahadurabad, Sindh، Bahadurabad Bahadur Yar Jang CHS, Karachi, Karachi City, Sindh 75500, Pakistan",(021) 34920788,http://pk.khaadi.com/,"Monday: 11:00 AM – 8:00 PM, Tuesday: 11:00 AM – 8:00 PM, Wednesday: 11:00 AM – 8:00 PM, Thursday: 11:00 AM – 8:00 PM, Friday: 11:00 AM – 8:00 PM, Saturday: 11:00 AM – 8:00 PM, Sunday: 11:00 AM – 8:00 PM",SANA ASIF,4,Wide variety of apparels can be found both formal nand casual..khaadi perfumes and jewellery are also nice. The kids clothing is very stylish and colourful but little expensive. Really impressed by the fabric quality n creative designs. Worth a visit.,5 years ago
Khaadi,"Plot no. 75, Bahadur Yar Jhang Cooperative Housing Society Bahadurabad, Sindh، Bahadurabad Bahadur Yar Jang CHS, Karachi, Karachi City, Sindh 75500, Pakistan",(021) 34920788,http://pk.khaadi.com/,"Monday: 11:00 AM – 8:00 PM, Tuesday: 11:00 AM – 8:00 PM, Wednesday: 11:00 AM – 8:00 PM, Thursday: 11:00 AM – 8:00 PM, Friday: 11:00 AM – 8:00 PM, Saturday: 11:00 AM – 8:00 PM, Sunday: 11:00 AM – 8:00 PM",M. Inayat,5,Khaadi is a clothing store and very attractive in ladies. It's staff  is very helpful and cooperative. Here are parking problems although they have a space but it is not enough. This area is full of markets and clothing shops. It is a safe area and mostly meddle standards  community population comes for shopping.,5 years ago
Khaadi,"Plot no. 75, Bahadur Yar Jhang Cooperative Housing Society Bahadurabad, Sindh، Bahadurabad Bahadur Yar Jang CHS, Karachi, Karachi City, Sindh 75500, Pakistan",(021) 34920788,http://pk.khaadi.com/,"Monday: 11:00 AM – 8:00 PM, Tuesday: 11:00 AM – 8:00 PM, Wednesday: 11:00 AM – 8:00 PM, Thursday: 11:00 AM – 8:00 PM, Friday: 11:00 AM – 8:00 PM, Saturday: 11:00 AM – 8:00 PM, Sunday: 11:00 AM – 8:00 PM",Salman Qadir,4,It is a huge brand with the marvelous collection of the clothing line. One of the biggest name in Pakistan with more than 30 outlets. Expensive but worth it☺👍. Location of the stores and environment is great with good service. They should do sales promotions as well so everybody can buy something from them I am sure they can do it.,6 years ago
Khaadi,"Plot no. 75, Bahadur Yar Jhang Cooperative Housing Society Bahadurabad, Sindh، Bahadurabad Bahadur Yar Jang CHS, Karachi, Karachi City, Sindh 75500, Pakistan",(021) 34920788,http://pk.khaadi.com/,"Monday: 11:00 AM – 8:00 PM, Tuesday: 11:00 AM – 8:00 PM, Wednesday: 11:00 AM – 8:00 PM, Thursday: 11:00 AM – 8:00 PM, Friday: 11:00 AM – 8:00 PM, Saturday: 11:00 AM – 8:00 PM, Sunday: 11:00 AM – 8:00 PM",Rose,5,"Khaadi's outlets are always coming to home but this branch specially give a warm ,homely feeling I don't know why. It has a great variety ,is at the centre of main market and can easily be spotted. The staff is very cooperative but older people may feel the need of lift as it is designed old way and has stairs.",5 years ago
Khadi Gramodyog Bhavan - Mount Road,"844, Anna Salai Service Lane, Mount Road, Anna Salai, Triplicane, Mount Road, Chintadripet, Chennai, Tamil Nadu 600002, India",044 2858 4312,http://www.khadigramodyogbhavan.com/,"Monday: 10:00 AM – 8:00 PM, Tuesday: 10:00 AM – 8:00 PM, Wednesday: 10:00 AM – 8:00 PM, Thursday: 10:00 AM – 8:00 PM, Friday: 10:00 AM – 8:00 PM, Saturday: 10:00 AM – 8:00 PM, Sunday: 10:00 AM – 6:30 PM",Rohit Ragav,5,"Khadi is a hand-spun and hand-woven fabric from the Indin Government..
We can also find Khadi Bhavan, a kind of super Market where we can buy Grocery shopping items in best Quality..
Another reason why khadi is not popular amongst youngsters is because it falls in the slightly expensive range but the Quality is Outstanding...",3 months ago
Khadi Gramodyog Bhavan - Mount Road,"844, Anna Salai Service Lane, Mount Road, Anna Salai, Triplicane, Mount Road, Chintadripet, Chennai, Tamil Nadu 600002, India",044 2858 4312,http://www.khadigramodyogbhavan.com/,"Monday: 10:00 AM – 8:00 PM, Tuesday: 10:00 AM – 8:00 PM, Wednesday: 10:00 AM – 8:00 PM, Thursday: 10:00 AM – 8:00 PM, Friday: 10:00 AM – 8:00 PM, Saturday: 10:00 AM – 8:00 PM, Sunday: 10:00 AM – 6:30 PM",Anita Rajagopal,5,Excellent collection of panchaloham idols with beautiful features. Very friendly and efficient staffs too.,3 months ago
Khadi Gramodyog Bhavan - Mount Road,"844, Anna Salai Service Lane, Mount Road, Anna Salai, Triplicane, Mount Road, Chintadripet, Chennai, Tamil Nadu 600002, India",044 2858 4312,http://www.khadigramodyogbhavan.com/,"Monday: 10:00 AM – 8:00 PM, Tuesday: 10:00 AM – 8:00 PM, Wednesday: 10:00 AM – 8:00 PM, Thursday: 10:00 AM – 8:00 PM, Friday: 10:00 AM – 8:00 PM, Saturday: 10:00 AM – 8:00 PM, Sunday: 10:00 AM – 6:30 PM",Mohamed Ariff,5,"I was amazed at the transformation of Khadi store. In the '80s the only store that I knew existed was in Pookadai. I used to buy honey in thick glass bottles(not presentable). There was then a reputation that Khadi honey is pure and harvested from farmers. In the next years, after the '90s, I could not buy from Khadi as I live in Singapore. However in my recent trip last week, after trying many different brands of honey, I decided to buy again from Khadi hoping that they live up to the past reputation of selling pure honey.
I was amazed that they had such a vast variety of products, and homegrown groceries too!
I wish them success and hope they continue to expand nearer to the consumer.",a month ago
Khadi Gramodyog Bhavan - Mount Road,"844, Anna Salai Service Lane, Mount Road, Anna Salai, Triplicane, Mount Road, Chintadripet, Chennai, Tamil Nadu 600002, India",044 2858 4312,http://www.khadigramodyogbhavan.com/,"Monday: 10:00 AM – 8:00 PM, Tuesday: 10:00 AM – 8:00 PM, Wednesday: 10:00 AM – 8:00 PM, Thursday: 10:00 AM – 8:00 PM, Friday: 10:00 AM – 8:00 PM, Saturday: 10:00 AM – 8:00 PM, Sunday: 10:00 AM – 6:30 PM",Rakesh Roshan,3,"Prices are high

Khadi was created for poor and every man's life, but even a soap is sold at 90₹

Few products like snacks have had expiry froo more than 3 days - Best part manager and delivery person checks before delivery ☺️👍🏼

2024 sept",a month ago
Khadi Gramodyog Bhavan - Mount Road,"844, Anna Salai Service Lane, Mount Road, Anna Salai, Triplicane, Mount Road, Chintadripet, Chennai, Tamil Nadu 600002, India",044 2858 4312,http://www.khadigramodyogbhavan.com/,"Monday: 10:00 AM – 8:00 PM, Tuesday: 10:00 AM – 8:00 PM, Wednesday: 10:00 AM – 8:00 PM, Thursday: 10:00 AM – 8:00 PM, Friday: 10:00 AM – 8:00 PM, Saturday: 10:00 AM – 8:00 PM, Sunday: 10:00 AM – 6:30 PM",Vijayakumar Jayabal,3,"Good government showroom placed exactly on the main road Anna salai. I have visited their self service  Supermarket. Great quality products starting from organic snacks to provisional items to soaps to Nilgiris ucliptus tea  , natural honey, oththukuli ghee..wow lots of great quality products & varities which we can't miss out. Majority doesn't know this place because of show room appeal. Show room looks like 19th century place. Not sure why nobody putting effort to improve this aesthetically.
Coming to billing, typical government staffs & demotivated employees. Only one counter and there is a big queue. After billing, you have to step out for cashier (luckily , fortunately, they are accepting cards) then you have to show the slip to delivery counter to collect your items.
They could have brought several items into Online selling to avoid this crowd. Also, they should provide contactless payment like UPI bar code etc which is now a days street side vendor is doing..
Very importantly, govt should encourage all employees to buy home stuffs from here by providing coupons, gift card etc. This way, all these kadhi bhavan can become more profitable and make touch completion against all private players.
Most importantly, put young energetic staffs atleast in Supermarket/cashier section to appease customers. Current staffs still think they are the customers and we are the devotees . This attitude should change.
Considering the product quality & supporting our  own farmers & weavers , request to purchase here more often though we have above constraints..",2 years ago
Khaadi,"Main Girls College Rd, Fateh Sher Colony, Sahiwal, Sahiwal District, Punjab, Pakistan",(040) 4222075,http://pk.khaadi.com/,"Monday: 11:00 AM – 11:00 PM, Tuesday: 11:00 AM – 11:00 PM, Wednesday: 11:00 AM – 11:30 PM, Thursday: 11:00 AM – 11:00 PM, Friday: 11:00 AM – 11:00 PM, Saturday: 11:00 AM – 11:00 PM, Sunday: 11:00 AM – 11:00 PM",Arslah Chaudary,5,"In stores there is less stock than online. So I prefer to shop from their online store and it is awesome. Their prices, fabric, prints, stitching everything is outclassed. Loved it!!",10 months ago
Khaadi,"Main Girls College Rd, Fateh Sher Colony, Sahiwal, Sahiwal District, Punjab, Pakistan",(040) 4222075,http://pk.khaadi.com/,"Monday: 11:00 AM – 11:00 PM, Tuesday: 11:00 AM – 11:00 PM, Wednesday: 11:00 AM – 11:30 PM, Thursday: 11:00 AM – 11:00 PM, Friday: 11:00 AM – 11:00 PM, Saturday: 11:00 AM – 11:00 PM, Sunday: 11:00 AM – 11:00 PM",hamnah jr,5,why khaadi is permanently closed in sahiwal city???,2 months ago
Khaadi,"Main Girls College Rd, Fateh Sher Colony, Sahiwal, Sahiwal District, Punjab, Pakistan",(040) 4222075,http://pk.khaadi.com/,"Monday: 11:00 AM – 11:00 PM, Tuesday: 11:00 AM – 11:00 PM, Wednesday: 11:00 AM – 11:30 PM, Thursday: 11:00 AM – 11:00 PM, Friday: 11:00 AM – 11:00 PM, Saturday: 11:00 AM – 11:00 PM, Sunday: 11:00 AM – 11:00 PM",Tanveer Hussain,3,I'm Tanveer Hussain from Depalpur,a month ago
Khaadi,"Main Girls College Rd, Fateh Sher Colony, Sahiwal, Sahiwal District, Punjab, Pakistan",(040) 4222075,http://pk.khaadi.com/,"Monday: 11:00 AM – 11:00 PM, Tuesday: 11:00 AM – 11:00 PM, Wednesday: 11:00 AM – 11:30 PM, Thursday: 11:00 AM – 11:00 PM, Friday: 11:00 AM – 11:00 PM, Saturday: 11:00 AM – 11:00 PM, Sunday: 11:00 AM – 11:00 PM",M SOHAIL Ghani Ferozi,5,good clothing store,8 months ago
Khaadi,"Main Girls College Rd, Fateh Sher Colony, Sahiwal, Sahiwal District, Punjab, Pakistan",(040) 4222075,http://pk.khaadi.com/,"Monday: 11:00 AM – 11:00 PM, Tuesday: 11:00 AM – 11:00 PM, Wednesday: 11:00 AM – 11:30 PM, Thursday: 11:00 AM – 11:00 PM, Friday: 11:00 AM – 11:00 PM, Saturday: 11:00 AM – 11:00 PM, Sunday: 11:00 AM – 11:00 PM",M Saad Jamil,5,It's a good place to buy clothes in Sahiwal for women,a year ago
Khaadi,"Khaadi, C4QJ+3VP Galleria, Arqam St, Saeed Colony Nasar Ullah Khan Town, Faisalabad, Punjab, Pakistan",N/A,N/A,,Ahsan Zafar,5,👌,a year ago
Khaadi,"Khaadi, C4QJ+3VP Galleria, Arqam St, Saeed Colony Nasar Ullah Khan Town, Faisalabad, Punjab, Pakistan",N/A,N/A,,Kamran Ghouri,5,👍👍,11 months ago
Khaadi,"Khaadi, C4QJ+3VP Galleria, Arqam St, Saeed Colony Nasar Ullah Khan Town, Faisalabad, Punjab, Pakistan",N/A,N/A,,Imran Aslam,5,,6 months ago
Khaadi,"Khaadi, C4QJ+3VP Galleria, Arqam St, Saeed Colony Nasar Ullah Khan Town, Faisalabad, Punjab, Pakistan",N/A,N/A,,Naeem Akhtar,4,,8 months ago
Khaadi,"Khaadi, C4QJ+3VP Galleria, Arqam St, Saeed Colony Nasar Ullah Khan Town, Faisalabad, Punjab, Pakistan",N/A,N/A,,zunair azhar,5,,a year ago
Khaadi,"5th Road Commercial Market Rd, D Block Block D Satellite Town, Rawalpindi, Punjab 43600, Pakistan",(051) 4850450,http://pk.khaadi.com/,"Monday: 11:00 AM – 11:00 PM, Tuesday: 11:00 AM – 11:00 PM, Wednesday: 11:00 AM – 11:00 PM, Thursday: 11:00 AM – 11:00 PM, Friday: 11:00 AM – 11:00 PM, Saturday: 11:00 AM – 11:00 PM, Sunday: 11:00 AM – 11:00 PM",Ayesha Mustafa,5,Beautifully designed outlet. Love the ambiance of the space. Very spacious as well.,a year ago
Khaadi,"5th Road Commercial Market Rd, D Block Block D Satellite Town, Rawalpindi, Punjab 43600, Pakistan",(051) 4850450,http://pk.khaadi.com/,"Monday: 11:00 AM – 11:00 PM, Tuesday: 11:00 AM – 11:00 PM, Wednesday: 11:00 AM – 11:00 PM, Thursday: 11:00 AM – 11:00 PM, Friday: 11:00 AM – 11:00 PM, Saturday: 11:00 AM – 11:00 PM, Sunday: 11:00 AM – 11:00 PM",Abdur Rehman,5,Best place for shopping 🛍️,5 months ago
Khaadi,"5th Road Commercial Market Rd, D Block Block D Satellite Town, Rawalpindi, Punjab 43600, Pakistan",(051) 4850450,http://pk.khaadi.com/,"Monday: 11:00 AM – 11:00 PM, Tuesday: 11:00 AM – 11:00 PM, Wednesday: 11:00 AM – 11:00 PM, Thursday: 11:00 AM – 11:00 PM, Friday: 11:00 AM – 11:00 PM, Saturday: 11:00 AM – 11:00 PM, Sunday: 11:00 AM – 11:00 PM",Abdul Sattar,5,Beautiful article are available here. New arrival also available here.,2 years ago
Khaadi,"5th Road Commercial Market Rd, D Block Block D Satellite Town, Rawalpindi, Punjab 43600, Pakistan",(051) 4850450,http://pk.khaadi.com/,"Monday: 11:00 AM – 11:00 PM, Tuesday: 11:00 AM – 11:00 PM, Wednesday: 11:00 AM – 11:00 PM, Thursday: 11:00 AM – 11:00 PM, Friday: 11:00 AM – 11:00 PM, Saturday: 11:00 AM – 11:00 PM, Sunday: 11:00 AM – 11:00 PM",farheen shafiq,5,Shop is over crowded. Service is awesome. Staff is well trained. No waiting at till. More space needed to entertain more customers. Place become easily suffocating due to excessive crowding. Stuff is awesome. Prices are a bit high. Khaadi Fragrances are worth trying. A must have for every trendy girls or woman. Thumbs up for awesome stuff and seevices.,a year ago
Khaadi,"5th Road Commercial Market Rd, D Block Block D Satellite Town, Rawalpindi, Punjab 43600, Pakistan",(051) 4850450,http://pk.khaadi.com/,"Monday: 11:00 AM – 11:00 PM, Tuesday: 11:00 AM – 11:00 PM, Wednesday: 11:00 AM – 11:00 PM, Thursday: 11:00 AM – 11:00 PM, Friday: 11:00 AM – 11:00 PM, Saturday: 11:00 AM – 11:00 PM, Sunday: 11:00 AM – 11:00 PM",sania bukhari,4,"Khaadi is one of Pakistan's leading fashion & life- style brand. It offers wide range of kids,women & men's stitched, unstitched, ready to wear,bedding accessories, perfumes, shoes etc etc. I visited this store for plain fabrics, but I didn't get anything. They offering off on lawn suits i.e. ready to wear and unstitched. New winter collection is available, which is simple and elegant. Visit the store for more.",a year ago
Khaadi,"167, Gujrat Store, Al-Bashir Center, B-1 Katchery Rd, Anarkali Bazaar Gujrat, Lahore, Punjab 50700, Pakistan",(053) 3609863,http://pk.khaadi.com/,"Monday: 11:00 AM – 10:00 PM, Tuesday: 11:00 AM – 10:00 PM, Wednesday: 11:00 AM – 10:00 PM, Thursday: 11:00 AM – 10:00 PM, Friday: 2:00 – 10:00 PM, Saturday: 11:00 AM – 10:00 PM, Sunday: 11:00 AM – 10:00 PM",Arrchak Randhawa,4,"The clothes brand with stitched and unstitched clothing. Mostly women dress
a brand which is giving a Gujrat a touch of class .you feel apart
The environment is  customer friendly the sales staff is very cooperative.
The design are unique
The arrangement is superb
The atmosphere is customer friendly
But a little expensive as compared to the market",4 years ago
Khaadi,"167, Gujrat Store, Al-Bashir Center, B-1 Katchery Rd, Anarkali Bazaar Gujrat, Lahore, Punjab 50700, Pakistan",(053) 3609863,http://pk.khaadi.com/,"Monday: 11:00 AM – 10:00 PM, Tuesday: 11:00 AM – 10:00 PM, Wednesday: 11:00 AM – 10:00 PM, Thursday: 11:00 AM – 10:00 PM, Friday: 2:00 – 10:00 PM, Saturday: 11:00 AM – 10:00 PM, Sunday: 11:00 AM – 10:00 PM",Jaffary Syed,3,"Not much mens wear, staff seem to think they are smart. Good selection for women that's it  air conditioned store plenty range for women modest range fir men.",2 years ago
Khaadi,"167, Gujrat Store, Al-Bashir Center, B-1 Katchery Rd, Anarkali Bazaar Gujrat, Lahore, Punjab 50700, Pakistan",(053) 3609863,http://pk.khaadi.com/,"Monday: 11:00 AM – 10:00 PM, Tuesday: 11:00 AM – 10:00 PM, Wednesday: 11:00 AM – 10:00 PM, Thursday: 11:00 AM – 10:00 PM, Friday: 2:00 – 10:00 PM, Saturday: 11:00 AM – 10:00 PM, Sunday: 11:00 AM – 10:00 PM",Sađđam Khan,4,"very nice place to buy women unstitched dresses.
Best thing about price iz reasonable.
Khaddi Also have Sales just some time i think that time you can get dress at cheap rates ...
Staff iz also helpful ✅",2 years ago
Khaadi,"167, Gujrat Store, Al-Bashir Center, B-1 Katchery Rd, Anarkali Bazaar Gujrat, Lahore, Punjab 50700, Pakistan",(053) 3609863,http://pk.khaadi.com/,"Monday: 11:00 AM – 10:00 PM, Tuesday: 11:00 AM – 10:00 PM, Wednesday: 11:00 AM – 10:00 PM, Thursday: 11:00 AM – 10:00 PM, Friday: 2:00 – 10:00 PM, Saturday: 11:00 AM – 10:00 PM, Sunday: 11:00 AM – 10:00 PM",nadin rajput,5,Nice shop and the staff,2 months ago
Khaadi,"167, Gujrat Store, Al-Bashir Center, B-1 Katchery Rd, Anarkali Bazaar Gujrat, Lahore, Punjab 50700, Pakistan",(053) 3609863,http://pk.khaadi.com/,"Monday: 11:00 AM – 10:00 PM, Tuesday: 11:00 AM – 10:00 PM, Wednesday: 11:00 AM – 10:00 PM, Thursday: 11:00 AM – 10:00 PM, Friday: 2:00 – 10:00 PM, Saturday: 11:00 AM – 10:00 PM, Sunday: 11:00 AM – 10:00 PM",Aleem Ali,5,Best fabric best store wid reasonable price. I like it's stuff,2 years ago
Khaadi Dubai Mall,Unit FF - 231 - Financial Center Rd - Downtown Dubai - Dubai - United Arab Emirates,04 323 1688,http://www.khaadi.com/,"Monday: 10:00 AM – 11:00 PM, Tuesday: 10:00 AM – 11:00 PM, Wednesday: 10:00 AM – 11:00 PM, Thursday: 10:00 AM – 11:00 PM, Friday: 10:00 AM – 12:00 AM, Saturday: 10:00 AM – 12:00 AM, Sunday: 10:00 AM – 12:00 AM",Umer Habib,5,"I had an outstanding experience at the Khaadi store in Dubai Mall, thanks to an exceptional staff member, either named Bony or Johny. Unlike past visits, where I found the staff a bit reluctant to help, this young African gentleman was incredibly welcoming and knowledgeable. Despite being from a different culture (I believe he might be from Kenya), he spoke passionately about the brand and suggested items I hadn’t initially considered. His enthusiasm and friendliness made my shopping experience truly enjoyable. I even spoke to the manager, Mohammad, to commend him. Khaadi is lucky to have such a dedicated employee – he made my visit unforgettable!",3 weeks ago
Khaadi Dubai Mall,Unit FF - 231 - Financial Center Rd - Downtown Dubai - Dubai - United Arab Emirates,04 323 1688,http://www.khaadi.com/,"Monday: 10:00 AM – 11:00 PM, Tuesday: 10:00 AM – 11:00 PM, Wednesday: 10:00 AM – 11:00 PM, Thursday: 10:00 AM – 11:00 PM, Friday: 10:00 AM – 12:00 AM, Saturday: 10:00 AM – 12:00 AM, Sunday: 10:00 AM – 12:00 AM",Fiza Shahnaz,5,"I recently visited the Khaadi store at Dubai Mall with my wife for an exchange and to purchase some new items. We were assisted by a male staff member wearing a peach shirt and glasses, who appeared to be of Indian or Pakistani descent. His service was exceptional he went above and beyond our expectations, helping us find the right sizes and staying with us throughout our shopping journey.
We are regular customers at one of your Deira stores, but we have never experienced such outstanding service before. The level of attention and care we received was truly remarkable. Although there are only five stars available, I would give this store seven stars for customer service if I could. We look forward to returning to Dubai Mall Khaadi for future shopping trips.
Thank you for providing such a great experience!",a month ago
Khaadi Dubai Mall,Unit FF - 231 - Financial Center Rd - Downtown Dubai - Dubai - United Arab Emirates,04 323 1688,http://www.khaadi.com/,"Monday: 10:00 AM – 11:00 PM, Tuesday: 10:00 AM – 11:00 PM, Wednesday: 10:00 AM – 11:00 PM, Thursday: 10:00 AM – 11:00 PM, Friday: 10:00 AM – 12:00 AM, Saturday: 10:00 AM – 12:00 AM, Sunday: 10:00 AM – 12:00 AM",Wahid Raziullah,2,"A nice store and we shop here often, however I was not too happy about  that first have to stand in line for very long, and then once it was my turn, the cashier just invited the lady standing behind me instead, and that is somewhat a rude treatment. You should respect queues, the whole idea has been invented because of something, right? I didn't say anything because I didn't wanted to disrespect the lady who got ahead of me.",5 months ago
Khaadi Dubai Mall,Unit FF - 231 - Financial Center Rd - Downtown Dubai - Dubai - United Arab Emirates,04 323 1688,http://www.khaadi.com/,"Monday: 10:00 AM – 11:00 PM, Tuesday: 10:00 AM – 11:00 PM, Wednesday: 10:00 AM – 11:00 PM, Thursday: 10:00 AM – 11:00 PM, Friday: 10:00 AM – 12:00 AM, Saturday: 10:00 AM – 12:00 AM, Sunday: 10:00 AM – 12:00 AM",Ahsan Ali,5,"Good to see a big Pakistani brand in Dubai mall.
It is on the first floor infront of centrepoint, below Reel cinemas.

Good prices and great service.
Top quality clothes.
Highly recommended",a year ago
Khaadi Dubai Mall,Unit FF - 231 - Financial Center Rd - Downtown Dubai - Dubai - United Arab Emirates,04 323 1688,http://www.khaadi.com/,"Monday: 10:00 AM – 11:00 PM, Tuesday: 10:00 AM – 11:00 PM, Wednesday: 10:00 AM – 11:00 PM, Thursday: 10:00 AM – 11:00 PM, Friday: 10:00 AM – 12:00 AM, Saturday: 10:00 AM – 12:00 AM, Sunday: 10:00 AM – 12:00 AM",Rohit Garg,5,"Big showroom very many attractive women suites options, you wont go empty hands that for sure. Staff very helpful , depsite busy place they keep their smile and listen to each customer request. On lighter note, they are keeping huge seating area for men’s to sit and wait as their better half shopping.",6 months ago
Khaadi,"KDA Scheme #1 KDA Scheme 1, Karachi, Karachi City, Sindh, Pakistan",(021) 34531308,http://pk.khaadi.com/,"Monday: 11:00 AM – 10:00 PM, Tuesday: 11:00 AM – 10:00 PM, Wednesday: 11:00 AM – 10:00 PM, Thursday: 11:00 AM – 10:00 PM, Friday: 11:00 AM – 10:00 PM, Saturday: 11:00 AM – 10:00 PM, Sunday: 11:00 AM – 10:00 PM",Fawad S M,2,Unstitched limited collection. Good collection of stitched / ready to wear variety,2 years ago
Khaadi,"KDA Scheme #1 KDA Scheme 1, Karachi, Karachi City, Sindh, Pakistan",(021) 34531308,http://pk.khaadi.com/,"Monday: 11:00 AM – 10:00 PM, Tuesday: 11:00 AM – 10:00 PM, Wednesday: 11:00 AM – 10:00 PM, Thursday: 11:00 AM – 10:00 PM, Friday: 11:00 AM – 10:00 PM, Saturday: 11:00 AM – 10:00 PM, Sunday: 11:00 AM – 10:00 PM",Faryal Shaikh,1,Mismanaged outlet. Fashion adviaors have no knowlegee of inventory. they have no idea about sizes. Keep asking from one another. More focused towards catchhing new customers. Dont shop from this outlet.,a year ago
Khaadi,"KDA Scheme #1 KDA Scheme 1, Karachi, Karachi City, Sindh, Pakistan",(021) 34531308,http://pk.khaadi.com/,"Monday: 11:00 AM – 10:00 PM, Tuesday: 11:00 AM – 10:00 PM, Wednesday: 11:00 AM – 10:00 PM, Thursday: 11:00 AM – 10:00 PM, Friday: 11:00 AM – 10:00 PM, Saturday: 11:00 AM – 10:00 PM, Sunday: 11:00 AM – 10:00 PM",Abdullah Rajput,5,"They have parking facility but the management of the shops should also focus on providing valet services, however; the staff is quite friendly  and very active even during high traffic. They are very well trained and keeps the customer's attention intact.",5 years ago
Khaadi,"KDA Scheme #1 KDA Scheme 1, Karachi, Karachi City, Sindh, Pakistan",(021) 34531308,http://pk.khaadi.com/,"Monday: 11:00 AM – 10:00 PM, Tuesday: 11:00 AM – 10:00 PM, Wednesday: 11:00 AM – 10:00 PM, Thursday: 11:00 AM – 10:00 PM, Friday: 11:00 AM – 10:00 PM, Saturday: 11:00 AM – 10:00 PM, Sunday: 11:00 AM – 10:00 PM",Hafsa Jameel,5,Great atmosphere nice dresses & accessories.,7 months ago
Khaadi,"KDA Scheme #1 KDA Scheme 1, Karachi, Karachi City, Sindh, Pakistan",(021) 34531308,http://pk.khaadi.com/,"Monday: 11:00 AM – 10:00 PM, Tuesday: 11:00 AM – 10:00 PM, Wednesday: 11:00 AM – 10:00 PM, Thursday: 11:00 AM – 10:00 PM, Friday: 11:00 AM – 10:00 PM, Saturday: 11:00 AM – 10:00 PM, Sunday: 11:00 AM – 10:00 PM",Ikram Ansari,4,Popular place to get ready to wear (PRET) and un stitched women wears. You can find find trending suits and tees. Fabric quality is really outstanding as they are made on latest air jet looms. The store is strategically located in heart of KDA with accessible parking.,3 years ago
Khaadi,"H3HJ+P2W, Court Rd, opposite GOVT Elementary College، Muslimabad, Gujrat, Punjab 50700, Pakistan",(053) 3609862,http://www.khadi.com/,"Monday: 11:00 AM – 10:00 PM, Tuesday: 11:00 AM – 10:00 PM, Wednesday: 11:00 AM – 10:00 PM, Thursday: 11:00 AM – 10:00 PM, Friday: 3:00 – 10:00 PM, Saturday: 10:45 AM – 10:15 PM, Sunday: 11:00 AM – 10:00 PM",Experience learning,3,"It's a good quality brand in fabrics. At the end of season, sales discount is available.",a month ago
Khaadi,"H3HJ+P2W, Court Rd, opposite GOVT Elementary College، Muslimabad, Gujrat, Punjab 50700, Pakistan",(053) 3609862,http://www.khadi.com/,"Monday: 11:00 AM – 10:00 PM, Tuesday: 11:00 AM – 10:00 PM, Wednesday: 11:00 AM – 10:00 PM, Thursday: 11:00 AM – 10:00 PM, Friday: 3:00 – 10:00 PM, Saturday: 10:45 AM – 10:15 PM, Sunday: 11:00 AM – 10:00 PM",Saleh Muhammad Memon,5,The Khaadi Gujrat Shifted with a New location the new location is an same road but newly constructed big building with lovely atmosphere and architectural design.,5 years ago
Khaadi,"H3HJ+P2W, Court Rd, opposite GOVT Elementary College، Muslimabad, Gujrat, Punjab 50700, Pakistan",(053) 3609862,http://www.khadi.com/,"Monday: 11:00 AM – 10:00 PM, Tuesday: 11:00 AM – 10:00 PM, Wednesday: 11:00 AM – 10:00 PM, Thursday: 11:00 AM – 10:00 PM, Friday: 3:00 – 10:00 PM, Saturday: 10:45 AM – 10:15 PM, Sunday: 11:00 AM – 10:00 PM",Azeem Hassan,5,Good and clean environment,3 months ago
Khaadi,"H3HJ+P2W, Court Rd, opposite GOVT Elementary College، Muslimabad, Gujrat, Punjab 50700, Pakistan",(053) 3609862,http://www.khadi.com/,"Monday: 11:00 AM – 10:00 PM, Tuesday: 11:00 AM – 10:00 PM, Wednesday: 11:00 AM – 10:00 PM, Thursday: 11:00 AM – 10:00 PM, Friday: 3:00 – 10:00 PM, Saturday: 10:45 AM – 10:15 PM, Sunday: 11:00 AM – 10:00 PM",rimsha saleem,5,This place is amazing with super quality dresses and perfume type things ....,5 years ago
Khaadi,"H3HJ+P2W, Court Rd, opposite GOVT Elementary College، Muslimabad, Gujrat, Punjab 50700, Pakistan",(053) 3609862,http://www.khadi.com/,"Monday: 11:00 AM – 10:00 PM, Tuesday: 11:00 AM – 10:00 PM, Wednesday: 11:00 AM – 10:00 PM, Thursday: 11:00 AM – 10:00 PM, Friday: 3:00 – 10:00 PM, Saturday: 10:45 AM – 10:15 PM, Sunday: 11:00 AM – 10:00 PM",zaheer abbas,4,"Gujrat outlet, excellent atmosphere",9 months ago
Khaadi,"Lyallpur, Galleria, E Canal Rd, FAISLABAD, Faisalabad, Punjab 38000, Pakistan",(041) 5211850,https://pk.khaadi.com/,"Monday: 11:00 AM – 11:00 PM, Tuesday: 11:00 AM – 11:00 PM, Wednesday: 11:00 AM – 11:00 PM, Thursday: 11:00 AM – 11:00 PM, Friday: 11:00 AM – 12:00 AM, Saturday: 11:00 AM – 12:00 AM, Sunday: 11:00 AM – 11:00 PM",Reyan Jutt,5,Fabric of this brand is really amazing and according to choice,7 months ago
Khaadi Stores,"X5JQ+R74, 44th St, Nanganallur, Chennai, Tamil Nadu 600061, India",N/A,N/A,"Monday: 9:00 AM – 8:00 PM, Tuesday: 9:00 AM – 8:00 PM, Wednesday: 9:00 AM – 8:00 PM, Thursday: 9:00 AM – 8:00 PM, Friday: 9:00 AM – 8:00 PM, Saturday: 9:00 AM – 8:00 PM, Sunday: Closed",Srinivasan V,3,"Khaadi Bhavans r a chain of retail outlets run by Govt of India promoting hand made pure cotton clothing,bed sheets,cotton pillows,Dhotis,towels etc., besides condiments,eatables etc made by ruralfolk.Under the Atmanirbhar policy,the present Govt is popularising the products retailed thru these Khadi Bhavans.Some of their products like Dhotis,towels r quite popular. In this festive season of Navaratri,they r also selling Dolls made of clay.Display of dolls is a very popular n auspicious celebration in the south of India particularly in TN,Karnataka n Andhra states.",a year ago
Khaadi Stores,"X5JQ+R74, 44th St, Nanganallur, Chennai, Tamil Nadu 600061, India",N/A,N/A,"Monday: 9:00 AM – 8:00 PM, Tuesday: 9:00 AM – 8:00 PM, Wednesday: 9:00 AM – 8:00 PM, Thursday: 9:00 AM – 8:00 PM, Friday: 9:00 AM – 8:00 PM, Saturday: 9:00 AM – 8:00 PM, Sunday: Closed",Muthu kumar,5,Good,a year ago
Khaadi Stores,"X5JQ+R74, 44th St, Nanganallur, Chennai, Tamil Nadu 600061, India",N/A,N/A,"Monday: 9:00 AM – 8:00 PM, Tuesday: 9:00 AM – 8:00 PM, Wednesday: 9:00 AM – 8:00 PM, Thursday: 9:00 AM – 8:00 PM, Friday: 9:00 AM – 8:00 PM, Saturday: 9:00 AM – 8:00 PM, Sunday: Closed",Evanjelin Manoharan,5,Quality material. Excellent service.,a year ago
Campers' Corner Outdoor Outfitters,"75 Bukit Timah Rd, #01-01 Boon Siew Building, Singapore 229833",6337 4743,http://camperscorner.com.sg/,"Monday: 12:00 – 8:00 PM, Tuesday: 12:00 – 8:00 PM, Wednesday: 12:00 – 8:00 PM, Thursday: 12:00 – 8:00 PM, Friday: 12:00 – 8:00 PM, Saturday: 12:00 – 8:00 PM, Sunday: Closed",nasriquesz mohd,4,"I was here for Chaco hiking sandals. Two female staffs were very helpful, advising the right fit and showing sale items. One of them even helped to stitch the strap. I had a good experience here. Wish that the shop open earlier in the morning instead of 12pm. I hope someday CCOO will open a branch in Malaysia as well",2 months ago
Campers' Corner Outdoor Outfitters,"75 Bukit Timah Rd, #01-01 Boon Siew Building, Singapore 229833",6337 4743,http://camperscorner.com.sg/,"Monday: 12:00 – 8:00 PM, Tuesday: 12:00 – 8:00 PM, Wednesday: 12:00 – 8:00 PM, Thursday: 12:00 – 8:00 PM, Friday: 12:00 – 8:00 PM, Saturday: 12:00 – 8:00 PM, Sunday: Closed",Jian C,5,"Got great climbing shoes and climbing harnesses here; super convenient to try on both. They were really helpful in advising on sizing and different climbing shoe and harness types/needs etc. And they have a fantastic setup that allows you to actually try out the weight bearing qualities of their selection of climbing harness - you can sit in them while suspended to see how comfortable the fit is, which is super important. You can’t really know how you’re going to like a harness until you’re actually hanging in one to see how the shape and fit cuts into your body and molds to it/your weight. This shop also has a better selection of overall outdoor goods and equipment, more diverse than most of the other shops I’ve been to in SH",9 months ago
Campers' Corner Outdoor Outfitters,"75 Bukit Timah Rd, #01-01 Boon Siew Building, Singapore 229833",6337 4743,http://camperscorner.com.sg/,"Monday: 12:00 – 8:00 PM, Tuesday: 12:00 – 8:00 PM, Wednesday: 12:00 – 8:00 PM, Thursday: 12:00 – 8:00 PM, Friday: 12:00 – 8:00 PM, Saturday: 12:00 – 8:00 PM, Sunday: Closed",cindy khrime,5,"I went to a few shops looking for good hiking shoes and as nothing matched my needs, I was advised to visit Camper's Corner. What an incredible place. Lam may have changed my life with making me realize i've been using wrong sized hiking shoes for years! We spent a good hour, and despite my resistance, him and few others patiently worked with me to make the right choice. Same for the others that helped me chose the right fit pants, and to top it all off, the super welcoming owner Kelvin rounded off the experience with a chilled beer, great conversation and sharing of experiences with another cool older couple that had ended up in this lovely shop the same as I did.
This is how experiences should be. We love the outdoors and sharing experiences with like minded people. To find such a vibe in Singapore was the perfect ending before I left the country.

Thank you all at Campers Corner.",a month ago
Campers' Corner Outdoor Outfitters,"75 Bukit Timah Rd, #01-01 Boon Siew Building, Singapore 229833",6337 4743,http://camperscorner.com.sg/,"Monday: 12:00 – 8:00 PM, Tuesday: 12:00 – 8:00 PM, Wednesday: 12:00 – 8:00 PM, Thursday: 12:00 – 8:00 PM, Friday: 12:00 – 8:00 PM, Saturday: 12:00 – 8:00 PM, Sunday: Closed",Quang Minh Trần,5,"Super friendly, hospitable folks. Super fun to chat with them.
A great place for rock climbing/mountaineering and outdoor enthusiasts",2 months ago
Campers' Corner Outdoor Outfitters,"75 Bukit Timah Rd, #01-01 Boon Siew Building, Singapore 229833",6337 4743,http://camperscorner.com.sg/,"Monday: 12:00 – 8:00 PM, Tuesday: 12:00 – 8:00 PM, Wednesday: 12:00 – 8:00 PM, Thursday: 12:00 – 8:00 PM, Friday: 12:00 – 8:00 PM, Saturday: 12:00 – 8:00 PM, Sunday: Closed",Bryan Koh,5,"Exceptional service and great range of Arcteryx products - highly recommended!

The staff were incredibly friendly, knowledgeable, and hospitable! They took the time to provide advice on their products and helped me make an informed purchase decision!",a week ago
Mobile Outfitters Singapore,"23 Serangoon Central, #04-K3 NEX, Singapore 556083",N/A,http://www.moutfitters.sg/,"Monday: 11:00 AM – 9:00 PM, Tuesday: 11:00 AM – 9:00 PM, Wednesday: 11:00 AM – 9:00 PM, Thursday: 11:00 AM – 9:00 PM, Friday: 11:00 AM – 9:00 PM, Saturday: 11:00 AM – 9:00 PM, Sunday: 11:00 AM – 9:00 PM",Joe Lim,2,"Phone – Fold 3

The protector costs $75.90 for a phablet.

Bought and applied on 28 July 2022 (Thursday). Entire process is around an hour. Due to the application issues, there was a scratch on the screen protector. Resend on 29 July 2022 (Friday) for re-application. The entire process took over an hour.

During the second application, the staff handed back the phone to me for check, for which I assumed that the job was completed. After seeing some poor finishing, he than mentioned he was just showing me the phone to check. I was like “check what” if it was not completed. Why don’t you complete the job before letting me check the finishing?

After the second completion, still not satisfied with the application, I asked him if this was how the product is supposed to look after it is completed. He mentioned yes. After debating for a few rounds, he told me to go and write a Google review if I am still not satisfied. I was like wow, great way to speak to your customers. I said thank you and left. For clarity, I left because the staff told me that the application of the screen protector is as good as it gets so.

For your information, pictures were taken on 30 July 2022 (1 day after application). I let the pictures do the talking, cause for the price, expected the finishing to be much better. If this was $10 or $20, I can close one eye. But $75.90 for a screen protector is pricey and IMO, I expected a lot more.

Also, these pictures were taken one day after, so you can imagine how well the protectors hold.

I do see their staff genuinely trying to help, doing their best to rectify the issues, could have been a tad bit more apologetic though. But fundamentally speaking, I think that there is a product flaw as the protector does not apply smoothly across all the surfaces. This could be due to the phone curves edge but in this case, don’t sell for this model. If you are going to charge $75.90, the customer is going to expect more for the product.

The $10 lifetime warranty is not useful too. If the product is fundamentally flawed, no point giving lifetime warranty as it does not solve the product issue in the first place.

Your phone is also going to be very hot after application as they use a heat dryer for application.

Overall, not too great an experience, but guess this is as good as it is going to get. Almost 3 hours and $75.90 loss, let my loss be your gain. Customer service also does not make up for the entire experience. Skip the product, just go somewhere else.

2 out of 5 starts and do not recommend.

Above represents my own opinion only.",2 years ago
Mobile Outfitters Singapore,"23 Serangoon Central, #04-K3 NEX, Singapore 556083",N/A,http://www.moutfitters.sg/,"Monday: 11:00 AM – 9:00 PM, Tuesday: 11:00 AM – 9:00 PM, Wednesday: 11:00 AM – 9:00 PM, Thursday: 11:00 AM – 9:00 PM, Friday: 11:00 AM – 9:00 PM, Saturday: 11:00 AM – 9:00 PM, Sunday: 11:00 AM – 9:00 PM",Alexander Chen (How80sKidsPlay),1,"I'll let the photo do most of the talking. I'm not sure if it's a product or skill issue. I paid 75 for a fusion screen protector for my iPad Pro, and waited for almost an hour, with 2 attempts made to apply the film on my device.

When it was done, I asked if the wipe marks would go off. The person said yes, in a few hours, which I thought was fine and not uncommon anyway. And, I walked around the mall, went for my lunch and during my lunch, whipped out my iPad to see what was shown in the photo. It's not even wipe marks anymore, just bubbles. I mean, even film on my Samsung phone from other shop isn't of this quality.

This was when out of curiosity, I googled and read many of the similar poor reviews. I didn't even bother with the lifetime warranty anymore because I thought this film wasn't suitable for scribbling with an apple pencil too. So, I went ahead to iStudio on the 2nd level to change to tempered glass. That's of course, another hefty sum, but at least, worth spending as compared to this.",3 months ago
Mobile Outfitters Singapore,"23 Serangoon Central, #04-K3 NEX, Singapore 556083",N/A,http://www.moutfitters.sg/,"Monday: 11:00 AM – 9:00 PM, Tuesday: 11:00 AM – 9:00 PM, Wednesday: 11:00 AM – 9:00 PM, Thursday: 11:00 AM – 9:00 PM, Friday: 11:00 AM – 9:00 PM, Saturday: 11:00 AM – 9:00 PM, Sunday: 11:00 AM – 9:00 PM",Leow Ee Wen,2,"Got their 360 degree protection at 15 Feb 2023 which cost $129.90 (they consider my phone as phablet, so it is more expensive than usual phone), in less than 3 months of usage as you can see in the picture, the side and bottom protector started to fall off, even the front and back cover is collecting plenty amount of dusts at the edges.

And most importantly I noticed the protector itself is very sensitive to water, there is once my hand is slightly watery due to rain and one of the corner of the protector just fall off immediately after I touches my phone. At the end I have to 'repair' them myself by slowly pushing it back. So theoretically now my phone is splashproof, but my phone protector is not, lol. And they never mentioned this when I purchase at their counter

According to their life time warranty policy, I will have to pay $10 each time if I need to go back and ask them to readjust the protector. As a consumer I don't think it worth the money consider I only used it for less than 3 months.

Overall I think it is a good solution, the material is really good and tough like they declared, just it has some problems to resolve before you can put it into daily usage,

1. The protector is so easy to fall off from the edges since your hand touches it everyday
2. It is too sensitive to water

Hope they can come out something that can resolve the 2 issues mentioned above, and before that, I think you should consider other protector option in the market",a year ago
Mobile Outfitters Singapore,"23 Serangoon Central, #04-K3 NEX, Singapore 556083",N/A,http://www.moutfitters.sg/,"Monday: 11:00 AM – 9:00 PM, Tuesday: 11:00 AM – 9:00 PM, Wednesday: 11:00 AM – 9:00 PM, Thursday: 11:00 AM – 9:00 PM, Friday: 11:00 AM – 9:00 PM, Saturday: 11:00 AM – 9:00 PM, Sunday: 11:00 AM – 9:00 PM",Oskar G,1,"Don't waste your money.

Paid $69.90 for Fusion protector for iPhone 15 pro. First lots of spraying and adjusting, definitely not 30seconds installation. The cloth used to clean is dusty af. No wonder cannot clean.

After installing the screen is blurry. For $70 you might as well just go Apple Store install the Belkin one.",6 months ago
Mobile Outfitters Singapore,"23 Serangoon Central, #04-K3 NEX, Singapore 556083",N/A,http://www.moutfitters.sg/,"Monday: 11:00 AM – 9:00 PM, Tuesday: 11:00 AM – 9:00 PM, Wednesday: 11:00 AM – 9:00 PM, Thursday: 11:00 AM – 9:00 PM, Friday: 11:00 AM – 9:00 PM, Saturday: 11:00 AM – 9:00 PM, Sunday: 11:00 AM – 9:00 PM",Raaqib Ruslan,5,Passion is at the core of Bala’s professional ethos - He loves what he does and that is make his cutomer happy. I have visited him twice over at Bugis + and found out that the shop moved over to Nex and served by him yet again. Keeep up the good work!,3 months ago
Anglers’ Outfitter Pte Ltd,"BLK 13 North Bridge Rd, #01-3968, Singapore 190013",6294 7567,http://www.anglersoutfitter.com.sg/,"Monday: 10:00 AM – 6:30 PM, Tuesday: 10:00 AM – 6:30 PM, Wednesday: 10:00 AM – 6:30 PM, Thursday: 10:00 AM – 6:30 PM, Friday: 10:00 AM – 6:30 PM, Saturday: 10:00 AM – 6:30 PM, Sunday: Closed",Sean Goh,5,"Have patronize this tackle shop for many years since they were located at Haji Lane. They are considered one of the more established tackle shops in Singapore. This tackle shop carries wide variety of product for different types of fishing. Big Game, luring and boat fishing etc.

Owner was very friendly and approachable. He is very knowledgeable as well, approached him for recommendation of gears for a few trips.  One of the tackle shops that I would highly recommend in Singapore.",2 years ago
Anglers’ Outfitter Pte Ltd,"BLK 13 North Bridge Rd, #01-3968, Singapore 190013",6294 7567,http://www.anglersoutfitter.com.sg/,"Monday: 10:00 AM – 6:30 PM, Tuesday: 10:00 AM – 6:30 PM, Wednesday: 10:00 AM – 6:30 PM, Thursday: 10:00 AM – 6:30 PM, Friday: 10:00 AM – 6:30 PM, Saturday: 10:00 AM – 6:30 PM, Sunday: Closed",thomas tan,5,"Ben & Alvin. Dynamic duo. Very experienced fishermen. Carry a wide range of lures , rods, reels and accessories. Mainly top range stuffs but
It will be worth your costs and long lasting. They will advise you upon request on using the equipment or where to fish. Worth a trip there.",a year ago
Anglers’ Outfitter Pte Ltd,"BLK 13 North Bridge Rd, #01-3968, Singapore 190013",6294 7567,http://www.anglersoutfitter.com.sg/,"Monday: 10:00 AM – 6:30 PM, Tuesday: 10:00 AM – 6:30 PM, Wednesday: 10:00 AM – 6:30 PM, Thursday: 10:00 AM – 6:30 PM, Friday: 10:00 AM – 6:30 PM, Saturday: 10:00 AM – 6:30 PM, Sunday: Closed",Thomas Tan,5,"Ben & Alvin. Batman n Robin.
Great team that brings in lots of lures and tackles galore. Fm bottom to surface lures for sports Fishermen. Never ending excitement of lure wonders. And that are always ready to share their thots and expertise.",a year ago
Anglers’ Outfitter Pte Ltd,"BLK 13 North Bridge Rd, #01-3968, Singapore 190013",6294 7567,http://www.anglersoutfitter.com.sg/,"Monday: 10:00 AM – 6:30 PM, Tuesday: 10:00 AM – 6:30 PM, Wednesday: 10:00 AM – 6:30 PM, Thursday: 10:00 AM – 6:30 PM, Friday: 10:00 AM – 6:30 PM, Saturday: 10:00 AM – 6:30 PM, Sunday: Closed",Dennis Tong,4,"Nested in the central area with ample parking spaces around. One of the more popular fishing tackle shop in town.  They are the sole agent of Accurate reels in Singapore, a very famous and reliable made in USA brand.  The tackle shop also carries many other fishing accessories from lines, jigs, lures to apparels, etc, etc. The shop owner and staff are all very knowledgeable and friendly.  Most time, discounts will be given for all fishing accessories.",5 years ago
Anglers’ Outfitter Pte Ltd,"BLK 13 North Bridge Rd, #01-3968, Singapore 190013",6294 7567,http://www.anglersoutfitter.com.sg/,"Monday: 10:00 AM – 6:30 PM, Tuesday: 10:00 AM – 6:30 PM, Wednesday: 10:00 AM – 6:30 PM, Thursday: 10:00 AM – 6:30 PM, Friday: 10:00 AM – 6:30 PM, Saturday: 10:00 AM – 6:30 PM, Sunday: Closed",Thomas Tan,5,"Well, the team of Ben and Alvin is one of the house hold name in the fishing community.
Ben in repairs and the always ready to advise you Alvin. Store up with a wide range of popping and lures plus accessories.
Their wide knowledge of game fishing will encourage the young beginner as well as
Enhance the so call Pro to be more effective in their next trip. Preparations is the key to
Better fishing.
Carry on Panching..🐟🐟🐟",4 years ago
Adventure 21,"6 Eu Tong Sen St, #04-48 Clarke Quay Central, Singapore 059817",6535 0232,http://www.adventure21.com.sg/,"Monday: 11:30 AM – 8:30 PM, Tuesday: 11:30 AM – 8:30 PM, Wednesday: 11:30 AM – 8:30 PM, Thursday: 11:30 AM – 8:30 PM, Friday: 11:30 AM – 8:30 PM, Saturday: 11:30 AM – 8:30 PM, Sunday: 11:30 AM – 8:00 PM",khrhms,5,"Great store for all your hiking and adventure needs. Was looking for naglene bottle products and was impressed with the range of items they have. Friendly customer service too. Located at Central, level 3. Recommended if you’re looking for outdoor products!",a year ago
Adventure 21,"6 Eu Tong Sen St, #04-48 Clarke Quay Central, Singapore 059817",6535 0232,http://www.adventure21.com.sg/,"Monday: 11:30 AM – 8:30 PM, Tuesday: 11:30 AM – 8:30 PM, Wednesday: 11:30 AM – 8:30 PM, Thursday: 11:30 AM – 8:30 PM, Friday: 11:30 AM – 8:30 PM, Saturday: 11:30 AM – 8:30 PM, Sunday: 11:30 AM – 8:00 PM",Zen Birdie,1,Bought a pair of kailas hiking shoes from shoppee. Shoes broke within 2 months. Shop refused to acknowledge responsibility. I took the shoes to a professional repairer who told me that the glue had likely dried up due to long storage. Super irresponsible and dishonest merchant. I am glad their shop closed down but they r still selling at shoppee and lazada. Buyers beware. Buying a pair of defective hiking shoes can result in injuries and falls. Go to a reputable shop with higher turnover. Dont buy from this dishonest merchant.,2 months ago
Adventure 21,"6 Eu Tong Sen St, #04-48 Clarke Quay Central, Singapore 059817",6535 0232,http://www.adventure21.com.sg/,"Monday: 11:30 AM – 8:30 PM, Tuesday: 11:30 AM – 8:30 PM, Wednesday: 11:30 AM – 8:30 PM, Thursday: 11:30 AM – 8:30 PM, Friday: 11:30 AM – 8:30 PM, Saturday: 11:30 AM – 8:30 PM, Sunday: 11:30 AM – 8:00 PM",Jaylene Lim,5,BEST one-stop shop for all your hiking and adventure needs! 💯 Was looking for footwear and was super impressed with their service!,2 months ago
Adventure 21,"6 Eu Tong Sen St, #04-48 Clarke Quay Central, Singapore 059817",6535 0232,http://www.adventure21.com.sg/,"Monday: 11:30 AM – 8:30 PM, Tuesday: 11:30 AM – 8:30 PM, Wednesday: 11:30 AM – 8:30 PM, Thursday: 11:30 AM – 8:30 PM, Friday: 11:30 AM – 8:30 PM, Saturday: 11:30 AM – 8:30 PM, Sunday: 11:30 AM – 8:00 PM",xavier,1,"Bought their shoes and they spoiled within 2 months of using what kind of store is this, management say cannot do anything. I suggest not to buy anything from them",a month ago
Adventure 21,"6 Eu Tong Sen St, #04-48 Clarke Quay Central, Singapore 059817",6535 0232,http://www.adventure21.com.sg/,"Monday: 11:30 AM – 8:30 PM, Tuesday: 11:30 AM – 8:30 PM, Wednesday: 11:30 AM – 8:30 PM, Thursday: 11:30 AM – 8:30 PM, Friday: 11:30 AM – 8:30 PM, Saturday: 11:30 AM – 8:30 PM, Sunday: 11:30 AM – 8:00 PM",Ashmodaj,1,"Be aware, the advices are NOT very good...
Came to buy a windbreaker. Was proposed one on clearance, good deal they said 🤡
After using it a afternoon, the interior was falling into pieces and the stitching around the neck and for the pockets is gone...
They forgot to say me, it was a risk 😀 and that's why there was no warranty👍(they also forgot to say this 🤫).
So, to be clear, I bought their old rubbish. Don't be the next one...",2 years ago
The Studio Outfitters,"12 Arumugam Rd, #02-11, Singapore 409958",9688 0056,http://www.thestudiooutfitters.com/,"Monday: 11:00 AM – 6:30 PM, Tuesday: 11:00 AM – 6:30 PM, Wednesday: 11:00 AM – 6:30 PM, Thursday: 11:00 AM – 6:30 PM, Friday: 11:00 AM – 6:30 PM, Saturday: Closed, Sunday: Closed",Toh WeiJie,2,"Space was spacious. Equipment was well equipped. Staff are friendly but only one thing I am not happy with is their equipment.

Rental a studio from there few months back. Don't get cheated by their website. Their website indicated different type of backdrop that are available, but during the production itself, most of the backdrop can't be use. (its clients personal backdrop) ....

I wanted to use the thunder grey backdrop for my shoot, but they say can't be used as it client's backdrop. If I knew the thunder grey backdrop can't be used, I won't even book their studio.

Piece of advice: if the backdrop is not available and can't be used, please don't put it on your website. Call them before making your booking.",3 years ago
The Studio Outfitters,"12 Arumugam Rd, #02-11, Singapore 409958",9688 0056,http://www.thestudiooutfitters.com/,"Monday: 11:00 AM – 6:30 PM, Tuesday: 11:00 AM – 6:30 PM, Wednesday: 11:00 AM – 6:30 PM, Thursday: 11:00 AM – 6:30 PM, Friday: 11:00 AM – 6:30 PM, Saturday: Closed, Sunday: Closed",Dennis Lim,5,"Spacious, well-kept studio with a full range of equipment for rent and use. Booking can also be done easily online.",5 years ago
The Studio Outfitters,"12 Arumugam Rd, #02-11, Singapore 409958",9688 0056,http://www.thestudiooutfitters.com/,"Monday: 11:00 AM – 6:30 PM, Tuesday: 11:00 AM – 6:30 PM, Wednesday: 11:00 AM – 6:30 PM, Thursday: 11:00 AM – 6:30 PM, Friday: 11:00 AM – 6:30 PM, Saturday: Closed, Sunday: Closed",Gerald L,5,Great studio! Kenneth and Jimmy are always ready to help!!,7 years ago
The Studio Outfitters,"12 Arumugam Rd, #02-11, Singapore 409958",9688 0056,http://www.thestudiooutfitters.com/,"Monday: 11:00 AM – 6:30 PM, Tuesday: 11:00 AM – 6:30 PM, Wednesday: 11:00 AM – 6:30 PM, Thursday: 11:00 AM – 6:30 PM, Friday: 11:00 AM – 6:30 PM, Saturday: Closed, Sunday: Closed",Wang Teck Heng,5,One of my favorite studios,2 years ago
The Studio Outfitters,"12 Arumugam Rd, #02-11, Singapore 409958",9688 0056,http://www.thestudiooutfitters.com/,"Monday: 11:00 AM – 6:30 PM, Tuesday: 11:00 AM – 6:30 PM, Wednesday: 11:00 AM – 6:30 PM, Thursday: 11:00 AM – 6:30 PM, Friday: 11:00 AM – 6:30 PM, Saturday: Closed, Sunday: Closed",Abhay Rudresh,5,,4 years ago
Gear Fitters Pte. Ltd.,"464 Crawford Ln, #01-464, Singapore 190464",6515 9363,https://www.facebook.com/GearFittersSG/,"Monday: 5:00 – 9:30 PM, Tuesday: 1:30 – 9:30 PM, Wednesday: 1:30 – 9:30 PM, Thursday: 1:30 – 9:30 PM, Friday: 1:30 – 9:30 PM, Saturday: 11:30 AM – 7:30 PM, Sunday: 11:30 AM – 7:30 PM",Johnson Goh,5,"Friendly person Joanne makes my day. She helps to check stock availability and calls me back almost immediately. She also arrange for me to collect the bag within the next 1 hour as I need it urgently. Last but not least, she also sms me the office address and direction to get there. Thumbs up for excellent customer service.",4 years ago
Gear Fitters Pte. Ltd.,"464 Crawford Ln, #01-464, Singapore 190464",6515 9363,https://www.facebook.com/GearFittersSG/,"Monday: 5:00 – 9:30 PM, Tuesday: 1:30 – 9:30 PM, Wednesday: 1:30 – 9:30 PM, Thursday: 1:30 – 9:30 PM, Friday: 1:30 – 9:30 PM, Saturday: 11:30 AM – 7:30 PM, Sunday: 11:30 AM – 7:30 PM",Derek Q,5,,a year ago
Outdoor Life - Funan,"107 North Bridge Rd, #02-20 Funan, Singapore 179105",6970 5441,http://www.outdoorlife.com.sg/,"Monday: 10:00 AM – 10:00 PM, Tuesday: 10:00 AM – 10:00 PM, Wednesday: 10:00 AM – 10:00 PM, Thursday: 10:00 AM – 10:00 PM, Friday: 10:00 AM – 10:00 PM, Saturday: 10:00 AM – 10:00 PM, Sunday: 10:00 AM – 10:00 PM",Shir Ng,5,"Came here on 10/11 to get gear for a backpacking trip and had the nicest experience with a staff I’ve had in a while, though I didn’t manage to get his name. It’s not everyday that you meet one who knows their products well and is able to make appropriate suggestions that meet your needs, and yet give you suggestions to other shops if their offerings aren’t suitable. Makes a difference when the staff has personal experience and is clearly passionate about this lifestyle. AND super patient with me trying out stuff for close to an hour, checking back with me regularly despite needing to attend to multiple demands on the busy shop floor. Thanks for all the tips!",a week ago
Outdoor Life - Funan,"107 North Bridge Rd, #02-20 Funan, Singapore 179105",6970 5441,http://www.outdoorlife.com.sg/,"Monday: 10:00 AM – 10:00 PM, Tuesday: 10:00 AM – 10:00 PM, Wednesday: 10:00 AM – 10:00 PM, Thursday: 10:00 AM – 10:00 PM, Friday: 10:00 AM – 10:00 PM, Saturday: 10:00 AM – 10:00 PM, Sunday: 10:00 AM – 10:00 PM",Zoe Lin,2,"was there on a weekend, impressed with the size of the store and the variety of products. however, almost everything I wanted was out of my size, both shoes and clothing.

there were definitely sufficient sales assistants, handful were mostly idle (when the store was busy on a weekend afternoon), while the ones I approached weren't the most helpful... not a great shopping experience. can do with less sales assistants who are better/more productive.",4 months ago
Outdoor Life - Funan,"107 North Bridge Rd, #02-20 Funan, Singapore 179105",6970 5441,http://www.outdoorlife.com.sg/,"Monday: 10:00 AM – 10:00 PM, Tuesday: 10:00 AM – 10:00 PM, Wednesday: 10:00 AM – 10:00 PM, Thursday: 10:00 AM – 10:00 PM, Friday: 10:00 AM – 10:00 PM, Saturday: 10:00 AM – 10:00 PM, Sunday: 10:00 AM – 10:00 PM",Peter Hawkins,5,"We needed a whole range of gear for a forthcoming camping trip, and Outdoor Life provided both the range and more importantly the professional and service orientated mindset to make the experience a delight.  Special kudos to Khai who provided both his expert product knowledge, general experience and patience to our family.  He is a rare and special kind of outdoor retail expert with a strong sense of service who was fantastic!",3 months ago
Outdoor Life - Funan,"107 North Bridge Rd, #02-20 Funan, Singapore 179105",6970 5441,http://www.outdoorlife.com.sg/,"Monday: 10:00 AM – 10:00 PM, Tuesday: 10:00 AM – 10:00 PM, Wednesday: 10:00 AM – 10:00 PM, Thursday: 10:00 AM – 10:00 PM, Friday: 10:00 AM – 10:00 PM, Saturday: 10:00 AM – 10:00 PM, Sunday: 10:00 AM – 10:00 PM",Toby,1,"On 27 Sept between 7pm - 8pm I had an incredibly disappointing experience with one of the staff. I inquired about the availability of a shirt size(somewhere around the shoes section), and after taking the item, he abruptly turned around at the fitting room and told me it was out of stock. Zero effort to check at all. To make matters worse, before assisting me, he slammed his laptop shut in front of me, as if I was trying to sneak a look at it. This level of service is unacceptable. I sincerely hope karma catches up with this kind of behavior.",a month ago
Outdoor Life - Funan,"107 North Bridge Rd, #02-20 Funan, Singapore 179105",6970 5441,http://www.outdoorlife.com.sg/,"Monday: 10:00 AM – 10:00 PM, Tuesday: 10:00 AM – 10:00 PM, Wednesday: 10:00 AM – 10:00 PM, Thursday: 10:00 AM – 10:00 PM, Friday: 10:00 AM – 10:00 PM, Saturday: 10:00 AM – 10:00 PM, Sunday: 10:00 AM – 10:00 PM",Alvin Lui,5,"Was there on 18 Oct evening, and was attended by Saiful.
He was extremely patient, walked me through the various crampons and types of pants needed for a cold mountain climb/hike.
Bought crampons, pants, leather man tools, socks pants and more.

Stall has everything one needs for outdoor adventure, highly recommended!",a month ago
Outfitters,"Zarkoon Plaza, Adam Jee Rd, Saddar, Rawalpindi, Punjab 46000, Pakistan",(051) 5112625,https://outfitters.com.pk/pages/store-locations,"Monday: 11:00 AM – 11:00 PM, Tuesday: 11:00 AM – 11:00 PM, Wednesday: 11:00 AM – 11:00 PM, Thursday: 11:00 AM – 11:00 PM, Friday: 11:00 AM – 11:00 PM, Saturday: 11:00 AM – 11:00 PM, Sunday: 11:00 AM – 11:00 PM",Muhammad Yasir,4,"I really like the open space in the shop between displays
Also good prices on sale items and new arrivals on shirts
Trousers are expensive and it looks like they take shirt prices out of the trousers 😋😂",a year ago
Outfitters,"Zarkoon Plaza, Adam Jee Rd, Saddar, Rawalpindi, Punjab 46000, Pakistan",(051) 5112625,https://outfitters.com.pk/pages/store-locations,"Monday: 11:00 AM – 11:00 PM, Tuesday: 11:00 AM – 11:00 PM, Wednesday: 11:00 AM – 11:00 PM, Thursday: 11:00 AM – 11:00 PM, Friday: 11:00 AM – 11:00 PM, Saturday: 11:00 AM – 11:00 PM, Sunday: 11:00 AM – 11:00 PM",Najam Shah,3,"Shop is very good and designed professionally
i was looking for puffers and they were extremely expensive and the stuff and fabric wasn't that good
I didn't purchase a single item cos the prices are sky high 😭😞😭😞",11 months ago
Outfitters,"Zarkoon Plaza, Adam Jee Rd, Saddar, Rawalpindi, Punjab 46000, Pakistan",(051) 5112625,https://outfitters.com.pk/pages/store-locations,"Monday: 11:00 AM – 11:00 PM, Tuesday: 11:00 AM – 11:00 PM, Wednesday: 11:00 AM – 11:00 PM, Thursday: 11:00 AM – 11:00 PM, Friday: 11:00 AM – 11:00 PM, Saturday: 11:00 AM – 11:00 PM, Sunday: 11:00 AM – 11:00 PM",Hashim Shahid,3,"Edit: I'm giving it 3 stars now and this is beacuse of the salesmen who were quite unprofessional and they were laughing for no reason I don't know why I was with my mother and I questioned him about his behavior too but he said sorry. I'm quite disappointed. The clothes were excellent no doubt about it but please teach your staff some manners.
It deserves 5 stars. Excellent management, the shop itself is really clean and the staff on phone gives you every answer. Keep up the good work!",3 years ago
Outfitters,"Zarkoon Plaza, Adam Jee Rd, Saddar, Rawalpindi, Punjab 46000, Pakistan",(051) 5112625,https://outfitters.com.pk/pages/store-locations,"Monday: 11:00 AM – 11:00 PM, Tuesday: 11:00 AM – 11:00 PM, Wednesday: 11:00 AM – 11:00 PM, Thursday: 11:00 AM – 11:00 PM, Friday: 11:00 AM – 11:00 PM, Saturday: 11:00 AM – 11:00 PM, Sunday: 11:00 AM – 11:00 PM",Abdullah Rehman Butt,4,It was good experience shopping there. Friendly staff. But sale stuff was not as much as it was at other outlets.,4 years ago
Outfitters,"Zarkoon Plaza, Adam Jee Rd, Saddar, Rawalpindi, Punjab 46000, Pakistan",(051) 5112625,https://outfitters.com.pk/pages/store-locations,"Monday: 11:00 AM – 11:00 PM, Tuesday: 11:00 AM – 11:00 PM, Wednesday: 11:00 AM – 11:00 PM, Thursday: 11:00 AM – 11:00 PM, Friday: 11:00 AM – 11:00 PM, Saturday: 11:00 AM – 11:00 PM, Sunday: 11:00 AM – 11:00 PM",Arslan Saeed,3,They have plenty of designs. Overall its just ok because now they manufacture/import those type of clothes whose quality will not last for atleast even 2 years. Because now a days they focus on the customers to buy more n more. I have tried cougar-breakout-outfitters-cambridge etc etc. Overall some good quality stuff cougar has. Even i bought a merino wool sweater from cambridge and from last 4 years its still looks like fresh and if u buy from these brands it wont last even 1 season.,8 months ago
Outfitters Lucky One Mall Karachi,"FB Indus-Area Block 21 Block 21 Gulberg Town, Karachi, Karachi City, Sindh 75950, Pakistan",(021) 37181166,http://www.outfitters.com.pk/,"Monday: 11:00 AM – 11:00 PM, Tuesday: 11:00 AM – 11:00 PM, Wednesday: 11:00 AM – 11:00 PM, Thursday: 11:00 AM – 11:00 PM, Friday: 3:00 PM – 12:00 AM, Saturday: 11:00 AM – 12:00 AM, Sunday: 11:00 AM – 11:00 PM",Hamza Zafar,5,I went there yesterday to buy jeans.Although there was no person to assist me in the jeans section so i had to ask for one but they were very kind and helpful. The store is big and well managed and they have variety  of stuff. Coming to jeans the quality seems nice and i hope their colors dont wash off in the coming years. But till then i am very happy.,3 years ago
Outfitters Lucky One Mall Karachi,"FB Indus-Area Block 21 Block 21 Gulberg Town, Karachi, Karachi City, Sindh 75950, Pakistan",(021) 37181166,http://www.outfitters.com.pk/,"Monday: 11:00 AM – 11:00 PM, Tuesday: 11:00 AM – 11:00 PM, Wednesday: 11:00 AM – 11:00 PM, Thursday: 11:00 AM – 11:00 PM, Friday: 3:00 PM – 12:00 AM, Saturday: 11:00 AM – 12:00 AM, Sunday: 11:00 AM – 11:00 PM",Usama Sheikh,1,Pathetic quality stuff at prices. Bought 3 pairs of jeans from them all worth more than 3000 Rs. And look what happened to 2 of them after 3 - 4 wash. And check the stitching of the 3rd jeans.,3 years ago
Outfitters Lucky One Mall Karachi,"FB Indus-Area Block 21 Block 21 Gulberg Town, Karachi, Karachi City, Sindh 75950, Pakistan",(021) 37181166,http://www.outfitters.com.pk/,"Monday: 11:00 AM – 11:00 PM, Tuesday: 11:00 AM – 11:00 PM, Wednesday: 11:00 AM – 11:00 PM, Thursday: 11:00 AM – 11:00 PM, Friday: 3:00 PM – 12:00 AM, Saturday: 11:00 AM – 12:00 AM, Sunday: 11:00 AM – 11:00 PM",Azam Anwar,4,Nice clothing store in Karachi. I done shopping for my son. Cotton T-Shirts and Trousers are good quality.,9 months ago
Outfitters Lucky One Mall Karachi,"FB Indus-Area Block 21 Block 21 Gulberg Town, Karachi, Karachi City, Sindh 75950, Pakistan",(021) 37181166,http://www.outfitters.com.pk/,"Monday: 11:00 AM – 11:00 PM, Tuesday: 11:00 AM – 11:00 PM, Wednesday: 11:00 AM – 11:00 PM, Thursday: 11:00 AM – 11:00 PM, Friday: 3:00 PM – 12:00 AM, Saturday: 11:00 AM – 12:00 AM, Sunday: 11:00 AM – 11:00 PM",FloraBeauty,1,"Female clothing side floor staff is really agressive. Whenever i go they start shadowing me. I am introvert i shop slow and alone. She just pushing me keeping pushing me to just buy and leave the store. Even though today due to heavy rain there wasn't any customer. She just didn't let me compare the bottoms and tops. I screenshots some pictures from website and i wanted to see i can see it in store, feel the material. I told her to let me shop alone but she was walking behind me all the time. It was so frustrating. I was so fedup and it was hard for me to say to her again, to live me alon. I just leave the store then i went to zelbury and i felt comfortable to leave alone and bought outfits.
Luckyone staff, timing around 4p.m",2 months ago
Outfitters Lucky One Mall Karachi,"FB Indus-Area Block 21 Block 21 Gulberg Town, Karachi, Karachi City, Sindh 75950, Pakistan",(021) 37181166,http://www.outfitters.com.pk/,"Monday: 11:00 AM – 11:00 PM, Tuesday: 11:00 AM – 11:00 PM, Wednesday: 11:00 AM – 11:00 PM, Thursday: 11:00 AM – 11:00 PM, Friday: 3:00 PM – 12:00 AM, Saturday: 11:00 AM – 12:00 AM, Sunday: 11:00 AM – 11:00 PM",Mehran Khan Bhutto,3,"Outfitters used to be cool and original, it makes me sad to see that they have copied the designs of nike dunks and jordons and put their own logo on it, Not only it questions your brand creativity but also your seriousness about the consumers.
Overpriced new articles and sold out sale items",2 years ago
Outfitters,"Central Rd, PWD Housing Society Sector A PWD Society, Islamabad, Punjab, Pakistan",(051) 5710508,http://www.outfitters.com.pk/,"Monday: 10:00 AM – 10:00 PM, Tuesday: 10:00 AM – 10:00 PM, Wednesday: 10:00 AM – 10:00 PM, Thursday: 10:00 AM – 10:00 PM, Friday: 10:00 AM – 10:00 PM, Saturday: 10:00 AM – 10:00 PM, Sunday: 10:00 AM – 10:00 PM",Ajmal Hussain,1,"They are big Scammers. They try to lure the customers with discount offers and once go to counter for payment, bill is generated with NO discount. I wasted my half an hour buying stuff and then seeing this blackmailing at the cash counter, decided not to buy from such scam offers!",6 months ago
Outfitters,"Central Rd, PWD Housing Society Sector A PWD Society, Islamabad, Punjab, Pakistan",(051) 5710508,http://www.outfitters.com.pk/,"Monday: 10:00 AM – 10:00 PM, Tuesday: 10:00 AM – 10:00 PM, Wednesday: 10:00 AM – 10:00 PM, Thursday: 10:00 AM – 10:00 PM, Friday: 10:00 AM – 10:00 PM, Saturday: 10:00 AM – 10:00 PM, Sunday: 10:00 AM – 10:00 PM",Ayesha Mustafa,5,Amazing location. One of the best outlets in Rawalpindi and Islamabad,a year ago
Outfitters,"Central Rd, PWD Housing Society Sector A PWD Society, Islamabad, Punjab, Pakistan",(051) 5710508,http://www.outfitters.com.pk/,"Monday: 10:00 AM – 10:00 PM, Tuesday: 10:00 AM – 10:00 PM, Wednesday: 10:00 AM – 10:00 PM, Thursday: 10:00 AM – 10:00 PM, Friday: 10:00 AM – 10:00 PM, Saturday: 10:00 AM – 10:00 PM, Sunday: 10:00 AM – 10:00 PM",Tayyab Mujahid,3,"It's way too hot in side the shop. (13th Nov). I wanted to stay longer and pick out a shirt but I didn't want to stay there any longer.
I had the same experience in the Giga Mall outlet as well.",a year ago
Outfitters,"Central Rd, PWD Housing Society Sector A PWD Society, Islamabad, Punjab, Pakistan",(051) 5710508,http://www.outfitters.com.pk/,"Monday: 10:00 AM – 10:00 PM, Tuesday: 10:00 AM – 10:00 PM, Wednesday: 10:00 AM – 10:00 PM, Thursday: 10:00 AM – 10:00 PM, Friday: 10:00 AM – 10:00 PM, Saturday: 10:00 AM – 10:00 PM, Sunday: 10:00 AM – 10:00 PM",Haxxan Hass,5,They have a good variety for both n set up is also brilliant n staff was very polite n honorable.....,4 years ago
Outfitters,"Central Rd, PWD Housing Society Sector A PWD Society, Islamabad, Punjab, Pakistan",(051) 5710508,http://www.outfitters.com.pk/,"Monday: 10:00 AM – 10:00 PM, Tuesday: 10:00 AM – 10:00 PM, Wednesday: 10:00 AM – 10:00 PM, Thursday: 10:00 AM – 10:00 PM, Friday: 10:00 AM – 10:00 PM, Saturday: 10:00 AM – 10:00 PM, Sunday: 10:00 AM – 10:00 PM",Irfan Azam,3,"Outfitters has quality clothes, but they don't have the sizes available for almost anything you like. They need to work on their stock. Also, the parking around this store is limited, and the area is not that clean due to open trash cans.",a year ago
Outfitters Factory Outlet G9,"Shop 4-6 Awami Trade Centre Mall, G-9 Markaz G 9 Markaz G-9, Islamabad, Islamabad Capital Territory 44090, Pakistan",(051) 2284841,http://www.outfitters.com.pk/,"Monday: 11:00 AM – 11:00 PM, Tuesday: 11:00 AM – 11:00 PM, Wednesday: 11:00 AM – 11:00 PM, Thursday: 11:00 AM – 11:00 PM, Friday: 11:00 AM – 11:00 PM, Saturday: 11:00 AM – 11:00 PM, Sunday: 11:00 AM – 11:00 PM",AFRIDI KHAN,5,"Outfitters in G-9 Markaz is factory outlet and you can do shopping here for your kids both boys and girls up to 50% flat off through out the year. It has wide variety for boys, girls and also for adults both for ladies & gents. It has sometimes up to 70% off on different items in the store. The quality is very good and the prices are half then i think it’s a best place in the surrounding to come along with family for shopping. The location of the store is on the main road and you can easily get free parking.",8 months ago
Outfitters Factory Outlet G9,"Shop 4-6 Awami Trade Centre Mall, G-9 Markaz G 9 Markaz G-9, Islamabad, Islamabad Capital Territory 44090, Pakistan",(051) 2284841,http://www.outfitters.com.pk/,"Monday: 11:00 AM – 11:00 PM, Tuesday: 11:00 AM – 11:00 PM, Wednesday: 11:00 AM – 11:00 PM, Thursday: 11:00 AM – 11:00 PM, Friday: 11:00 AM – 11:00 PM, Saturday: 11:00 AM – 11:00 PM, Sunday: 11:00 AM – 11:00 PM",Uccello Tours,4,"Good thing is its factory outlet with 50% off throught out the year.

Before going to any other outlets of Outfitter one should visit it first hopefully it will serve the best.

One of the best place to visit especially for kids every thing so cheap like prices starts from Rs. 390..

One can buy good quality jeans, T shirts, shirts hoodie and lots of more.

100%recommended for families.",2 years ago
Outfitters Factory Outlet G9,"Shop 4-6 Awami Trade Centre Mall, G-9 Markaz G 9 Markaz G-9, Islamabad, Islamabad Capital Territory 44090, Pakistan",(051) 2284841,http://www.outfitters.com.pk/,"Monday: 11:00 AM – 11:00 PM, Tuesday: 11:00 AM – 11:00 PM, Wednesday: 11:00 AM – 11:00 PM, Thursday: 11:00 AM – 11:00 PM, Friday: 11:00 AM – 11:00 PM, Saturday: 11:00 AM – 11:00 PM, Sunday: 11:00 AM – 11:00 PM",Junaid Ramzan,3,"G-9 Outfitters, a factory outlet, struggles with a disorganized setup where clothes are stacked haphazardly. The store layout is not customer-friendly, and a notable downside is the presence of defective items. To counterbalance these issues, the outlet offers substantial discounts of up to 70% on select articles. Unfortunately, finding the right size becomes a challenge due to limited availability.
G-9 Outfitters seems to present a trade-off between affordability and quality, prompting customers to weigh the benefits of discounted prices against the inconveniences associated with the outlet's organizational shortcomings and product defects.",10 months ago
Outfitters Factory Outlet G9,"Shop 4-6 Awami Trade Centre Mall, G-9 Markaz G 9 Markaz G-9, Islamabad, Islamabad Capital Territory 44090, Pakistan",(051) 2284841,http://www.outfitters.com.pk/,"Monday: 11:00 AM – 11:00 PM, Tuesday: 11:00 AM – 11:00 PM, Wednesday: 11:00 AM – 11:00 PM, Thursday: 11:00 AM – 11:00 PM, Friday: 11:00 AM – 11:00 PM, Saturday: 11:00 AM – 11:00 PM, Sunday: 11:00 AM – 11:00 PM",Abu Rehan,3,Why are there no windows on 1st floor. This may be more expensive electricity. no windows isn't good for staff working !!,3 months ago
Outfitters Factory Outlet G9,"Shop 4-6 Awami Trade Centre Mall, G-9 Markaz G 9 Markaz G-9, Islamabad, Islamabad Capital Territory 44090, Pakistan",(051) 2284841,http://www.outfitters.com.pk/,"Monday: 11:00 AM – 11:00 PM, Tuesday: 11:00 AM – 11:00 PM, Wednesday: 11:00 AM – 11:00 PM, Thursday: 11:00 AM – 11:00 PM, Friday: 11:00 AM – 11:00 PM, Saturday: 11:00 AM – 11:00 PM, Sunday: 11:00 AM – 11:00 PM",Asim,5,"Absolute favorite shopping place. You can buy tons of stuff for kids and adults and still end up with a manageable bill. There is a lot of variety and everything is at least 50% off. The staff is good and administration is cooperative. Garments are trendy and use very good quality fabric. The ultimate stamp of approval comes from my mom of course. If she likes its stuff, that means it is definitely something special.",7 years ago
Junaid Jamshed,"PLOT 89 MM Alam Rd, Block C1 Block B 1 Gulberg III, Lahore, Punjab, Pakistan",0321 4146662,https://www.junaidjamshed.com/select-country,"Monday: 11:00 AM – 10:00 PM, Tuesday: 11:00 AM – 10:00 PM, Wednesday: 11:00 AM – 10:00 PM, Thursday: 11:00 AM – 10:00 PM, Friday: 11:00 AM – 10:00 PM, Saturday: 11:00 AM – 10:00 PM, Sunday: 11:00 AM – 10:00 PM",Celtic Knot,5,"A large variety of quality clothes, really expensive but worth it,  men unstitched clothes didn't have variety nd men shoes weren't upto quality and name of brand.",3 months ago
Junaid Jamshed,"PLOT 89 MM Alam Rd, Block C1 Block B 1 Gulberg III, Lahore, Punjab, Pakistan",0321 4146662,https://www.junaidjamshed.com/select-country,"Monday: 11:00 AM – 10:00 PM, Tuesday: 11:00 AM – 10:00 PM, Wednesday: 11:00 AM – 10:00 PM, Thursday: 11:00 AM – 10:00 PM, Friday: 11:00 AM – 10:00 PM, Saturday: 11:00 AM – 10:00 PM, Sunday: 11:00 AM – 10:00 PM",Omer Aziz,5,"MM Alam store is the most beautiful store of J.
The staff is very cooperative.
They told me that the management does not allow the try of some clothes but you can exchange it after trying it at home with any other purchase.",6 months ago
Junaid Jamshed,"PLOT 89 MM Alam Rd, Block C1 Block B 1 Gulberg III, Lahore, Punjab, Pakistan",0321 4146662,https://www.junaidjamshed.com/select-country,"Monday: 11:00 AM – 10:00 PM, Tuesday: 11:00 AM – 10:00 PM, Wednesday: 11:00 AM – 10:00 PM, Thursday: 11:00 AM – 10:00 PM, Friday: 11:00 AM – 10:00 PM, Saturday: 11:00 AM – 10:00 PM, Sunday: 11:00 AM – 10:00 PM",Osman Rashid,5,"Wide variety of ladies, gents and kids clothing and gents foot wear.",5 months ago
Junaid Jamshed,"PLOT 89 MM Alam Rd, Block C1 Block B 1 Gulberg III, Lahore, Punjab, Pakistan",0321 4146662,https://www.junaidjamshed.com/select-country,"Monday: 11:00 AM – 10:00 PM, Tuesday: 11:00 AM – 10:00 PM, Wednesday: 11:00 AM – 10:00 PM, Thursday: 11:00 AM – 10:00 PM, Friday: 11:00 AM – 10:00 PM, Saturday: 11:00 AM – 10:00 PM, Sunday: 11:00 AM – 10:00 PM",Hamza HK,5,"Always a great pleasure visiting this place for eastern wear and perfumes.. bought 3, the last time including Zarar, Bloom and Generation. Would definitely recommend them",a month ago
Junaid Jamshed,"PLOT 89 MM Alam Rd, Block C1 Block B 1 Gulberg III, Lahore, Punjab, Pakistan",0321 4146662,https://www.junaidjamshed.com/select-country,"Monday: 11:00 AM – 10:00 PM, Tuesday: 11:00 AM – 10:00 PM, Wednesday: 11:00 AM – 10:00 PM, Thursday: 11:00 AM – 10:00 PM, Friday: 11:00 AM – 10:00 PM, Saturday: 11:00 AM – 10:00 PM, Sunday: 11:00 AM – 10:00 PM",S S,4,"Good, pricy but not more than other similar designers.. I never found more than one item of my liking at a time..
Their stitching is a bit disappointing,  specially in terms of how sleeves are attached to the shirt.. their crease fails to match the shoulder crease.. maddens in ironing..
Another suit lost the sheen in one single wash .. after wearing just once.
You expect better when you splash around 6 - 7k for a simple (No embroidery, no beads) dupatta shirt.

I hope they improve.",2 months ago
J. Junaid Jamshed,"G9J7+XM8, Shahrah-e-Quaid-e-Azam, Cantonment, Lahore, Punjab, Pakistan",N/A,N/A,"Monday: 10:30 AM – 10:00 PM, Tuesday: 10:30 AM – 10:00 PM, Wednesday: 10:30 AM – 10:00 PM, Thursday: 10:30 AM – 10:00 PM, Friday: 10:30 AM – 10:00 PM, Saturday: 12:00 PM – 12:00 AM, Sunday: 12:00 PM – 12:00 AM",wasay alamgir,1,Ridiculous service. They don't replace perfumes even after the 5 minutes of buying. I bought a perfume today by mistake. i bought a wrong one after 5 minutes. I asked them to replace and they Rufused to do so. You guys should be ashamed of yourself destroying the legacy of junaid bhai. Whoever made this policy is a jerk know nothing about customer service.,5 months ago
J. Junaid Jamshed,"G9J7+XM8, Shahrah-e-Quaid-e-Azam, Cantonment, Lahore, Punjab, Pakistan",N/A,N/A,"Monday: 10:30 AM – 10:00 PM, Tuesday: 10:30 AM – 10:00 PM, Wednesday: 10:30 AM – 10:00 PM, Thursday: 10:30 AM – 10:00 PM, Friday: 10:30 AM – 10:00 PM, Saturday: 12:00 PM – 12:00 AM, Sunday: 12:00 PM – 12:00 AM",Denis Rader,5,If you not like the stuff then don't pay remaining amount,a month ago
J. Junaid Jamshed,"G9J7+XM8, Shahrah-e-Quaid-e-Azam, Cantonment, Lahore, Punjab, Pakistan",N/A,N/A,"Monday: 10:30 AM – 10:00 PM, Tuesday: 10:30 AM – 10:00 PM, Wednesday: 10:30 AM – 10:00 PM, Thursday: 10:30 AM – 10:00 PM, Friday: 10:30 AM – 10:00 PM, Saturday: 12:00 PM – 12:00 AM, Sunday: 12:00 PM – 12:00 AM",Muneeb akbar,4,"Janaan Golden Perfume by J. is a captivating fragrance that blends floral and oriental notes. Its rich and luxurious scent unfolds with a burst of floral sweetness, followed by warm undertones that linger throughout the day. The longevity is impressive, making it suitable for various occasions.",a year ago
J. Junaid Jamshed,"G9J7+XM8, Shahrah-e-Quaid-e-Azam, Cantonment, Lahore, Punjab, Pakistan",N/A,N/A,"Monday: 10:30 AM – 10:00 PM, Tuesday: 10:30 AM – 10:00 PM, Wednesday: 10:30 AM – 10:00 PM, Thursday: 10:30 AM – 10:00 PM, Friday: 10:30 AM – 10:00 PM, Saturday: 12:00 PM – 12:00 AM, Sunday: 12:00 PM – 12:00 AM",Majid Abbasi,5,"I recently visited J. Store and was thoroughly impressed with my experience. The store was well-organized and easy to navigate, with a wide selection of high-quality products. The staff were friendly and knowledgeable, offering helpful advice.",a year ago
J. Junaid Jamshed,"G9J7+XM8, Shahrah-e-Quaid-e-Azam, Cantonment, Lahore, Punjab, Pakistan",N/A,N/A,"Monday: 10:30 AM – 10:00 PM, Tuesday: 10:30 AM – 10:00 PM, Wednesday: 10:30 AM – 10:00 PM, Thursday: 10:30 AM – 10:00 PM, Friday: 10:30 AM – 10:00 PM, Saturday: 12:00 PM – 12:00 AM, Sunday: 12:00 PM – 12:00 AM",Awais Butt,4,"I love with the Fragrances . I just don’t able to choose between the scents all are amazingly attractive, But the JANAN gold edition wow🙌
Nothing can beat this perfume💛",a year ago
Junaid Jamshed,"Plot 1-A, Block G Phase 1 Johar Town, Lahore, Punjab, Pakistan",0321 8204625,http://www.junaidjamshed.com/,"Monday: 11:00 AM – 10:00 PM, Tuesday: 11:00 AM – 10:00 PM, Wednesday: 11:00 AM – 10:00 PM, Thursday: 11:00 AM – 10:00 PM, Friday: 2:00 AM – 11:00 PM, Saturday: 11:00 AM – 10:00 PM, Sunday: 2:00 AM – 11:00 PM",Muhammad Safeer,4,"Firstly It All Started with a Dress Exchange. We Faced a lot of Trouble in Exchanging our 2 Brand New Suits . But at the Very End We got our Exchange Suits on top we had paid 1800 because there was sale going on at the time of exchange but no sale at the time we purchased.
At last the owner of this Particular Shop compromised with Us And Had allowed us To Exchange . Other than That J. And there official Crew Services were very poor and now A Days, decreasing it’s Quality of Dresses as well.",4 months ago
Junaid Jamshed,"Plot 1-A, Block G Phase 1 Johar Town, Lahore, Punjab, Pakistan",0321 8204625,http://www.junaidjamshed.com/,"Monday: 11:00 AM – 10:00 PM, Tuesday: 11:00 AM – 10:00 PM, Wednesday: 11:00 AM – 10:00 PM, Thursday: 11:00 AM – 10:00 PM, Friday: 2:00 AM – 11:00 PM, Saturday: 11:00 AM – 10:00 PM, Sunday: 2:00 AM – 11:00 PM",FlaminCold,4,"Amazing Outlet, the staff at ground floor with fragrance section was nice and also in first floor was helpful. This outlet is located in G1 Market and J. has amazing Articles regarding to Kurta Shalwar, Shalwar Kameez, Peshawari Chappal etc.
RECOMMENDED to visit",3 years ago
Junaid Jamshed,"Plot 1-A, Block G Phase 1 Johar Town, Lahore, Punjab, Pakistan",0321 8204625,http://www.junaidjamshed.com/,"Monday: 11:00 AM – 10:00 PM, Tuesday: 11:00 AM – 10:00 PM, Wednesday: 11:00 AM – 10:00 PM, Thursday: 11:00 AM – 10:00 PM, Friday: 2:00 AM – 11:00 PM, Saturday: 11:00 AM – 10:00 PM, Sunday: 2:00 AM – 11:00 PM",Ranjha Azhar,5,"Good Quality of Stuff.
Reasonable price.
Neat and clean
Friendly staff",3 weeks ago
Junaid Jamshed,"Plot 1-A, Block G Phase 1 Johar Town, Lahore, Punjab, Pakistan",0321 8204625,http://www.junaidjamshed.com/,"Monday: 11:00 AM – 10:00 PM, Tuesday: 11:00 AM – 10:00 PM, Wednesday: 11:00 AM – 10:00 PM, Thursday: 11:00 AM – 10:00 PM, Friday: 2:00 AM – 11:00 PM, Saturday: 11:00 AM – 10:00 PM, Sunday: 2:00 AM – 11:00 PM",Muhammad Zahid,5,I got perfume from store Juniad Jumshed Outlet and I’m very satisfied. They are high-quality and worth the money. The store also offered shipping at that price so that’s a plus!” Also available online services. The staff is very cooperative friendly staff environment,2 years ago
Junaid Jamshed,"Plot 1-A, Block G Phase 1 Johar Town, Lahore, Punjab, Pakistan",0321 8204625,http://www.junaidjamshed.com/,"Monday: 11:00 AM – 10:00 PM, Tuesday: 11:00 AM – 10:00 PM, Wednesday: 11:00 AM – 10:00 PM, Thursday: 11:00 AM – 10:00 PM, Friday: 2:00 AM – 11:00 PM, Saturday: 11:00 AM – 10:00 PM, Sunday: 2:00 AM – 11:00 PM",Nadeem Jahangir,5,It's a big store but not bigger than MM Alam's but they have plenty of options. The space was a bit congested or maybe it's because of a lot of stock in store? Anyways their service quality is maintained and the staff is friendly and helpful.,a year ago
J. (Junaid Jamshed),"F993+XRG Packages Mall, Walton Rd, Gulshan Colony, Lahore, Punjab, Pakistan",N/A,N/A,"Monday: 10:00 AM – 10:00 PM, Tuesday: 10:00 AM – 10:00 PM, Wednesday: 10:00 AM – 10:00 PM, Thursday: 10:00 AM – 10:00 PM, Friday: 10:00 AM – 11:00 PM, Saturday: 10:00 AM – 11:00 PM, Sunday: 2:00 – 10:00 PM",Adnan Zaidi,5,"Very nice design's for boys fabric is to good and 7.5 % discount on hbl ,dib & membership cards",2 years ago
J. (Junaid Jamshed),"F993+XRG Packages Mall, Walton Rd, Gulshan Colony, Lahore, Punjab, Pakistan",N/A,N/A,"Monday: 10:00 AM – 10:00 PM, Tuesday: 10:00 AM – 10:00 PM, Wednesday: 10:00 AM – 10:00 PM, Thursday: 10:00 AM – 10:00 PM, Friday: 10:00 AM – 11:00 PM, Saturday: 10:00 AM – 11:00 PM, Sunday: 2:00 – 10:00 PM",Muhammad Sufyan,5,they have many decent and attractive designs in men's kurta.....i have bought many from them and have positive reviews about clothing......but the staff is always unhelpful ' rude and not intrested to satisfying the customer.......thumbs up for the kurtas and thumbs bad for the worse staff,a year ago
J. (Junaid Jamshed),"F993+XRG Packages Mall, Walton Rd, Gulshan Colony, Lahore, Punjab, Pakistan",N/A,N/A,"Monday: 10:00 AM – 10:00 PM, Tuesday: 10:00 AM – 10:00 PM, Wednesday: 10:00 AM – 10:00 PM, Thursday: 10:00 AM – 10:00 PM, Friday: 10:00 AM – 11:00 PM, Saturday: 10:00 AM – 11:00 PM, Sunday: 2:00 – 10:00 PM",Waleed Akhtar,1,"One of THE WORST J. outlets you would come across. Over crowded and under staffed. Plus, the staff is very very rude with pathetic behaviour. Yesterday went to buy Kurta for my son. Selected it and they told me to go to counter. I waited for almost 15 minutes but the kurta did not come. Meanwhile, they directed me and my family to go to perfume desk to try new fragrances. The idiot standing there was EXTREMELY rude/ not interested and misbehaved with my wife upon inquiries about few perfumes. After a wait of ALMOST 15 minutes, we decided to leave the shop without buying anything as they had no clue where was the kurta, neither they were interested to find out where it was. Highly non-recommended J. outlet",2 years ago
J. (Junaid Jamshed),"F993+XRG Packages Mall, Walton Rd, Gulshan Colony, Lahore, Punjab, Pakistan",N/A,N/A,"Monday: 10:00 AM – 10:00 PM, Tuesday: 10:00 AM – 10:00 PM, Wednesday: 10:00 AM – 10:00 PM, Thursday: 10:00 AM – 10:00 PM, Friday: 10:00 AM – 11:00 PM, Saturday: 10:00 AM – 11:00 PM, Sunday: 2:00 – 10:00 PM",Fatima Chaudhry,3,"While they have a lot variety in clothes and for all ages and gender, they have a specific style which might not be to everyone’s taste. However, I must say that out of most shops, J.’s clothing is the most practical for daily and party wear. The only thing I find common across all J. stores, is the unhelpful staff. They are mostly aloof and slow.",5 years ago
J. (Junaid Jamshed),"F993+XRG Packages Mall, Walton Rd, Gulshan Colony, Lahore, Punjab, Pakistan",N/A,N/A,"Monday: 10:00 AM – 10:00 PM, Tuesday: 10:00 AM – 10:00 PM, Wednesday: 10:00 AM – 10:00 PM, Thursday: 10:00 AM – 10:00 PM, Friday: 10:00 AM – 11:00 PM, Saturday: 10:00 AM – 11:00 PM, Sunday: 2:00 – 10:00 PM",Ayesha Farooq,1,The staff is extremely rude & unprofessional. Their females staff misbehaved with us upon inquiring about some products. She was not interested to provide any assistance!,a year ago
Junaid Jamshed,"Iqbal, Plot 5, Allama, Pak Block Town, Lahore, Punjab 54000, Pakistan",0321 4146665,http://www.junaidjamshed.com/,"Monday: 11:00 AM – 9:30 PM, Tuesday: 11:00 AM – 9:30 PM, Wednesday: 11:00 AM – 9:30 PM, Thursday: 11:00 AM – 9:30 PM, Friday: 11:00 AM – 9:30 PM, Saturday: 11:00 AM – 9:30 PM, Sunday: 11:00 AM – 9:30 PM",Ali Ahmad,5,"It’s nice store located in Iqbal town Lahore Pakistan, neat and clean. Need to bring new Chapels for men because I am seeing the same design since a decade. Staff didn’t great and asked if we need any help so I just picked a black shalwar kameez and staff told me they will bring to the cash counter that’s all. It’s a fine experience to shop here but just need more variety ❤️",3 weeks ago
Junaid Jamshed,"Iqbal, Plot 5, Allama, Pak Block Town, Lahore, Punjab 54000, Pakistan",0321 4146665,http://www.junaidjamshed.com/,"Monday: 11:00 AM – 9:30 PM, Tuesday: 11:00 AM – 9:30 PM, Wednesday: 11:00 AM – 9:30 PM, Thursday: 11:00 AM – 9:30 PM, Friday: 11:00 AM – 9:30 PM, Saturday: 11:00 AM – 9:30 PM, Sunday: 11:00 AM – 9:30 PM",Keep335,5,"One of the leading brand in Pakistan 🇵🇰 and the world. Always love their collection. Specially Kurta and shalwar kameez.
Shop looks very clean and Tidy. Also staff was very helpful and friendly
Highly recommended friends and family.",a year ago
Junaid Jamshed,"Iqbal, Plot 5, Allama, Pak Block Town, Lahore, Punjab 54000, Pakistan",0321 4146665,http://www.junaidjamshed.com/,"Monday: 11:00 AM – 9:30 PM, Tuesday: 11:00 AM – 9:30 PM, Wednesday: 11:00 AM – 9:30 PM, Thursday: 11:00 AM – 9:30 PM, Friday: 11:00 AM – 9:30 PM, Saturday: 11:00 AM – 9:30 PM, Sunday: 11:00 AM – 9:30 PM",Abdul Hayee,5,Great J. Brand shop for stitched clothings for Men Women and Children. I like to do lots of shopping 🛍 from here for myself family and my children.,11 months ago
Junaid Jamshed,"Iqbal, Plot 5, Allama, Pak Block Town, Lahore, Punjab 54000, Pakistan",0321 4146665,http://www.junaidjamshed.com/,"Monday: 11:00 AM – 9:30 PM, Tuesday: 11:00 AM – 9:30 PM, Wednesday: 11:00 AM – 9:30 PM, Thursday: 11:00 AM – 9:30 PM, Friday: 11:00 AM – 9:30 PM, Saturday: 11:00 AM – 9:30 PM, Sunday: 11:00 AM – 9:30 PM",madiha shahid,3,A little overpriced. But their male clothing is best. as far as female is concerned their designs are unique. love their place interior and space wise. the staff is also freindly,a year ago
Junaid Jamshed,"Iqbal, Plot 5, Allama, Pak Block Town, Lahore, Punjab 54000, Pakistan",0321 4146665,http://www.junaidjamshed.com/,"Monday: 11:00 AM – 9:30 PM, Tuesday: 11:00 AM – 9:30 PM, Wednesday: 11:00 AM – 9:30 PM, Thursday: 11:00 AM – 9:30 PM, Friday: 11:00 AM – 9:30 PM, Saturday: 11:00 AM – 9:30 PM, Sunday: 11:00 AM – 9:30 PM",Kashif Khan,5,"5 stars for the staff of this outlet, especially Muzzamil. A dedicated staff member who knows his job very well. Deals customer in very professional way.",2 months ago
J. Junaid Jamshed,"Plot#189, Y-Block, Phase 3-C،, Sector Y DHA Phase 3, Lahore, Punjab 54810, Pakistan",0321 2077751,https://www.junaidjamshed.com/,"Monday: 11:00 AM – 10:00 PM, Tuesday: 11:00 AM – 10:00 PM, Wednesday: 11:00 AM – 10:00 PM, Thursday: 11:00 AM – 10:00 PM, Friday: 11:00 AM – 10:00 PM, Saturday: 11:00 AM – 10:00 PM, Sunday: 11:00 AM – 10:00 PM",Hassan,4,"Though they didn’t have my size, but they guided me very well to other brands and eventually I got what I needed. 👍",a month ago
J. Junaid Jamshed,"Plot#189, Y-Block, Phase 3-C،, Sector Y DHA Phase 3, Lahore, Punjab 54810, Pakistan",0321 2077751,https://www.junaidjamshed.com/,"Monday: 11:00 AM – 10:00 PM, Tuesday: 11:00 AM – 10:00 PM, Wednesday: 11:00 AM – 10:00 PM, Thursday: 11:00 AM – 10:00 PM, Friday: 11:00 AM – 10:00 PM, Saturday: 11:00 AM – 10:00 PM, Sunday: 11:00 AM – 10:00 PM",Jarry Jafery,4,"Very nice branch and brand. I usually do all the shopping from them. Overall good experience with them i got all types of stiched and unstiched dresses from them.But I accidentally visited them in sales day so I will warn you if you are looking for a good dress don't visit them or any other brand in sales days. Because they mostly sell leftover dresses on sales days. So if a dress is not sold in the entire season, they try to sell them in sale.",a year ago
J. Junaid Jamshed,"Plot#189, Y-Block, Phase 3-C،, Sector Y DHA Phase 3, Lahore, Punjab 54810, Pakistan",0321 2077751,https://www.junaidjamshed.com/,"Monday: 11:00 AM – 10:00 PM, Tuesday: 11:00 AM – 10:00 PM, Wednesday: 11:00 AM – 10:00 PM, Thursday: 11:00 AM – 10:00 PM, Friday: 11:00 AM – 10:00 PM, Saturday: 11:00 AM – 10:00 PM, Sunday: 11:00 AM – 10:00 PM",Kiran Komal,1,"I purchased their Cosmatics products, mascara, eyeliner , lip pencil. All things are totally wastage of money. My Bad, i trust them . They are not experts for any Cosmatics. Even Perfumes fragrances are also very low. Not Recommended.",a month ago
J. Junaid Jamshed,"Plot#189, Y-Block, Phase 3-C،, Sector Y DHA Phase 3, Lahore, Punjab 54810, Pakistan",0321 2077751,https://www.junaidjamshed.com/,"Monday: 11:00 AM – 10:00 PM, Tuesday: 11:00 AM – 10:00 PM, Wednesday: 11:00 AM – 10:00 PM, Thursday: 11:00 AM – 10:00 PM, Friday: 11:00 AM – 10:00 PM, Saturday: 11:00 AM – 10:00 PM, Sunday: 11:00 AM – 10:00 PM",Sohail Chaudhry,3,A place to go for traditional Pakistani dresses and perfumes. Some issue I experienced in returning  a sub-standard  dress item.,a month ago
J. Junaid Jamshed,"Plot#189, Y-Block, Phase 3-C،, Sector Y DHA Phase 3, Lahore, Punjab 54810, Pakistan",0321 2077751,https://www.junaidjamshed.com/,"Monday: 11:00 AM – 10:00 PM, Tuesday: 11:00 AM – 10:00 PM, Wednesday: 11:00 AM – 10:00 PM, Thursday: 11:00 AM – 10:00 PM, Friday: 11:00 AM – 10:00 PM, Saturday: 11:00 AM – 10:00 PM, Sunday: 11:00 AM – 10:00 PM",Saqib Ali,5,"One of their best outlets. They are offering a wide variety of clothes for all seasons and all events for both ladies and gents. You can get here ready to wear casual, formal, and party wear. They also have wide range of unstitched clothes. Not only this, you can also buy perfumes, and make-up and believe it they have very stylish perfume bottles with amazing fragrances. The staff is very friendly.",a year ago
Junaid Jamshed,"16M Abdul Haque Rd, Trade Centre Commercial Area Phase 2 Johar Town, Lahore, Punjab, Pakistan",0321 4458915,https://www.junaidjamshed.com/,"Monday: 10:00 AM – 10:00 PM, Tuesday: 10:00 AM – 10:00 PM, Wednesday: 10:00 AM – 10:00 PM, Thursday: 10:00 AM – 10:00 PM, Friday: 10:00 AM – 10:00 PM, Saturday: 10:00 AM – 10:00 PM, Sunday: 10:00 AM – 10:00 PM",Usman Ahmad,3,"The staff here in this branch is not cooperative at all. They don't have proper sizes. Their inventory system is pathetic, an item is being shown in inventory and when it's checked physically it wasn't there at all. The articles which are liked by the customers are not available in proper sizes.

The Corona sop are not following at all same article is worn by many customers for sizes. I would never recommend this place at all.

Other branches are much better",3 months ago
Junaid Jamshed,"16M Abdul Haque Rd, Trade Centre Commercial Area Phase 2 Johar Town, Lahore, Punjab, Pakistan",0321 4458915,https://www.junaidjamshed.com/,"Monday: 10:00 AM – 10:00 PM, Tuesday: 10:00 AM – 10:00 PM, Wednesday: 10:00 AM – 10:00 PM, Thursday: 10:00 AM – 10:00 PM, Friday: 10:00 AM – 10:00 PM, Saturday: 10:00 AM – 10:00 PM, Sunday: 10:00 AM – 10:00 PM",Mohammad Ahsan,1,"I had a very negative experience with Abdul Manan, who took measurements for my dress. His behavior and conduct with clients, including women, were unacceptable. I strongly advise avoiding him based on other reviews and my own experience. Management should address this issue urgently and consider making necessary changes as soon as possible.",3 months ago
Junaid Jamshed,"16M Abdul Haque Rd, Trade Centre Commercial Area Phase 2 Johar Town, Lahore, Punjab, Pakistan",0321 4458915,https://www.junaidjamshed.com/,"Monday: 10:00 AM – 10:00 PM, Tuesday: 10:00 AM – 10:00 PM, Wednesday: 10:00 AM – 10:00 PM, Thursday: 10:00 AM – 10:00 PM, Friday: 10:00 AM – 10:00 PM, Saturday: 10:00 AM – 10:00 PM, Sunday: 10:00 AM – 10:00 PM",Muhammad Kamran,5,"Outlet huge and vast variety. Switched female and kids suits are very comfortable, highly quality fabric. Prices are also reasonable.",5 months ago
Junaid Jamshed,"16M Abdul Haque Rd, Trade Centre Commercial Area Phase 2 Johar Town, Lahore, Punjab, Pakistan",0321 4458915,https://www.junaidjamshed.com/,"Monday: 10:00 AM – 10:00 PM, Tuesday: 10:00 AM – 10:00 PM, Wednesday: 10:00 AM – 10:00 PM, Thursday: 10:00 AM – 10:00 PM, Friday: 10:00 AM – 10:00 PM, Saturday: 10:00 AM – 10:00 PM, Sunday: 10:00 AM – 10:00 PM",Sadia Aslam,4,Unique styles and high-quality stuff but by the time they are increasing their prices more and more.,a year ago
Junaid Jamshed,"16M Abdul Haque Rd, Trade Centre Commercial Area Phase 2 Johar Town, Lahore, Punjab, Pakistan",0321 4458915,https://www.junaidjamshed.com/,"Monday: 10:00 AM – 10:00 PM, Tuesday: 10:00 AM – 10:00 PM, Wednesday: 10:00 AM – 10:00 PM, Thursday: 10:00 AM – 10:00 PM, Friday: 10:00 AM – 10:00 PM, Saturday: 10:00 AM – 10:00 PM, Sunday: 10:00 AM – 10:00 PM",Nouman Amjad,4,"Better than the previous location. They manage rush well.
All they need is more man power to manage things",a month ago
J. (Junaid Jamshed),"Al-Hafiz Trade Centre، لیفٹینینٹ کرنل شیراز علی خاں روڈ، Block Q Muhammadpura, لاہور, ضلع لاہور, پنجاب 54600, Pakistan",(042) 35160228,http://www.junaidjamshed.com/,"Monday: 11:00 AM – 10:00 PM, Tuesday: 11:00 AM – 10:00 PM, Wednesday: 11:00 AM – 10:00 PM, Thursday: 11:00 AM – 10:00 PM, Friday: 2:00 – 10:00 PM, Saturday: 11:00 AM – 10:00 PM, Sunday: 2:00 – 10:00 PM",khadija Zulfiqar,1,I used janan blue colour alot of times . Now i bought it from this branch the fragrance is totally changed i don’t know what’s the problem but this is not the same fragrance which i bought from emporuim mall and gulberg branch 😭😭😭😭,a month ago
J. (Junaid Jamshed),"Al-Hafiz Trade Centre، لیفٹینینٹ کرنل شیراز علی خاں روڈ، Block Q Muhammadpura, لاہور, ضلع لاہور, پنجاب 54600, Pakistan",(042) 35160228,http://www.junaidjamshed.com/,"Monday: 11:00 AM – 10:00 PM, Tuesday: 11:00 AM – 10:00 PM, Wednesday: 11:00 AM – 10:00 PM, Thursday: 11:00 AM – 10:00 PM, Friday: 2:00 – 10:00 PM, Saturday: 11:00 AM – 10:00 PM, Sunday: 2:00 – 10:00 PM",Ashfaq Ahmed,1,"I wish I would have any option for no star ..
J. Must review their HR or Tranining dept . I visited j. Link road branch and Both manager and Asst. Manager literally don’t know the ABC of customer service. Common atleast put someone who has little education and knows how to speak with customer. illiterate. Attitude like they are giving favour, pathetic customer service and rude behaviour. I bought 6,7 dresses for my kids and according to sales person all are 35% off and he showed me the tags also But when I went to counter to pay I randomly check all are discounted and find out one is not. I said but tag is there why not and the guy start arguing which was annoying in front of customers I said if it’s mistake it was by you and ask him to call manager and that  Mr said I am manager I said you are not looks like manager he said I am and keep arguing in short he calls the sales person and told his he will pay the difference of price which is totally unfair and frustrating for me. Than the Mr Manager showed somewhere and claim I’m manager totally non professional rude illiterate and pathetic customer service.my review getting long I wish I can add more in short he and other guy through that shirt back and said pay the rest stuff even I did not asked them I don’t want. Pathetic alarming for J. I am Canadian and have good image you guys all over world if you guys plant these type of people in management than be ready like other..👎👎
Hope someone will read and check I am writing bcc we love JJ💕",3 months ago
J. (Junaid Jamshed),"Al-Hafiz Trade Centre، لیفٹینینٹ کرنل شیراز علی خاں روڈ، Block Q Muhammadpura, لاہور, ضلع لاہور, پنجاب 54600, Pakistan",(042) 35160228,http://www.junaidjamshed.com/,"Monday: 11:00 AM – 10:00 PM, Tuesday: 11:00 AM – 10:00 PM, Wednesday: 11:00 AM – 10:00 PM, Thursday: 11:00 AM – 10:00 PM, Friday: 2:00 – 10:00 PM, Saturday: 11:00 AM – 10:00 PM, Sunday: 2:00 – 10:00 PM",Syed Ali Ajwad,4,J.  Is The Best... Fragrances Are Amazing..  Lawn Prints Are Good Always..  Mens Collection Iz Superb...  Huge variety Of Pishwari Chappals & Prayer Caps,2 years ago
J. (Junaid Jamshed),"Al-Hafiz Trade Centre، لیفٹینینٹ کرنل شیراز علی خاں روڈ، Block Q Muhammadpura, لاہور, ضلع لاہور, پنجاب 54600, Pakistan",(042) 35160228,http://www.junaidjamshed.com/,"Monday: 11:00 AM – 10:00 PM, Tuesday: 11:00 AM – 10:00 PM, Wednesday: 11:00 AM – 10:00 PM, Thursday: 11:00 AM – 10:00 PM, Friday: 2:00 – 10:00 PM, Saturday: 11:00 AM – 10:00 PM, Sunday: 2:00 – 10:00 PM",Muhammad Usman Tariq,5,Good quality Pakistani dresses for men and women at reasonable prices,4 years ago
J. (Junaid Jamshed),"Al-Hafiz Trade Centre، لیفٹینینٹ کرنل شیراز علی خاں روڈ، Block Q Muhammadpura, لاہور, ضلع لاہور, پنجاب 54600, Pakistan",(042) 35160228,http://www.junaidjamshed.com/,"Monday: 11:00 AM – 10:00 PM, Tuesday: 11:00 AM – 10:00 PM, Wednesday: 11:00 AM – 10:00 PM, Thursday: 11:00 AM – 10:00 PM, Friday: 2:00 – 10:00 PM, Saturday: 11:00 AM – 10:00 PM, Sunday: 2:00 – 10:00 PM",Muhammad Junaid,4,J. was established in 2002 with a unique philosophy to revive the country's cultural heritage and make Shalwar Kameez; the popular wear.,2 years ago
JUNAID JAMSHED,"172 Tufail Rd, Cantt, Lahore, Punjab 54810, Pakistan",N/A,https://www.junaidjamshed.com/,"Monday: 11:00 AM – 10:00 PM, Tuesday: 11:00 AM – 10:00 PM, Wednesday: 11:00 AM – 10:00 PM, Thursday: 11:00 AM – 10:00 PM, Friday: 11:00 AM – 10:00 PM, Saturday: 11:00 AM – 10:00 PM, Sunday: 11:00 AM – 10:00 PM",Syed Abid Masood,1,"Very poor quality. I purchased suit , first time while wearing, it was torn from the front side right to the buttons. Very disappointed with the poor quality of stuff and later on when we complained, the customer service was ridiculous. The sales man rudely stated that it would go to Karachi and they will assess the issue of poor quality and will respond back to the Lahore branch.
It’s very bad experience dealing with J. the mall of Lahore branch, I was not expecting that service and quality as they are charging huge prices of their garments.",a year ago
JUNAID JAMSHED,"172 Tufail Rd, Cantt, Lahore, Punjab 54810, Pakistan",N/A,https://www.junaidjamshed.com/,"Monday: 11:00 AM – 10:00 PM, Tuesday: 11:00 AM – 10:00 PM, Wednesday: 11:00 AM – 10:00 PM, Thursday: 11:00 AM – 10:00 PM, Friday: 11:00 AM – 10:00 PM, Saturday: 11:00 AM – 10:00 PM, Sunday: 11:00 AM – 10:00 PM",Behzad Taimur,3,"Junaid Jamshed used to be a men's brand. Its fantastic how they've reinvented themselves as a women's brand as well. I would put Junaid Jamshed's clothing line-up at par with Khaadi and Ethnic and above Limelight. Sometimes, JJ can be better than its competitors. At any rate, they have a more unique outlook and taste palette. Expect to find unique stuff here.
Good outlet. Decent staff.",4 years ago
JUNAID JAMSHED,"172 Tufail Rd, Cantt, Lahore, Punjab 54810, Pakistan",N/A,https://www.junaidjamshed.com/,"Monday: 11:00 AM – 10:00 PM, Tuesday: 11:00 AM – 10:00 PM, Wednesday: 11:00 AM – 10:00 PM, Thursday: 11:00 AM – 10:00 PM, Friday: 11:00 AM – 10:00 PM, Saturday: 11:00 AM – 10:00 PM, Sunday: 11:00 AM – 10:00 PM",MI Arshad,1,"Customer services is pathetic. Lines do not open at 9am. After waiting several minutes on call the line dropped everytime.
Shopped worth 70,000 but now I'm the one following them instead.
Facing very typical and unprofessional attitude. Could someone fix it?",2 years ago
JUNAID JAMSHED,"172 Tufail Rd, Cantt, Lahore, Punjab 54810, Pakistan",N/A,https://www.junaidjamshed.com/,"Monday: 11:00 AM – 10:00 PM, Tuesday: 11:00 AM – 10:00 PM, Wednesday: 11:00 AM – 10:00 PM, Thursday: 11:00 AM – 10:00 PM, Friday: 11:00 AM – 10:00 PM, Saturday: 11:00 AM – 10:00 PM, Sunday: 11:00 AM – 10:00 PM",Tabassum Farogh,1,I bought a lawn suit from your shop 2 was back and it's dupatta has 2 big holes in it what to do???I have sent you the photos,2 years ago
JUNAID JAMSHED,"172 Tufail Rd, Cantt, Lahore, Punjab 54810, Pakistan",N/A,https://www.junaidjamshed.com/,"Monday: 11:00 AM – 10:00 PM, Tuesday: 11:00 AM – 10:00 PM, Wednesday: 11:00 AM – 10:00 PM, Thursday: 11:00 AM – 10:00 PM, Friday: 11:00 AM – 10:00 PM, Saturday: 11:00 AM – 10:00 PM, Sunday: 11:00 AM – 10:00 PM",MuhammAd RizwAn,4,"A good place for shopping
Quality products are available with a variety",5 years ago
J. Junaid Jamshed,"12, Block G Pia Housing Scheme, Lahore, Punjab, Pakistan",N/A,http://junaidjamshed.com/,"Monday: 11:00 AM – 11:00 PM, Tuesday: 11:00 AM – 11:00 PM, Wednesday: 11:00 AM – 11:00 PM, Thursday: 11:00 AM – 11:00 PM, Friday: 2:30 – 11:00 PM, Saturday: 11:00 AM – 10:00 PM, Sunday: 2:00 – 10:00 PM",Talha Rahman,5,"Very cooperative staff. Nice people and the building and atmosphere is also excellent. Moreover the fragrances are nice, nice variety of shalwar kameez and women clothing. I liked it.",a week ago
J. Junaid Jamshed,"12, Block G Pia Housing Scheme, Lahore, Punjab, Pakistan",N/A,http://junaidjamshed.com/,"Monday: 11:00 AM – 11:00 PM, Tuesday: 11:00 AM – 11:00 PM, Wednesday: 11:00 AM – 11:00 PM, Thursday: 11:00 AM – 11:00 PM, Friday: 2:30 – 11:00 PM, Saturday: 11:00 AM – 10:00 PM, Sunday: 2:00 – 10:00 PM",Aftab shah,5,"Its a complete store, staff is very cooperative, and well managed.",3 months ago
J. Junaid Jamshed,"12, Block G Pia Housing Scheme, Lahore, Punjab, Pakistan",N/A,http://junaidjamshed.com/,"Monday: 11:00 AM – 11:00 PM, Tuesday: 11:00 AM – 11:00 PM, Wednesday: 11:00 AM – 11:00 PM, Thursday: 11:00 AM – 11:00 PM, Friday: 2:30 – 11:00 PM, Saturday: 11:00 AM – 10:00 PM, Sunday: 2:00 – 10:00 PM",Let's Fun With Learn,3,,4 weeks ago
J. Junaid Jamshed,"12, Block G Pia Housing Scheme, Lahore, Punjab, Pakistan",N/A,http://junaidjamshed.com/,"Monday: 11:00 AM – 11:00 PM, Tuesday: 11:00 AM – 11:00 PM, Wednesday: 11:00 AM – 11:00 PM, Thursday: 11:00 AM – 11:00 PM, Friday: 2:30 – 11:00 PM, Saturday: 11:00 AM – 10:00 PM, Sunday: 2:00 – 10:00 PM",zaid ahmad,5,,3 months ago
J. Fragrances and Cosmetics BAHRIA TOWN LAHORE,"Jasmeen Heights, Commercial Zone Sector C Jasmine Block Sector C Bahria Town, Lahore, Punjab 53720, Pakistan",0321 4460190,http://www.junaidjamshed.com/,"Monday: 11:00 AM – 10:00 PM, Tuesday: 11:00 AM – 10:00 PM, Wednesday: 11:00 AM – 10:00 PM, Thursday: 11:00 AM – 10:00 PM, Friday: 11:00 AM – 10:00 PM, Saturday: 11:00 AM – 10:00 PM, Sunday: 2:00 – 10:00 PM",Abeer Mustafa,5,"Huge collection of fragrances. If you are looking to buy a gift for someone, you surely will find something there.

Its right the the enterance of Jasmine mall and they also have makeup line in the store. The staff there had not much knowledge aboout makeup and he could not give any suggestion for a fragrance.

Its best to have a lady at makeup section to guide the ladies about makeup products.",2 years ago
J. Fragrances and Cosmetics BAHRIA TOWN LAHORE,"Jasmeen Heights, Commercial Zone Sector C Jasmine Block Sector C Bahria Town, Lahore, Punjab 53720, Pakistan",0321 4460190,http://www.junaidjamshed.com/,"Monday: 11:00 AM – 10:00 PM, Tuesday: 11:00 AM – 10:00 PM, Wednesday: 11:00 AM – 10:00 PM, Thursday: 11:00 AM – 10:00 PM, Friday: 11:00 AM – 10:00 PM, Saturday: 11:00 AM – 10:00 PM, Sunday: 2:00 – 10:00 PM",Muhammad Khawar Nazir,4,"J. Fragrances is a new addition in J. Stores.
Previously fragrances were being sold inside the J. Clothing stores but now they started opening of entire dedicated store to perfumes/fragrances in separate stores.
This store is located in famous Jasmine Mall near Talwar Chowk, Bahria Town, Lahore.
They offer medium & economic ranges fragrances, perfumes.
Staff is well trained & professional.
Store is neat & clean.
It is a great addition in Bahria Town Lahore for gift and perfume lovers.",3 years ago
J. Fragrances and Cosmetics BAHRIA TOWN LAHORE,"Jasmeen Heights, Commercial Zone Sector C Jasmine Block Sector C Bahria Town, Lahore, Punjab 53720, Pakistan",0321 4460190,http://www.junaidjamshed.com/,"Monday: 11:00 AM – 10:00 PM, Tuesday: 11:00 AM – 10:00 PM, Wednesday: 11:00 AM – 10:00 PM, Thursday: 11:00 AM – 10:00 PM, Friday: 11:00 AM – 10:00 PM, Saturday: 11:00 AM – 10:00 PM, Sunday: 2:00 – 10:00 PM",Faizan madni official,1,"Oh no, that sounds frustrating! 😕 It's really disappointing when you make an effort to go J.and they're already closed and said behind the window ""Get Out"". That's so annoying! I have arrived at 9:50pm,which is before the official closing time of 10pm, right? It's really frustrating when they refuse to serve you even though you made it in time.That's really strange and unfair. It's important for businesses to stick to their advertised closing times.",11 months ago
J. Fragrances and Cosmetics BAHRIA TOWN LAHORE,"Jasmeen Heights, Commercial Zone Sector C Jasmine Block Sector C Bahria Town, Lahore, Punjab 53720, Pakistan",0321 4460190,http://www.junaidjamshed.com/,"Monday: 11:00 AM – 10:00 PM, Tuesday: 11:00 AM – 10:00 PM, Wednesday: 11:00 AM – 10:00 PM, Thursday: 11:00 AM – 10:00 PM, Friday: 11:00 AM – 10:00 PM, Saturday: 11:00 AM – 10:00 PM, Sunday: 2:00 – 10:00 PM",asad rasool,5,Best J.shop to buy any kind of fragrance,5 months ago
J. Fragrances and Cosmetics BAHRIA TOWN LAHORE,"Jasmeen Heights, Commercial Zone Sector C Jasmine Block Sector C Bahria Town, Lahore, Punjab 53720, Pakistan",0321 4460190,http://www.junaidjamshed.com/,"Monday: 11:00 AM – 10:00 PM, Tuesday: 11:00 AM – 10:00 PM, Wednesday: 11:00 AM – 10:00 PM, Thursday: 11:00 AM – 10:00 PM, Friday: 11:00 AM – 10:00 PM, Saturday: 11:00 AM – 10:00 PM, Sunday: 2:00 – 10:00 PM",Muhammad Qasim,5,"Best place for kids.
Zebra have zabardast bond with kids.

Lawns opposite lion cage are ok for sitting.
Over 40 lions including adobrable baby lions. Must watch.

Birds area staff want speed money for entering after time. Do number.",a year ago
J-Mart utility store,"G8J9+78V, Ichhra Shah Din Scheme Lahore, Punjab 54000, Pakistan",N/A,N/A,"Monday: 9:00 AM – 12:00 AM, Tuesday: 9:00 AM – 12:00 AM, Wednesday: 9:00 AM – 12:00 AM, Thursday: 9:00 AM – 12:00 AM, Friday: 9:00 AM – 12:00 AM, Saturday: 9:00 AM – 12:00 AM, Sunday: 9:00 AM – 12:00 AM",Kafeel Chaudhary,4,"Here i would love the share my love for last month stay, had the pleasure of staying at the Islamabad Marriott Hotel, and it was truly an unforgettable experience. From the moment I stepped into the lobby, I was welcomed with exceptional hospitality and warmth true National spirit, the most hospitle nations among the world. The room was spacious, elegantly decorated, and offered breathtaking views of the city. The hotel's amenities, including the pool and fitness center, were top-notch and added to the overall enjoyment of my stay. The staff was incredibly attentive and went above and beyond to ensure that all my needs were met. Dining was a culinary delight, with a wide range of delicious options to choose from. The Islamabad Marriott Hotel truly exceeded my expectations, and I would highly recommend it to anyone looking for a luxurious and comfortable stay in Islamabad.",2 months ago
J-Mart utility store,"G8J9+78V, Ichhra Shah Din Scheme Lahore, Punjab 54000, Pakistan",N/A,N/A,"Monday: 9:00 AM – 12:00 AM, Tuesday: 9:00 AM – 12:00 AM, Wednesday: 9:00 AM – 12:00 AM, Thursday: 9:00 AM – 12:00 AM, Friday: 9:00 AM – 12:00 AM, Saturday: 9:00 AM – 12:00 AM, Sunday: 9:00 AM – 12:00 AM",M. Usman H. Chauhan,5,"Nice shop , since my childhood, almost every   general item available, even serves k&n's chicken products. And they close after 1 o'clock.
A.m",5 years ago
J-Mart utility store,"G8J9+78V, Ichhra Shah Din Scheme Lahore, Punjab 54000, Pakistan",N/A,N/A,"Monday: 9:00 AM – 12:00 AM, Tuesday: 9:00 AM – 12:00 AM, Wednesday: 9:00 AM – 12:00 AM, Thursday: 9:00 AM – 12:00 AM, Friday: 9:00 AM – 12:00 AM, Saturday: 9:00 AM – 12:00 AM, Sunday: 9:00 AM – 12:00 AM",Muhammad Qasim Shah,5,It is one of the renowned Utility Store of Ichra Lahore. And More than an average General Store.,2 years ago
J-Mart utility store,"G8J9+78V, Ichhra Shah Din Scheme Lahore, Punjab 54000, Pakistan",N/A,N/A,"Monday: 9:00 AM – 12:00 AM, Tuesday: 9:00 AM – 12:00 AM, Wednesday: 9:00 AM – 12:00 AM, Thursday: 9:00 AM – 12:00 AM, Friday: 9:00 AM – 12:00 AM, Saturday: 9:00 AM – 12:00 AM, Sunday: 9:00 AM – 12:00 AM",Kashif Javed,4,Nice grocery store. Not giving 5 stars because they don't have bakery items,7 years ago
J-Mart utility store,"G8J9+78V, Ichhra Shah Din Scheme Lahore, Punjab 54000, Pakistan",N/A,N/A,"Monday: 9:00 AM – 12:00 AM, Tuesday: 9:00 AM – 12:00 AM, Wednesday: 9:00 AM – 12:00 AM, Thursday: 9:00 AM – 12:00 AM, Friday: 9:00 AM – 12:00 AM, Saturday: 9:00 AM – 12:00 AM, Sunday: 9:00 AM – 12:00 AM",Haris Sohail Bajwa,5,Not too expensive. Almost all utilities are available.,7 years ago
J.Z. Closet,"House#41street#5, Ahmed St, lal pul Ahmed Block Mughalpura, Lahore, Punjab 54840, Pakistan",0317 4870388,N/A,"Monday: Open 24 hours, Tuesday: Open 24 hours, Wednesday: Open 24 hours, Thursday: Open 24 hours, Friday: Open 24 hours, Saturday: Open 24 hours, Sunday: Open 24 hours",Ahmed Khan,5,Stuff is amazing and good quality really very much satisfied thank u ❤️i will shop again In ShaaAllah 😇,3 years ago
J.Z. Closet,"House#41street#5, Ahmed St, lal pul Ahmed Block Mughalpura, Lahore, Punjab 54840, Pakistan",0317 4870388,N/A,"Monday: Open 24 hours, Tuesday: Open 24 hours, Wednesday: Open 24 hours, Thursday: Open 24 hours, Friday: Open 24 hours, Saturday: Open 24 hours, Sunday: Open 24 hours",Safa Cheema,5,J.Z CLOSET is owsem brand the product quality plus stiching of the shirts too good secondly the price of product so reasonable so I fully recommend this brand,3 years ago
j.Shop Jeans Shop At Haji NAZIR CENTER,"J79J+FXR, Shahdara Town, Shahdara, Lahore, Punjab, Pakistan",0341 7748964,N/A,"Monday: 10:00 AM – 10:30 PM, Tuesday: 10:00 AM – 10:30 PM, Wednesday: 10:00 AM – 10:30 PM, Thursday: 10:00 AM – 10:30 PM, Friday: 10:00 AM – 10:30 PM, Saturday: 10:00 AM – 10:30 PM, Sunday: 10:00 AM – 10:30 PM",Muhammad Omar Bhatti,5,100% export leftover Jeans Available here,3 years ago
J. Junaid Jamshed,"95CP+HQ6, near cakes and bakes, Chambelli commercial Commercial Area Sector C Bahria Town, Lahore, Punjab 53720, Pakistan",N/A,http://junaidjamshed.com/,,Mishal Ramay,1,Sold me a defected lipstick and then when I tried to exchange it they denied . Really disappointed this was my first time buying makeup products from them and also my last … I was expecting better since this is a well KNOWN brand .,6 months ago
J. Junaid Jamshed,"95CP+HQ6, near cakes and bakes, Chambelli commercial Commercial Area Sector C Bahria Town, Lahore, Punjab 53720, Pakistan",N/A,http://junaidjamshed.com/,,Husnain Ali,1,They are not using Google maps as i visited by seeing shop time 11 am but when I reach there the time is 2 pm on Sunday. This shows they are not up-to-date in this world,4 months ago
J. Junaid Jamshed,"95CP+HQ6, near cakes and bakes, Chambelli commercial Commercial Area Sector C Bahria Town, Lahore, Punjab 53720, Pakistan",N/A,http://junaidjamshed.com/,,Phool,1,Bad costumer service. Bulaty rho sunty hi ni dosry costumer k sath busy ho jaty less staff they have  sizes not available,6 months ago
J. Junaid Jamshed,"95CP+HQ6, near cakes and bakes, Chambelli commercial Commercial Area Sector C Bahria Town, Lahore, Punjab 53720, Pakistan",N/A,http://junaidjamshed.com/,,Uzma Kashif,4,Good and helpful staff at this branch.,4 months ago
J. Junaid Jamshed,"95CP+HQ6, near cakes and bakes, Chambelli commercial Commercial Area Sector C Bahria Town, Lahore, Punjab 53720, Pakistan",N/A,http://junaidjamshed.com/,,Yasir Chaudry,1,Mr. Ishaq was very rude at the Cash counter.,5 months ago
Khaadi,"15L, Mini Market, MM Alam Rd, Block L Gulberg 2, Lahore, 54660, Pakistan",(042) 35878664,https://pk.khaadi.com/,"Monday: 11:00 AM – 10:00 PM, Tuesday: 11:00 AM – 10:00 PM, Wednesday: 11:00 AM – 10:00 PM, Thursday: 11:00 AM – 10:00 PM, Friday: 11:00 AM – 10:00 PM, Saturday: 11:00 AM – 10:00 PM, Sunday: 2:00 – 10:00 PM",S S,4,"Nice clothes, I was only able to choose one kameez and a matching trousers to buy, though I went to buy 3 or 4, around a 10k price (pkr).. so not many designs would likely match one's taste.
The hand embroidered weren't in the price range for daily wearing. They were 28k each, and the patterns weren't great enough attractive to encourage me to splash the cash.",5 months ago
Khaadi,"15L, Mini Market, MM Alam Rd, Block L Gulberg 2, Lahore, 54660, Pakistan",(042) 35878664,https://pk.khaadi.com/,"Monday: 11:00 AM – 10:00 PM, Tuesday: 11:00 AM – 10:00 PM, Wednesday: 11:00 AM – 10:00 PM, Thursday: 11:00 AM – 10:00 PM, Friday: 11:00 AM – 10:00 PM, Saturday: 11:00 AM – 10:00 PM, Sunday: 2:00 – 10:00 PM",Farrukh Aslam,5,"This branch of Khaadi offers huge collection of stitched and unstitched clothes. The staff is normally helpful and courteous with great overall ambiance. Display of most of the variety along the walls helps you get a better view of the print and cloth quality, for proper selection.
It has a lot of outdoor parking 🅿️ area, around the store, covering both the connecting roads but still it becomes overcrowded at times. The usual peak time rush at the mini market also contributes to the parking congestion.",3 years ago
Khaadi,"15L, Mini Market, MM Alam Rd, Block L Gulberg 2, Lahore, 54660, Pakistan",(042) 35878664,https://pk.khaadi.com/,"Monday: 11:00 AM – 10:00 PM, Tuesday: 11:00 AM – 10:00 PM, Wednesday: 11:00 AM – 10:00 PM, Thursday: 11:00 AM – 10:00 PM, Friday: 11:00 AM – 10:00 PM, Saturday: 11:00 AM – 10:00 PM, Sunday: 2:00 – 10:00 PM",A Hurera Shakeel,5,"Khadi perfumes is the best perfume in allover the brands except j. Bonanza, limelight, outfitter etc...
The perfomance of the khadi perfume is best and very long lasting. I used j. Many time but i can never compare these perfumes with each other due to the performance.
Highly recomended",8 months ago
Khaadi,"15L, Mini Market, MM Alam Rd, Block L Gulberg 2, Lahore, 54660, Pakistan",(042) 35878664,https://pk.khaadi.com/,"Monday: 11:00 AM – 10:00 PM, Tuesday: 11:00 AM – 10:00 PM, Wednesday: 11:00 AM – 10:00 PM, Thursday: 11:00 AM – 10:00 PM, Friday: 11:00 AM – 10:00 PM, Saturday: 11:00 AM – 10:00 PM, Sunday: 2:00 – 10:00 PM",Abdul Hammad,5,"I love their articles and the fabric !!
Khaadi has a great ambiance
I love the plants they have in their outlets with a specific green very very fresh !!",2 years ago
Khaadi,"15L, Mini Market, MM Alam Rd, Block L Gulberg 2, Lahore, 54660, Pakistan",(042) 35878664,https://pk.khaadi.com/,"Monday: 11:00 AM – 10:00 PM, Tuesday: 11:00 AM – 10:00 PM, Wednesday: 11:00 AM – 10:00 PM, Thursday: 11:00 AM – 10:00 PM, Friday: 11:00 AM – 10:00 PM, Saturday: 11:00 AM – 10:00 PM, Sunday: 2:00 – 10:00 PM",Mohammad Sohail,5,"It's one of the biggest outlet of Khaadi. It has unstitched, Preet, kids and HOME collection. Off season rates are reasonable but on occasion they set higher prices but quality of products is very good. This outlet is well decorated, well organized and good customer support as well...Hope you will enjoy the visit",3 years ago
Khaadi,"Aslam Plaza, Adam Jee Rd, Saddar, Rawalpindi, 46000, Pakistan",(051) 5120417,http://pk.khaadi.com/,"Monday: 11:00 AM – 10:00 PM, Tuesday: 11:00 AM – 10:00 PM, Wednesday: 11:00 AM – 10:00 PM, Thursday: 11:00 AM – 10:00 PM, Friday: 11:00 AM – 10:00 PM, Saturday: 11:00 AM – 10:00 PM, Sunday: 11:00 AM – 10:00 PM",Fahad Masood,5,A Good brand what i like about khaadi is the sales and new arrival section both have great clors and great offer's,4 years ago
Khaadi,"Aslam Plaza, Adam Jee Rd, Saddar, Rawalpindi, 46000, Pakistan",(051) 5120417,http://pk.khaadi.com/,"Monday: 11:00 AM – 10:00 PM, Tuesday: 11:00 AM – 10:00 PM, Wednesday: 11:00 AM – 10:00 PM, Thursday: 11:00 AM – 10:00 PM, Friday: 11:00 AM – 10:00 PM, Saturday: 11:00 AM – 10:00 PM, Sunday: 11:00 AM – 10:00 PM",Sarah Waqas,5,Very economical prices.. Good prints.. Good quality.. I give 5* ❤️,2 years ago
Khaadi,"Aslam Plaza, Adam Jee Rd, Saddar, Rawalpindi, 46000, Pakistan",(051) 5120417,http://pk.khaadi.com/,"Monday: 11:00 AM – 10:00 PM, Tuesday: 11:00 AM – 10:00 PM, Wednesday: 11:00 AM – 10:00 PM, Thursday: 11:00 AM – 10:00 PM, Friday: 11:00 AM – 10:00 PM, Saturday: 11:00 AM – 10:00 PM, Sunday: 11:00 AM – 10:00 PM",Ahmad Hussain,5,A good clothing brand for women and has maintained quality since inception. The staff of this branch is professional and cooperative. This place accept both cash and cards. The only limitation I found is less range of ready to wear clothes but that might be due to Eid.,3 years ago
Khaadi,"Aslam Plaza, Adam Jee Rd, Saddar, Rawalpindi, 46000, Pakistan",(051) 5120417,http://pk.khaadi.com/,"Monday: 11:00 AM – 10:00 PM, Tuesday: 11:00 AM – 10:00 PM, Wednesday: 11:00 AM – 10:00 PM, Thursday: 11:00 AM – 10:00 PM, Friday: 11:00 AM – 10:00 PM, Saturday: 11:00 AM – 10:00 PM, Sunday: 11:00 AM – 10:00 PM",Umar Ali,3,Mainly because of price tag although service is good,a year ago
Khaadi,"Aslam Plaza, Adam Jee Rd, Saddar, Rawalpindi, 46000, Pakistan",(051) 5120417,http://pk.khaadi.com/,"Monday: 11:00 AM – 10:00 PM, Tuesday: 11:00 AM – 10:00 PM, Wednesday: 11:00 AM – 10:00 PM, Thursday: 11:00 AM – 10:00 PM, Friday: 11:00 AM – 10:00 PM, Saturday: 11:00 AM – 10:00 PM, Sunday: 11:00 AM – 10:00 PM",Imran Ahmad,4,"Good designs are available, price are bit high",6 years ago
Khaadi,"near Askari Bank, Pak Block Allama Iqbal Town, Lahore, 54570, Pakistan",(042) 37808512,http://pk.khaadi.com/,"Monday: 11:00 AM – 10:00 PM, Tuesday: 11:00 AM – 10:00 PM, Wednesday: 11:00 AM – 10:00 PM, Thursday: 11:00 AM – 10:00 PM, Friday: 11:00 AM – 10:00 PM, Saturday: 11:00 AM – 10:00 PM, Sunday: 2:00 – 10:00 PM",Rao Umair,5,"40,30 & 20% sale on khadi and style of dresses are nice bt prices are too high...",2 years ago
Khaadi,"near Askari Bank, Pak Block Allama Iqbal Town, Lahore, 54570, Pakistan",(042) 37808512,http://pk.khaadi.com/,"Monday: 11:00 AM – 10:00 PM, Tuesday: 11:00 AM – 10:00 PM, Wednesday: 11:00 AM – 10:00 PM, Thursday: 11:00 AM – 10:00 PM, Friday: 11:00 AM – 10:00 PM, Saturday: 11:00 AM – 10:00 PM, Sunday: 2:00 – 10:00 PM",Herbo Natural,4,Rates and rush was too much. It was a bigger outlet but with less parking space.,a year ago
Khaadi,"near Askari Bank, Pak Block Allama Iqbal Town, Lahore, 54570, Pakistan",(042) 37808512,http://pk.khaadi.com/,"Monday: 11:00 AM – 10:00 PM, Tuesday: 11:00 AM – 10:00 PM, Wednesday: 11:00 AM – 10:00 PM, Thursday: 11:00 AM – 10:00 PM, Friday: 11:00 AM – 10:00 PM, Saturday: 11:00 AM – 10:00 PM, Sunday: 2:00 – 10:00 PM",Nida Aslam Chughtai,3,It used to be amazing. But designs now are not very attractive.,3 months ago
Khaadi,"near Askari Bank, Pak Block Allama Iqbal Town, Lahore, 54570, Pakistan",(042) 37808512,http://pk.khaadi.com/,"Monday: 11:00 AM – 10:00 PM, Tuesday: 11:00 AM – 10:00 PM, Wednesday: 11:00 AM – 10:00 PM, Thursday: 11:00 AM – 10:00 PM, Friday: 11:00 AM – 10:00 PM, Saturday: 11:00 AM – 10:00 PM, Sunday: 2:00 – 10:00 PM",Muhammad Aamir Saleem,5,Amazing building with lots of well managed plants in there. I especially like their plants in the building. It creates an amazing atmosphere on the building giving positive vibes. Their clothes are also quite affordable and of top quality. I have visited many outlets of Khaadi with my family and I have always been impressed with the plants and the building architecture. Hope they always manage real plants and don't go for fake plants like many others.,a year ago
Khaadi,"near Askari Bank, Pak Block Allama Iqbal Town, Lahore, 54570, Pakistan",(042) 37808512,http://pk.khaadi.com/,"Monday: 11:00 AM – 10:00 PM, Tuesday: 11:00 AM – 10:00 PM, Wednesday: 11:00 AM – 10:00 PM, Thursday: 11:00 AM – 10:00 PM, Friday: 11:00 AM – 10:00 PM, Saturday: 11:00 AM – 10:00 PM, Sunday: 2:00 – 10:00 PM",Fahad Zafar,5,A great shopping experience for ladies with wide range of seasonal articles. Khaadi has maintained the look and interior of their store outlets with uniformity.,6 years ago
Khaadi Experience Square,"Y Block, Round Comm. Market, Sector Y DHA Phase 3, Lahore, 54792, Pakistan",(042) 37186076,http://pk.khaadi.com/,"Monday: 11:00 AM – 10:00 PM, Tuesday: 11:00 AM – 10:00 PM, Wednesday: 11:00 AM – 10:00 PM, Thursday: 11:00 AM – 10:00 PM, Friday: 11:00 AM – 10:00 PM, Saturday: 11:00 AM – 10:00 PM, Sunday: 2:00 – 10:00 PM",Abdullah Nafis,4,"This branch is humongous!
They have 3 floor plus a basement, dividing the clothing line into different sections, giving a whole new shopping experience!
The best part is that they have ample seating places. 😉",a year ago
Khaadi Experience Square,"Y Block, Round Comm. Market, Sector Y DHA Phase 3, Lahore, 54792, Pakistan",(042) 37186076,http://pk.khaadi.com/,"Monday: 11:00 AM – 10:00 PM, Tuesday: 11:00 AM – 10:00 PM, Wednesday: 11:00 AM – 10:00 PM, Thursday: 11:00 AM – 10:00 PM, Friday: 11:00 AM – 10:00 PM, Saturday: 11:00 AM – 10:00 PM, Sunday: 2:00 – 10:00 PM",big b,4,"This is the epitome of what a flagship store should be. I absolutely love their decor and the tasteful design of both the exteriors and interiors. They offer the classic Khaadi products that you would expect. If you’re not a fan of Khaadi, this place might not be for you. Their prices are also in line with Khaadi’s standard pricing. I don’t understand why people complain about the prices in their reviews. What do you expect from Khaadi? Should they sell their high-quality products at the rates of a local bazaar like Saddar or Anakali? Of course not. Stop complaining and appreciate the quality and experience they offer!",2 months ago
Khaadi Experience Square,"Y Block, Round Comm. Market, Sector Y DHA Phase 3, Lahore, 54792, Pakistan",(042) 37186076,http://pk.khaadi.com/,"Monday: 11:00 AM – 10:00 PM, Tuesday: 11:00 AM – 10:00 PM, Wednesday: 11:00 AM – 10:00 PM, Thursday: 11:00 AM – 10:00 PM, Friday: 11:00 AM – 10:00 PM, Saturday: 11:00 AM – 10:00 PM, Sunday: 2:00 – 10:00 PM",Saad Razak Khan,1,"Pathetic arrangement. What could've been displayed on one floor has been scattered over multiple floors. Pointless.

Old outlet was wayy better. Stupid decision to shift it here.

So many floors and nothing for men 🙄",a year ago
Khaadi Experience Square,"Y Block, Round Comm. Market, Sector Y DHA Phase 3, Lahore, 54792, Pakistan",(042) 37186076,http://pk.khaadi.com/,"Monday: 11:00 AM – 10:00 PM, Tuesday: 11:00 AM – 10:00 PM, Wednesday: 11:00 AM – 10:00 PM, Thursday: 11:00 AM – 10:00 PM, Friday: 11:00 AM – 10:00 PM, Saturday: 11:00 AM – 10:00 PM, Sunday: 2:00 – 10:00 PM",Mehwish malik,5,"What a massive and complete store 💗
I loved my time over there . Shopped a lot .
Especially thx to Mr.Zeeshan, the gift corner sales person he was so sweet and kind.
Khaadi provides wheel chair for aged ppl and that's a plus plus plus and Mr Zeeshan took care of my mom's shopping, taking her to every display on wheel chair.
Kindness matters.
I am so happy for my Khaadi experience 💓",a year ago
Khaadi Experience Square,"Y Block, Round Comm. Market, Sector Y DHA Phase 3, Lahore, 54792, Pakistan",(042) 37186076,http://pk.khaadi.com/,"Monday: 11:00 AM – 10:00 PM, Tuesday: 11:00 AM – 10:00 PM, Wednesday: 11:00 AM – 10:00 PM, Thursday: 11:00 AM – 10:00 PM, Friday: 11:00 AM – 10:00 PM, Saturday: 11:00 AM – 10:00 PM, Sunday: 2:00 – 10:00 PM",Bushra Kabir,3,Khaddi is good for ladies stitched and un stitched  party wears new collection is good but very expensive,2 months ago
Khaadi,"F-10 Markaz F 10/3 F-10, Islamabad, Pakistan",(051) 2809627,http://pk.khaadi.com/,"Monday: 11:00 AM – 11:00 PM, Tuesday: 11:00 AM – 11:00 PM, Wednesday: 11:00 AM – 11:00 PM, Thursday: 11:00 AM – 11:00 PM, Friday: 11:00 AM – 11:00 PM, Saturday: 11:00 AM – 11:00 PM, Sunday: 12:00 – 11:00 PM",Atee,5,"Ladies favorite place for stitch and unstitched cloths, jewelry, glasses, bags and perfume available. Nice decor. Good and trained staff. Discounts are available through out the year on specific products.
Called them for gift cards.
Having only 100 RS charges.
Can load any amount
Can get the card at any nearest shop.
If balance is zero then card will be closed.",a year ago
Khaadi,"F-10 Markaz F 10/3 F-10, Islamabad, Pakistan",(051) 2809627,http://pk.khaadi.com/,"Monday: 11:00 AM – 11:00 PM, Tuesday: 11:00 AM – 11:00 PM, Wednesday: 11:00 AM – 11:00 PM, Thursday: 11:00 AM – 11:00 PM, Friday: 11:00 AM – 11:00 PM, Saturday: 11:00 AM – 11:00 PM, Sunday: 12:00 – 11:00 PM",Umer Ayub,4,"This is the biggest branches of Khaadi in Islamabad ..
They have relocated from a near by old place to here.
Huge setup and beautiful entrance,
Ample parking and so many of varieties.
it's winter clearance sale so place is a bit crowded.
Very good services and trained staff. Staff seems little lazy",a year ago
Khaadi,"F-10 Markaz F 10/3 F-10, Islamabad, Pakistan",(051) 2809627,http://pk.khaadi.com/,"Monday: 11:00 AM – 11:00 PM, Tuesday: 11:00 AM – 11:00 PM, Wednesday: 11:00 AM – 11:00 PM, Thursday: 11:00 AM – 11:00 PM, Friday: 11:00 AM – 11:00 PM, Saturday: 11:00 AM – 11:00 PM, Sunday: 12:00 – 11:00 PM",Kaikaus Kiani,5,"A nice outlet, not over crowded. Staff is at best to serve the customer and are friendly.
Availbility of items is a bit problem if you just visit online and trying to get it over there or any outlet. Staff is friendly and are there to help you.",a year ago
Khaadi,"F-10 Markaz F 10/3 F-10, Islamabad, Pakistan",(051) 2809627,http://pk.khaadi.com/,"Monday: 11:00 AM – 11:00 PM, Tuesday: 11:00 AM – 11:00 PM, Wednesday: 11:00 AM – 11:00 PM, Thursday: 11:00 AM – 11:00 PM, Friday: 11:00 AM – 11:00 PM, Saturday: 11:00 AM – 11:00 PM, Sunday: 12:00 – 11:00 PM",Faysal Ishrat,4,"One of the biggest branches of Khaadi in Islamabad.
They have relocated from a near by old place to here.
Huge setup,
Ample parking and lots of variety.
Now a days it's winter clearance sale so place is a bit crowded.
Very good services and trained staff.",2 years ago
Khaadi,"F-10 Markaz F 10/3 F-10, Islamabad, Pakistan",(051) 2809627,http://pk.khaadi.com/,"Monday: 11:00 AM – 11:00 PM, Tuesday: 11:00 AM – 11:00 PM, Wednesday: 11:00 AM – 11:00 PM, Thursday: 11:00 AM – 11:00 PM, Friday: 11:00 AM – 11:00 PM, Saturday: 11:00 AM – 11:00 PM, Sunday: 12:00 – 11:00 PM",Maria Munir,1,"Recently visited the store, the sale person’s were fully not interested in selling anything and I purchased a dress they were asking each other for the dress piles and ended up giving me the wrong dress. I was in hurry and trusted them that they gave me what has been asked. It was the worst experience.",8 months ago
Khaadi,"2nd Floor, Atrium Mall, Fatima Jinnah Rd, MBL Panorama Karachi Cantonment, Karachi, 75530, Pakistan",(021) 35644318,http://pk.khaadi.com/,"Monday: 11:00 PM – 12:00 AM, Tuesday: 12:00 AM – 10:00 PM, Wednesday: 11:00 AM – 10:00 PM, Thursday: 11:00 AM – 10:00 PM, Friday: 3:00 – 11:00 PM, Saturday: 11:00 AM – 11:00 PM, Sunday: 2:00 – 11:00 PM",Safeer Ahmed,4,"It's good but there are less clothes embroidery dresses.  You can find limited item and stock here.
Mostly dresses are printed. If you like printed dress then it's recommended for you. Printing quality is good.

No Aazadi sale.. no winter collection sale these days.
All brands are offering 35 to 50% off but this brand nil 😡😡😡😡🤬🤬🤬.",7 months ago
Khaadi,"2nd Floor, Atrium Mall, Fatima Jinnah Rd, MBL Panorama Karachi Cantonment, Karachi, 75530, Pakistan",(021) 35644318,http://pk.khaadi.com/,"Monday: 11:00 PM – 12:00 AM, Tuesday: 12:00 AM – 10:00 PM, Wednesday: 11:00 AM – 10:00 PM, Thursday: 11:00 AM – 10:00 PM, Friday: 3:00 – 11:00 PM, Saturday: 11:00 AM – 11:00 PM, Sunday: 2:00 – 11:00 PM",321 Sam,1,Very poor quality of products suit was damaged from 2 places when asked to counter person he was not willing to do something.Rude and stupid staff. Thug brand 1st experience. Pics attached for others to see before being looted here.,5 years ago
Khaadi,"2nd Floor, Atrium Mall, Fatima Jinnah Rd, MBL Panorama Karachi Cantonment, Karachi, 75530, Pakistan",(021) 35644318,http://pk.khaadi.com/,"Monday: 11:00 PM – 12:00 AM, Tuesday: 12:00 AM – 10:00 PM, Wednesday: 11:00 AM – 10:00 PM, Thursday: 11:00 AM – 10:00 PM, Friday: 3:00 – 11:00 PM, Saturday: 11:00 AM – 11:00 PM, Sunday: 2:00 – 11:00 PM",Shamrana Hussain,5,Excellent place to go for all occasions.,2 months ago
Khaadi,"2nd Floor, Atrium Mall, Fatima Jinnah Rd, MBL Panorama Karachi Cantonment, Karachi, 75530, Pakistan",(021) 35644318,http://pk.khaadi.com/,"Monday: 11:00 PM – 12:00 AM, Tuesday: 12:00 AM – 10:00 PM, Wednesday: 11:00 AM – 10:00 PM, Thursday: 11:00 AM – 10:00 PM, Friday: 3:00 – 11:00 PM, Saturday: 11:00 AM – 11:00 PM, Sunday: 2:00 – 11:00 PM",Tasneem Tazz,4,Good range of unstitched pieces but they  have awful collection of stitched dresses . Perfumes can be bought from here too.,a year ago
Khaadi,"2nd Floor, Atrium Mall, Fatima Jinnah Rd, MBL Panorama Karachi Cantonment, Karachi, 75530, Pakistan",(021) 35644318,http://pk.khaadi.com/,"Monday: 11:00 PM – 12:00 AM, Tuesday: 12:00 AM – 10:00 PM, Wednesday: 11:00 AM – 10:00 PM, Thursday: 11:00 AM – 10:00 PM, Friday: 3:00 – 11:00 PM, Saturday: 11:00 AM – 11:00 PM, Sunday: 2:00 – 11:00 PM",Ahsan Swalheen,4,Huge factory outlet,9 months ago
Khaadi pwd,"Main PWD Rd, Doctors Housing Society Doctors CHS, Islamabad, Pakistan",(051) 5735030,http://pk.khaadi.com/,"Monday: 11:00 AM – 11:00 PM, Tuesday: 11:00 AM – 11:00 PM, Wednesday: 11:00 AM – 11:00 PM, Thursday: 11:00 AM – 11:00 PM, Friday: 11:00 AM – 11:00 PM, Saturday: 11:00 AM – 11:00 PM, Sunday: 11:00 AM – 11:00 PM",Arooj Saif,5,"They are very expensive but amazing. The sales staff is very cooperative and polite. The ambiance of the store is very comfortable to move around.
They have a very nice and spacious try room which makes the trials very smooth.",2 years ago
Khaadi pwd,"Main PWD Rd, Doctors Housing Society Doctors CHS, Islamabad, Pakistan",(051) 5735030,http://pk.khaadi.com/,"Monday: 11:00 AM – 11:00 PM, Tuesday: 11:00 AM – 11:00 PM, Wednesday: 11:00 AM – 11:00 PM, Thursday: 11:00 AM – 11:00 PM, Friday: 11:00 AM – 11:00 PM, Saturday: 11:00 AM – 11:00 PM, Sunday: 11:00 AM – 11:00 PM",Core Vision Consultants & Marketing Pvt Ltd,5,"Khaadi PWD offers a wide range of stylish and high-quality clothing with a well-organized store layout, but customer service can occasionally be slow during peak hours.",2 months ago
Khaadi pwd,"Main PWD Rd, Doctors Housing Society Doctors CHS, Islamabad, Pakistan",(051) 5735030,http://pk.khaadi.com/,"Monday: 11:00 AM – 11:00 PM, Tuesday: 11:00 AM – 11:00 PM, Wednesday: 11:00 AM – 11:00 PM, Thursday: 11:00 AM – 11:00 PM, Friday: 11:00 AM – 11:00 PM, Saturday: 11:00 AM – 11:00 PM, Sunday: 11:00 AM – 11:00 PM",Nadeem Iqbal,5,"Excellent store in PWD. Parking is available. Generally not so crowded. Staff is cooperative. Environment is pleasant. Have good stuff for ladies. No Men's ware there???
25 year old Shamoon Sultan opened the first Khaadi store in Karachi, Pakistan. Two decades ago, we started off by catering to a different customer, now our customer has a new mind set and we need to be relevant. There’s a new generation of clientele that is looking towards our brand and they are more confident, expressive, and empowered in the way they are thinking.
We don’t wait to stagnate. We change, we create the change.",3 years ago
Khaadi pwd,"Main PWD Rd, Doctors Housing Society Doctors CHS, Islamabad, Pakistan",(051) 5735030,http://pk.khaadi.com/,"Monday: 11:00 AM – 11:00 PM, Tuesday: 11:00 AM – 11:00 PM, Wednesday: 11:00 AM – 11:00 PM, Thursday: 11:00 AM – 11:00 PM, Friday: 11:00 AM – 11:00 PM, Saturday: 11:00 AM – 11:00 PM, Sunday: 11:00 AM – 11:00 PM",Noor Muhammad,4,"Sitting place available, silent place, cooperative staff.",10 months ago
Khaadi pwd,"Main PWD Rd, Doctors Housing Society Doctors CHS, Islamabad, Pakistan",(051) 5735030,http://pk.khaadi.com/,"Monday: 11:00 AM – 11:00 PM, Tuesday: 11:00 AM – 11:00 PM, Wednesday: 11:00 AM – 11:00 PM, Thursday: 11:00 AM – 11:00 PM, Friday: 11:00 AM – 11:00 PM, Saturday: 11:00 AM – 11:00 PM, Sunday: 11:00 AM – 11:00 PM",Mohammad Saqib,5,"Catchy display, elegant designs and quality fabric combined with competitive prices is what makes a winning combination of Khaadi",a year ago
Khaadi,"Shop # LG-72 Ground Floor Dolmen, Tariq Rd, Delhi Society Delhi CHS P.E.C.H.S., Karachi, 75400, Pakistan",(021) 34551439,http://www.khaadi.com/,"Monday: 12:00 – 10:00 PM, Tuesday: 12:00 – 10:00 PM, Wednesday: 12:00 – 10:00 PM, Thursday: 12:00 – 10:00 PM, Friday: 3:00 – 11:00 PM, Saturday: 12:00 – 11:00 PM, Sunday: 12:00 – 10:00 PM",Muhammad Owais Abdul Qadir,5,"This top rated brand Khaadi has achieved a great milestone by making wonderful dresses for both genders. Their shop and their clothes defines the ideology of pure craftman ship which they have precisely maintained from last several years. Although they have limited variety for Men and they really need work in this sector. Besides that they are now expanding to the global market to compete with other international brands by proudly making ""Made in Pakistan"" products.",2 weeks ago
Khaadi,"Shop # LG-72 Ground Floor Dolmen, Tariq Rd, Delhi Society Delhi CHS P.E.C.H.S., Karachi, 75400, Pakistan",(021) 34551439,http://www.khaadi.com/,"Monday: 12:00 – 10:00 PM, Tuesday: 12:00 – 10:00 PM, Wednesday: 12:00 – 10:00 PM, Thursday: 12:00 – 10:00 PM, Friday: 3:00 – 11:00 PM, Saturday: 12:00 – 11:00 PM, Sunday: 12:00 – 10:00 PM",Fahad Zaidi,4,"This clothing brand provides an overall good shopping experience with stylish options. However, it tends to be a bit overpriced for what it offers. While the quality is commendable, it would be more appealing if they could strike a better balance between quality and affordability.",a year ago
Khaadi,"Shop # LG-72 Ground Floor Dolmen, Tariq Rd, Delhi Society Delhi CHS P.E.C.H.S., Karachi, 75400, Pakistan",(021) 34551439,http://www.khaadi.com/,"Monday: 12:00 – 10:00 PM, Tuesday: 12:00 – 10:00 PM, Wednesday: 12:00 – 10:00 PM, Thursday: 12:00 – 10:00 PM, Friday: 3:00 – 11:00 PM, Saturday: 12:00 – 11:00 PM, Sunday: 12:00 – 10:00 PM",Nadi Jamil,5,"Excellent shopping experience,,good variety of clothes,price a little high",4 months ago
Khaadi,"Shop # LG-72 Ground Floor Dolmen, Tariq Rd, Delhi Society Delhi CHS P.E.C.H.S., Karachi, 75400, Pakistan",(021) 34551439,http://www.khaadi.com/,"Monday: 12:00 – 10:00 PM, Tuesday: 12:00 – 10:00 PM, Wednesday: 12:00 – 10:00 PM, Thursday: 12:00 – 10:00 PM, Friday: 3:00 – 11:00 PM, Saturday: 12:00 – 11:00 PM, Sunday: 12:00 – 10:00 PM",Ghazeer Usman Khan,1,"Not worth it. Bad customer service and floor was greasy at best. I was talked to rudely and stopped for looking at clothes, which makes NO SENSE. Will never shop here again",a year ago
Khaadi,"Shop # LG-72 Ground Floor Dolmen, Tariq Rd, Delhi Society Delhi CHS P.E.C.H.S., Karachi, 75400, Pakistan",(021) 34551439,http://www.khaadi.com/,"Monday: 12:00 – 10:00 PM, Tuesday: 12:00 – 10:00 PM, Wednesday: 12:00 – 10:00 PM, Thursday: 12:00 – 10:00 PM, Friday: 3:00 – 11:00 PM, Saturday: 12:00 – 11:00 PM, Sunday: 12:00 – 10:00 PM",javed sadiq,5,"The collection is worrh visiting to select from a wide variety of designs on offer. Noteworthy is a move away from some rather drab, washed up, muted color palette prints and designs. Now, more vibrant, striking, both heavier and light motifs plus aesthetic detailing makes this brand stand out.",2 years ago
Khaadi,"Level 2, Packages Mall, Walton Rd, Nishtar Town, Lahore, 54000, Pakistan",(042) 38303498,http://pk.khaadi.com/,"Monday: 11:00 AM – 10:00 PM, Tuesday: 11:00 AM – 10:00 PM, Wednesday: 11:00 AM – 10:00 PM, Thursday: 11:00 AM – 10:00 PM, Friday: 11:00 AM – 10:00 PM, Saturday: 11:00 AM – 10:00 PM, Sunday: 2:00 – 10:00 PM",Ali Hamza Khan,5,A very good brand with decent and variety of designs of dresses especially for women. This branch at packages has a very good interior with 2 floors. You'll find a full variety over here when you visit. Also staff is very friendly and you'll get card+ cash payment facility.,2 years ago
Khaadi,"Level 2, Packages Mall, Walton Rd, Nishtar Town, Lahore, 54000, Pakistan",(042) 38303498,http://pk.khaadi.com/,"Monday: 11:00 AM – 10:00 PM, Tuesday: 11:00 AM – 10:00 PM, Wednesday: 11:00 AM – 10:00 PM, Thursday: 11:00 AM – 10:00 PM, Friday: 11:00 AM – 10:00 PM, Saturday: 11:00 AM – 10:00 PM, Sunday: 2:00 – 10:00 PM",Farrukh Aslam,4,"This Packages Mall branch of Khaadi offers huge collection of stitched and unstitched clothes. The staff is normally helpful and courteous with great overall ambiance. Display of most of the variety along the walls helps you get a better view of the print and cloth quality, for proper selection.
It is located at the first floor with great outdoor view, due to open area along one side of the store (towards Cinepax). Most of the seasonal and special events are arranged in this area.",3 years ago
Khaadi,"Level 2, Packages Mall, Walton Rd, Nishtar Town, Lahore, 54000, Pakistan",(042) 38303498,http://pk.khaadi.com/,"Monday: 11:00 AM – 10:00 PM, Tuesday: 11:00 AM – 10:00 PM, Wednesday: 11:00 AM – 10:00 PM, Thursday: 11:00 AM – 10:00 PM, Friday: 11:00 AM – 10:00 PM, Saturday: 11:00 AM – 10:00 PM, Sunday: 2:00 – 10:00 PM",Behzad Taimur,4,"A 'flagship store' in the truest sense, they are spread over two FLOORS of the mall. Stitched; unstitched; pret and couture - all under one roof. Super helpful staff and amazing range of options. My Khaadi of choice for my Fatima! :)",5 years ago
Khaadi,"Level 2, Packages Mall, Walton Rd, Nishtar Town, Lahore, 54000, Pakistan",(042) 38303498,http://pk.khaadi.com/,"Monday: 11:00 AM – 10:00 PM, Tuesday: 11:00 AM – 10:00 PM, Wednesday: 11:00 AM – 10:00 PM, Thursday: 11:00 AM – 10:00 PM, Friday: 11:00 AM – 10:00 PM, Saturday: 11:00 AM – 10:00 PM, Sunday: 2:00 – 10:00 PM",ANSAB YAQOOB,5,"Huge outlet of khaadi there.
Enjoyed a lot 😊 😃",9 months ago
Khaadi,"Level 2, Packages Mall, Walton Rd, Nishtar Town, Lahore, 54000, Pakistan",(042) 38303498,http://pk.khaadi.com/,"Monday: 11:00 AM – 10:00 PM, Tuesday: 11:00 AM – 10:00 PM, Wednesday: 11:00 AM – 10:00 PM, Thursday: 11:00 AM – 10:00 PM, Friday: 11:00 AM – 10:00 PM, Saturday: 11:00 AM – 10:00 PM, Sunday: 2:00 – 10:00 PM",Mudassar Safdar,5,A very good brand with decent variety and designs.,a year ago
Khaadi,"GIGA Mall – World Trade Center, Ground Floor S.Z.B.S Main، G.T. Rd, near DHA Phase II، Sector F DHA Phase II, Islamabad, 44000, Pakistan",(051) 2725562,http://pk.khaadi.com/,"Monday: 11:00 AM – 11:30 PM, Tuesday: 11:00 AM – 11:30 PM, Wednesday: 11:00 AM – 11:30 PM, Thursday: 11:00 AM – 11:30 PM, Friday: 11:00 AM – 12:00 AM, Saturday: 11:00 AM – 12:00 AM, Sunday: 11:00 AM – 12:00 AM",Imranullah Khan,4,"I recently visited the Khaadi store and had a generally positive experience. The store offers an impressive range of clothing and accessories that showcase exquisite craftsmanship and unique designs. The quality of their products is undeniably high, reflecting the brand's commitment to excellence.

The store itself is well-organized, creating a pleasant and inviting atmosphere for shoppers.

However, it is important to mention that the prices at Khaadi are relatively high. While the products are undoubtedly of great quality, they do come with a premium price tag. This might not be the ideal shopping destination for those on a tight budget or seeking more affordable options.

That being said, if you are willing to splurge for top-notch quality and unique designs, Khaadi is definitely worth a visit. Their clothing and accessories are crafted with care, ensuring durability and style that lasts. It's a store where you can find distinctive pieces that stand out from the crowd.

Overall, I had a positive shopping experience at Khaadi, appreciating the quality and variety of their products. However, it's important to be prepared for the higher prices. If you value exceptional craftsmanship and don't mind spending a bit more, Khaadi is a store you should consider.",a year ago
Khaadi,"GIGA Mall – World Trade Center, Ground Floor S.Z.B.S Main، G.T. Rd, near DHA Phase II، Sector F DHA Phase II, Islamabad, 44000, Pakistan",(051) 2725562,http://pk.khaadi.com/,"Monday: 11:00 AM – 11:30 PM, Tuesday: 11:00 AM – 11:30 PM, Wednesday: 11:00 AM – 11:30 PM, Thursday: 11:00 AM – 11:30 PM, Friday: 11:00 AM – 12:00 AM, Saturday: 11:00 AM – 12:00 AM, Sunday: 11:00 AM – 12:00 AM",Abbas Hussain,4,"Khaadi store at giga Mall is a huge company operated outlet with varieties of clothing items, both stitched garments and unstitched cloth for ladies.
The store is well organised, and staff members are facilitating their customers from time to time.",9 months ago
Khaadi,"GIGA Mall – World Trade Center, Ground Floor S.Z.B.S Main، G.T. Rd, near DHA Phase II، Sector F DHA Phase II, Islamabad, 44000, Pakistan",(051) 2725562,http://pk.khaadi.com/,"Monday: 11:00 AM – 11:30 PM, Tuesday: 11:00 AM – 11:30 PM, Wednesday: 11:00 AM – 11:30 PM, Thursday: 11:00 AM – 11:30 PM, Friday: 11:00 AM – 12:00 AM, Saturday: 11:00 AM – 12:00 AM, Sunday: 11:00 AM – 12:00 AM",Tornnia Bunado,4,This khaadi store in Giga is big and has variety but staff is very bad.The girls working over the trail rooms are more concerned about their own gossips and personal matters than the customers.If customer has some kind of query they have to wait for their personal affairs to finish as they r more important.,7 months ago
Khaadi,"GIGA Mall – World Trade Center, Ground Floor S.Z.B.S Main، G.T. Rd, near DHA Phase II، Sector F DHA Phase II, Islamabad, 44000, Pakistan",(051) 2725562,http://pk.khaadi.com/,"Monday: 11:00 AM – 11:30 PM, Tuesday: 11:00 AM – 11:30 PM, Wednesday: 11:00 AM – 11:30 PM, Thursday: 11:00 AM – 11:30 PM, Friday: 11:00 AM – 12:00 AM, Saturday: 11:00 AM – 12:00 AM, Sunday: 11:00 AM – 12:00 AM",Nadeem Iqbal,5,"Good place for ladies clothes . Staff is cooperative. Environment is pleasant. Have good stuff for ladies. No Men's ware there???
25 year old Shamoon Sultan opened the first Khaadi store in Karachi, Pakistan. Two decades ago, we started off by catering to a different customer, now our customer has a new mind set and we need to be relevant. There’s a new generation of clientele that is looking towards our brand and they are more confident, expressive, and empowered in the way they are thinking.
We don’t wait to stagnate. We change, we create the change.",3 years ago
Khaadi,"GIGA Mall – World Trade Center, Ground Floor S.Z.B.S Main، G.T. Rd, near DHA Phase II، Sector F DHA Phase II, Islamabad, 44000, Pakistan",(051) 2725562,http://pk.khaadi.com/,"Monday: 11:00 AM – 11:30 PM, Tuesday: 11:00 AM – 11:30 PM, Wednesday: 11:00 AM – 11:30 PM, Thursday: 11:00 AM – 11:30 PM, Friday: 11:00 AM – 12:00 AM, Saturday: 11:00 AM – 12:00 AM, Sunday: 11:00 AM – 12:00 AM",Aqsa Mushtaq,4,Wide range of stitched and unstitched clothes. Men unstitched clothes are really good and as per weather.,2 years ago
Khaadi Experience Centre,"Nishat Emporium Mall, Abdul Haque Rd, Trade Centre Commercial Area Phase 2 Johar Town, Lahore, 54000, Pakistan",(042) 32592335,http://pk.khaadi.com/,"Monday: 11:00 AM – 10:00 PM, Tuesday: 11:00 AM – 10:00 PM, Wednesday: 11:00 AM – 10:00 PM, Thursday: 11:00 AM – 10:00 PM, Friday: 11:00 AM – 12:00 AM, Saturday: 12:00 – 10:00 AM, 11:00 AM – 12:00 AM, Sunday: 12:00 – 10:00 AM, 2:00 – 10:00 PM",Jamal Zahid,4,"Khaadi is a well-known store for ladies, offering a diverse range of stitched and unstitched clothes, accessories, and even rugs. The quality of their products is excellent, with a wide variety of designs and colors to suit different preferences. Compared to other brands, their clothing is more affordable, making it a popular choice. The friendly and helpful staff ensure a pleasant shopping experience, making Khaadi a reliable option for quality and style.",3 months ago
Khaadi Experience Centre,"Nishat Emporium Mall, Abdul Haque Rd, Trade Centre Commercial Area Phase 2 Johar Town, Lahore, 54000, Pakistan",(042) 32592335,http://pk.khaadi.com/,"Monday: 11:00 AM – 10:00 PM, Tuesday: 11:00 AM – 10:00 PM, Wednesday: 11:00 AM – 10:00 PM, Thursday: 11:00 AM – 10:00 PM, Friday: 11:00 AM – 12:00 AM, Saturday: 12:00 – 10:00 AM, 11:00 AM – 12:00 AM, Sunday: 12:00 – 10:00 AM, 2:00 – 10:00 PM",Ayesha Shahzad,5,i have experienced many brands but this brand is awesome. the quality of clothes are smotth and soft. i have best experienced.,2 months ago
Khaadi Experience Centre,"Nishat Emporium Mall, Abdul Haque Rd, Trade Centre Commercial Area Phase 2 Johar Town, Lahore, 54000, Pakistan",(042) 32592335,http://pk.khaadi.com/,"Monday: 11:00 AM – 10:00 PM, Tuesday: 11:00 AM – 10:00 PM, Wednesday: 11:00 AM – 10:00 PM, Thursday: 11:00 AM – 10:00 PM, Friday: 11:00 AM – 12:00 AM, Saturday: 12:00 – 10:00 AM, 11:00 AM – 12:00 AM, Sunday: 12:00 – 10:00 AM, 2:00 – 10:00 PM",Mubashir Ali,5,"Khaadi is located at Level 1 & 2 inside of Emporium Mall by Nishat Group. That's a very largest shop in Emporium Mall by Nishat Group. Khaadi is very famous for his smart style and designing of fabrics market. Khaadi have a very highly certified and experienced staff, they gives very friendly services of our customers. Khaadi shop have a very beautiful views for customer. Emporium Mall by Nishat Group have a very highly certified and experienced staff to manage the customers and over all systems. Emporium Mall by Nishat Group have a very highly security at every entery get and inside Mal. Emporium Mall by Nishat Group have a very huge parking system.",6 years ago
Khaadi Experience Centre,"Nishat Emporium Mall, Abdul Haque Rd, Trade Centre Commercial Area Phase 2 Johar Town, Lahore, 54000, Pakistan",(042) 32592335,http://pk.khaadi.com/,"Monday: 11:00 AM – 10:00 PM, Tuesday: 11:00 AM – 10:00 PM, Wednesday: 11:00 AM – 10:00 PM, Thursday: 11:00 AM – 10:00 PM, Friday: 11:00 AM – 12:00 AM, Saturday: 12:00 – 10:00 AM, 11:00 AM – 12:00 AM, Sunday: 12:00 – 10:00 AM, 2:00 – 10:00 PM",Umm e Laila,1,I just wore this shirt may be 2 or 3 times and wash then you all can see How's the color of that shirt fades from back side.,2 years ago
Khaadi Experience Centre,"Nishat Emporium Mall, Abdul Haque Rd, Trade Centre Commercial Area Phase 2 Johar Town, Lahore, 54000, Pakistan",(042) 32592335,http://pk.khaadi.com/,"Monday: 11:00 AM – 10:00 PM, Tuesday: 11:00 AM – 10:00 PM, Wednesday: 11:00 AM – 10:00 PM, Thursday: 11:00 AM – 10:00 PM, Friday: 11:00 AM – 12:00 AM, Saturday: 12:00 – 10:00 AM, 11:00 AM – 12:00 AM, Sunday: 12:00 – 10:00 AM, 2:00 – 10:00 PM",Hamid Maqbool,3,"My recent shopping experience at Khaadi left me with mixed feelings, leading me to give it a three-star rating. While the store offers a diverse range of clothing options and accessories, there is a significant issue that needs addressing.

One of the most notable drawbacks of shopping at Khaadi is their policy of not providing free bags or envelopes for purchased items. Instead, they charge customers Rs. 50 or Rs. 100 for these bags. This practice is inconvenient, especially for customers who have made substantial purchases.

Paying extra for something as basic as a bag or envelope feels unnecessary and burdensome, particularly when you've already spent a significant amount on clothing. Such additional charges can leave a negative impression and detract from the overall shopping experience.

I strongly believe that this practice should be banned or revised. Providing complimentary bags or envelopes should be a standard service for customers, as it enhances convenience and demonstrates a commitment to customer satisfaction.",11 months ago
Khaadi,"Dolphin Chowk, Mian Mohammad Rd, Sector F 1 New Mirpur City, 10551",(058274) 38309,https://pk.khaadi.com/,"Monday: 10:00 AM – 10:00 PM, Tuesday: 10:00 AM – 10:00 PM, Wednesday: 10:00 AM – 10:00 PM, Thursday: 10:00 AM – 10:00 PM, Friday: 10:00 AM – 10:00 PM, Saturday: 10:00 AM – 10:00 PM, Sunday: 10:00 AM – 10:00 PM",Muhammad Roshaan Sharif,5,"Khaadi’s Mirpur branch is the biggest in the area, offering a great selection of clothing with stylish and high-quality designs. The ambience is elegant, making shopping a pleasant experience, and the service is excellent, with helpful staff ensuring a smooth visit. A top choice for fashion lovers!",2 weeks ago
Khaadi,"Dolphin Chowk, Mian Mohammad Rd, Sector F 1 New Mirpur City, 10551",(058274) 38309,https://pk.khaadi.com/,"Monday: 10:00 AM – 10:00 PM, Tuesday: 10:00 AM – 10:00 PM, Wednesday: 10:00 AM – 10:00 PM, Thursday: 10:00 AM – 10:00 PM, Friday: 10:00 AM – 10:00 PM, Saturday: 10:00 AM – 10:00 PM, Sunday: 10:00 AM – 10:00 PM",Naghmana Haider,5,One of leading cloth brand in Mirpur Azad Kashmir. Khaadi is one of the best brand in Mirpur. I like it very much,6 months ago
Khaadi,"Dolphin Chowk, Mian Mohammad Rd, Sector F 1 New Mirpur City, 10551",(058274) 38309,https://pk.khaadi.com/,"Monday: 10:00 AM – 10:00 PM, Tuesday: 10:00 AM – 10:00 PM, Wednesday: 10:00 AM – 10:00 PM, Thursday: 10:00 AM – 10:00 PM, Friday: 10:00 AM – 10:00 PM, Saturday: 10:00 AM – 10:00 PM, Sunday: 10:00 AM – 10:00 PM",Zahra Hussain,4,"My experience at the Khaadi store in Mirpur was generally positive, with a good variety of clothing options available for those who wear small to medium sizes, although the selection for size 14 (large) was somewhat limited. I made several purchases, including clothes, clips, and trousers.

Unfortunately, my satisfaction was marred when I realised that the clips and trousers were missing from my purchases. It seems that the staff member who was assisting me inadvertently emptied my basket whilst on the phone, which I found to be less than ideal in terms of customer service. The experience was a bit disheartening and came across as somewhat rude.

Despite this incident, the store itself is clean and well-maintained, and most of the staff were helpful. While this incident has caused me to lose some trust in their service, it won't deter me from shopping there again in the future.

However, I'll certainly be more cautious and double-check my purchases to ensure that all items are accounted for.",a year ago
Khaadi,"Dolphin Chowk, Mian Mohammad Rd, Sector F 1 New Mirpur City, 10551",(058274) 38309,https://pk.khaadi.com/,"Monday: 10:00 AM – 10:00 PM, Tuesday: 10:00 AM – 10:00 PM, Wednesday: 10:00 AM – 10:00 PM, Thursday: 10:00 AM – 10:00 PM, Friday: 10:00 AM – 10:00 PM, Saturday: 10:00 AM – 10:00 PM, Sunday: 10:00 AM – 10:00 PM",Muhammad Nisar,5,"I recently visited Khadi’s new outlet in Mirpur and was impressed by its professional layout and premium shopping experience. The store offers high-quality fabrics with plenty of choices, from casual to festive wear. I also dined at their restaurant—though slightly expensive, the food was delicious and top quality.

However, I noticed there were no fabric options for kids, which would be a great addition. If Khadi introduces a new collection for kids and little girls, it would enhance the shopping experience. Despite this, my overall experience was perfect and outstanding. The store’s ambiance, customer service, and product quality make it a must-visit for both shopping and dining.",4 weeks ago
Khaadi,"Dolphin Chowk, Mian Mohammad Rd, Sector F 1 New Mirpur City, 10551",(058274) 38309,https://pk.khaadi.com/,"Monday: 10:00 AM – 10:00 PM, Tuesday: 10:00 AM – 10:00 PM, Wednesday: 10:00 AM – 10:00 PM, Thursday: 10:00 AM – 10:00 PM, Friday: 10:00 AM – 10:00 PM, Saturday: 10:00 AM – 10:00 PM, Sunday: 10:00 AM – 10:00 PM",Usama Saghir,4,Alot of women clothes but a small corner for mens and unstitched.,10 months ago
Khaadi,"BRT station، Main University Rd, near Abdara Road, تہکال، پشاور, 25000, Pakistan",(091) 5701822,http://pk.khaadi.com/,"Monday: 11:00 AM – 10:00 PM, Tuesday: 11:00 AM – 10:00 PM, Wednesday: 11:00 AM – 10:00 PM, Thursday: 11:00 AM – 10:00 PM, Friday: 11:00 AM – 10:00 PM, Saturday: 11:00 AM – 10:00 PM, Sunday: 11:00 AM – 10:00 PM",Sahar I. Khan,4,Massive store with affordable prices and fine fabric. But I was disappointed when I came to know that they don't have home and kids section.,2 years ago
Khaadi,"BRT station، Main University Rd, near Abdara Road, تہکال، پشاور, 25000, Pakistan",(091) 5701822,http://pk.khaadi.com/,"Monday: 11:00 AM – 10:00 PM, Tuesday: 11:00 AM – 10:00 PM, Wednesday: 11:00 AM – 10:00 PM, Thursday: 11:00 AM – 10:00 PM, Friday: 11:00 AM – 10:00 PM, Saturday: 11:00 AM – 10:00 PM, Sunday: 11:00 AM – 10:00 PM",Eagle Eyes,5,Had a great shopping experience.,3 months ago
Khaadi,"BRT station، Main University Rd, near Abdara Road, تہکال، پشاور, 25000, Pakistan",(091) 5701822,http://pk.khaadi.com/,"Monday: 11:00 AM – 10:00 PM, Tuesday: 11:00 AM – 10:00 PM, Wednesday: 11:00 AM – 10:00 PM, Thursday: 11:00 AM – 10:00 PM, Friday: 11:00 AM – 10:00 PM, Saturday: 11:00 AM – 10:00 PM, Sunday: 11:00 AM – 10:00 PM",fida khan,3,A large Garments store having braned garment at variable price from 2000 onward. Having a separate portion on 1st floor for kids. A small portion on first floor for shoes and perfumes. A large collection of readymade Garments on first floor.,3 years ago
Khaadi,"BRT station، Main University Rd, near Abdara Road, تہکال، پشاور, 25000, Pakistan",(091) 5701822,http://pk.khaadi.com/,"Monday: 11:00 AM – 10:00 PM, Tuesday: 11:00 AM – 10:00 PM, Wednesday: 11:00 AM – 10:00 PM, Thursday: 11:00 AM – 10:00 PM, Friday: 11:00 AM – 10:00 PM, Saturday: 11:00 AM – 10:00 PM, Sunday: 11:00 AM – 10:00 PM",Inam ul ghani,4,"The new place is very good and open. They have a lot of space and can accommodate many customers.
Despite spaciousness, there is no washroom present.  They should make a washroom there, especially for ladies.",6 months ago
Khaadi,"BRT station، Main University Rd, near Abdara Road, تہکال، پشاور, 25000, Pakistan",(091) 5701822,http://pk.khaadi.com/,"Monday: 11:00 AM – 10:00 PM, Tuesday: 11:00 AM – 10:00 PM, Wednesday: 11:00 AM – 10:00 PM, Thursday: 11:00 AM – 10:00 PM, Friday: 11:00 AM – 10:00 PM, Saturday: 11:00 AM – 10:00 PM, Sunday: 11:00 AM – 10:00 PM",Prince Moon,4,"Salam Visited newly built khaadi
Best quality and best printed beautiful clothes in city
Went to limelight and sapphire just to check their designs but there was a huge difference between khaadi and them
Last location of khaadi had parking issues comparatively the sales, now it's 3x 4x bigger than previous location
Prices got a lil bit high compares to couple of months later",7 months ago
Khaadi Experience Hub,"First Floor، Lucky One Mall، راشد منہاس روڈ، FB Indus-Area Block 21 Block 21 گلبرگ ٹاؤن، کراچی، کراچی, 75950, Pakistan",(021) 37181197,http://pk.khaadi.com/,"Monday: 11:00 AM – 1:00 AM, Tuesday: 11:00 AM – 1:00 AM, Wednesday: 11:00 AM – 1:00 AM, Thursday: 11:00 AM – 1:00 AM, Friday: 3:00 PM – 2:00 AM, Saturday: 11:00 AM – 2:00 AM, Sunday: 11:00 AM – 11:00 PM",S H Abbasi,5,"If you want great brands, you should look at others in the mall.

The Good Part.
But, If you looking for something special and unique. This is the place. Apart from their exceptional presentation. Their combination of colors and the stitch work, they combine to create something that can never be termed ordinary, you'll always have to add extra to that ordinary.

I'm saying this not as an cloth expert nor do I have design expertise. But as a photography expert. Nothing in the whole mall attracted my eye in terms of combination of colors and the art of making a dress as much as this place.

And I didn't mind paying what they priced it. Cause it's definitely worth it.

The Not so good Part.
Their location is so big. You'll have to put an effort to get attention of sales representative, should you need it.

Overall.
If you know the art of it. You will appreciate the combination color, stitch and what they create. Definitely will buy from here again.",6 months ago
Khaadi Experience Hub,"First Floor، Lucky One Mall، راشد منہاس روڈ، FB Indus-Area Block 21 Block 21 گلبرگ ٹاؤن، کراچی، کراچی, 75950, Pakistan",(021) 37181197,http://pk.khaadi.com/,"Monday: 11:00 AM – 1:00 AM, Tuesday: 11:00 AM – 1:00 AM, Wednesday: 11:00 AM – 1:00 AM, Thursday: 11:00 AM – 1:00 AM, Friday: 3:00 PM – 2:00 AM, Saturday: 11:00 AM – 2:00 AM, Sunday: 11:00 AM – 11:00 PM",rose dousen,1,"If I can take away the 1 star and give you nothing, the whole brand is missed up am not giving this rate for this store specifically its for the people behind this business, no respect for clients ,(  humiliate their customers).
Unprofessional bad customer service horrible experience with them cheating with fabric content no after sale consideration no cooperation very frustrating to shop from this place before I've had little bad experience with employees in the store in UAE,  I should've stop shopping at their store from that time .. but unfortunately I thought they are prestigious brand like many brands out there in the market,  I can provide Khaadi some big business names if you would like to learn how to operate a good business..
I don't recommend at all .
Waste of our time energy and money.",4 months ago
Khaadi Experience Hub,"First Floor، Lucky One Mall، راشد منہاس روڈ، FB Indus-Area Block 21 Block 21 گلبرگ ٹاؤن، کراچی، کراچی, 75950, Pakistan",(021) 37181197,http://pk.khaadi.com/,"Monday: 11:00 AM – 1:00 AM, Tuesday: 11:00 AM – 1:00 AM, Wednesday: 11:00 AM – 1:00 AM, Thursday: 11:00 AM – 1:00 AM, Friday: 3:00 PM – 2:00 AM, Saturday: 11:00 AM – 2:00 AM, Sunday: 11:00 AM – 11:00 PM",Rabia T,5,"OMG 😆 What a beautiful place to visit spoiled for choices, Khaadi experiment hub was an EXPERIENCE for me! Just like international brands Khaadi has up their game, their interior is beautiful, excellent lighting! You will be spoiled! They have everything from $ to $$$ range I absolutely loved their cafe good coffee cakes were okish! Super impressive Khaadi great job pictures can’t do justice please go and experience this yourself!",a year ago
Khaadi Experience Hub,"First Floor، Lucky One Mall، راشد منہاس روڈ، FB Indus-Area Block 21 Block 21 گلبرگ ٹاؤن، کراچی، کراچی, 75950, Pakistan",(021) 37181197,http://pk.khaadi.com/,"Monday: 11:00 AM – 1:00 AM, Tuesday: 11:00 AM – 1:00 AM, Wednesday: 11:00 AM – 1:00 AM, Thursday: 11:00 AM – 1:00 AM, Friday: 3:00 PM – 2:00 AM, Saturday: 11:00 AM – 2:00 AM, Sunday: 11:00 AM – 11:00 PM",Nida Shakir,5,"Khaadi is one of my favorites brand since years. Now they have launched Khaadi Kafe inside of Khaadi Outlet, which is very innovative idea for those who want to wait comfortably while their family doing shopping. Idea is great, capacity is nice too, Khaadi should add some good variety into thier menu.",a year ago
Khaadi Experience Hub,"First Floor، Lucky One Mall، راشد منہاس روڈ، FB Indus-Area Block 21 Block 21 گلبرگ ٹاؤن، کراچی، کراچی, 75950, Pakistan",(021) 37181197,http://pk.khaadi.com/,"Monday: 11:00 AM – 1:00 AM, Tuesday: 11:00 AM – 1:00 AM, Wednesday: 11:00 AM – 1:00 AM, Thursday: 11:00 AM – 1:00 AM, Friday: 3:00 PM – 2:00 AM, Saturday: 11:00 AM – 2:00 AM, Sunday: 11:00 AM – 11:00 PM",Sobia Salman,5,"Khaaadi of Luckyone is my gotogo Place, this time their Eid collection is really beautiful. From pret to unstitch and to the footwear to jewellery/bags everything is beautiful vibrant and perfect for Eid. Went there to get Eid gifts for my Family and loved my stuff from them. Very spacious place. Always crowded but never feel like as it has huge space. They have sitting area as well.
Keep up the good work Khaadi.
Lovely interior and cosy place.",2 years ago
Khaadi,"5th Road Commercial Market Rd, D Block Block D Satellite Town, Rawalpindi, 43600, Pakistan",(051) 4850450,http://pk.khaadi.com/,"Monday: 11:00 AM – 11:00 PM, Tuesday: 11:00 AM – 11:00 PM, Wednesday: 11:00 AM – 11:00 PM, Thursday: 11:00 AM – 11:00 PM, Friday: 11:00 AM – 11:00 PM, Saturday: 11:00 AM – 11:00 PM, Sunday: 11:00 AM – 11:00 PM",Hammad Aslam,1,Rude and arrogant staff. Visited them at morning time when the staff should be fresh and there was no crowd at all. Their salesgirl was just avoiding showing suits specially when requested to open the packing of a suit. On 2nd request she was almost annoyed. Male staff was not helping at all and just referring to the sales girl.,2 months ago
Khaadi,"5th Road Commercial Market Rd, D Block Block D Satellite Town, Rawalpindi, 43600, Pakistan",(051) 4850450,http://pk.khaadi.com/,"Monday: 11:00 AM – 11:00 PM, Tuesday: 11:00 AM – 11:00 PM, Wednesday: 11:00 AM – 11:00 PM, Thursday: 11:00 AM – 11:00 PM, Friday: 11:00 AM – 11:00 PM, Saturday: 11:00 AM – 11:00 PM, Sunday: 11:00 AM – 11:00 PM",Ayesha Mustafa,5,Beautifully designed outlet. Love the ambiance of the space. Very spacious as well.,2 years ago
Khaadi,"5th Road Commercial Market Rd, D Block Block D Satellite Town, Rawalpindi, 43600, Pakistan",(051) 4850450,http://pk.khaadi.com/,"Monday: 11:00 AM – 11:00 PM, Tuesday: 11:00 AM – 11:00 PM, Wednesday: 11:00 AM – 11:00 PM, Thursday: 11:00 AM – 11:00 PM, Friday: 11:00 AM – 11:00 PM, Saturday: 11:00 AM – 11:00 PM, Sunday: 11:00 AM – 11:00 PM",Abdul Sattar,5,Beautiful article are available here. New arrival also available here.,2 years ago
Khaadi,"5th Road Commercial Market Rd, D Block Block D Satellite Town, Rawalpindi, 43600, Pakistan",(051) 4850450,http://pk.khaadi.com/,"Monday: 11:00 AM – 11:00 PM, Tuesday: 11:00 AM – 11:00 PM, Wednesday: 11:00 AM – 11:00 PM, Thursday: 11:00 AM – 11:00 PM, Friday: 11:00 AM – 11:00 PM, Saturday: 11:00 AM – 11:00 PM, Sunday: 11:00 AM – 11:00 PM",farheen shafiq,5,Shop is over crowded. Service is awesome. Staff is well trained. No waiting at till. More space needed to entertain more customers. Place become easily suffocating due to excessive crowding. Stuff is awesome. Prices are a bit high. Khaadi Fragrances are worth trying. A must have for every trendy girls or woman. Thumbs up for awesome stuff and seevices.,a year ago
Khaadi,"5th Road Commercial Market Rd, D Block Block D Satellite Town, Rawalpindi, 43600, Pakistan",(051) 4850450,http://pk.khaadi.com/,"Monday: 11:00 AM – 11:00 PM, Tuesday: 11:00 AM – 11:00 PM, Wednesday: 11:00 AM – 11:00 PM, Thursday: 11:00 AM – 11:00 PM, Friday: 11:00 AM – 11:00 PM, Saturday: 11:00 AM – 11:00 PM, Sunday: 11:00 AM – 11:00 PM",Abdur Rehman,5,Best place for shopping 🛍️,8 months ago
Khaadi Experience Hub,"Clifton HC-3, Marine Drive, Dolmen Mall, Block 4 Clifton, Karachi, 75600, Pakistan",(021) 35185001,http://pk.khaadi.com/,"Monday: 11:00 AM – 11:00 PM, Tuesday: 11:00 AM – 11:00 PM, Wednesday: 11:00 AM – 11:00 PM, Thursday: 11:00 AM – 11:00 PM, Friday: 3:00 AM – 12:00 AM, Saturday: 11:00 AM – 12:00 AM, Sunday: 11:00 AM – 11:00 PM",Shumaila Hameed (Sundartaedits),5,Best shop for clothes and food.. love atmosphere ♥️,4 months ago
Khaadi Experience Hub,"Clifton HC-3, Marine Drive, Dolmen Mall, Block 4 Clifton, Karachi, 75600, Pakistan",(021) 35185001,http://pk.khaadi.com/,"Monday: 11:00 AM – 11:00 PM, Tuesday: 11:00 AM – 11:00 PM, Wednesday: 11:00 AM – 11:00 PM, Thursday: 11:00 AM – 11:00 PM, Friday: 3:00 AM – 12:00 AM, Saturday: 11:00 AM – 12:00 AM, Sunday: 11:00 AM – 11:00 PM",Mumtaz Zulfiqar,1,"Avoid Avoid Avoid
Absolutely disgusting rude unprofessional,mean staff not a single clue what customer services is, Purchased suit from sale , Found it faulty, staff at dolman mall agreed to change within the sale stuff but couldn't found the size, I had to drive all the way to Hyper star, Disgusting staff refused to exchange instantly but when I showed him fault he had to change the same design, I would never buy anything from them, and advise all overseas don't buy from them, Shameless",7 months ago
Khaadi Experience Hub,"Clifton HC-3, Marine Drive, Dolmen Mall, Block 4 Clifton, Karachi, 75600, Pakistan",(021) 35185001,http://pk.khaadi.com/,"Monday: 11:00 AM – 11:00 PM, Tuesday: 11:00 AM – 11:00 PM, Wednesday: 11:00 AM – 11:00 PM, Thursday: 11:00 AM – 11:00 PM, Friday: 3:00 AM – 12:00 AM, Saturday: 11:00 AM – 12:00 AM, Sunday: 11:00 AM – 11:00 PM",Urooj Nazir,4,High-quality clothes and other accessories are available,3 months ago
Khaadi Experience Hub,"Clifton HC-3, Marine Drive, Dolmen Mall, Block 4 Clifton, Karachi, 75600, Pakistan",(021) 35185001,http://pk.khaadi.com/,"Monday: 11:00 AM – 11:00 PM, Tuesday: 11:00 AM – 11:00 PM, Wednesday: 11:00 AM – 11:00 PM, Thursday: 11:00 AM – 11:00 PM, Friday: 3:00 AM – 12:00 AM, Saturday: 11:00 AM – 12:00 AM, Sunday: 11:00 AM – 11:00 PM",Azam Anwar,5,Wonderful clothing brand. Highly recommend for great shopping.,2 years ago
Khaadi Experience Hub,"Clifton HC-3, Marine Drive, Dolmen Mall, Block 4 Clifton, Karachi, 75600, Pakistan",(021) 35185001,http://pk.khaadi.com/,"Monday: 11:00 AM – 11:00 PM, Tuesday: 11:00 AM – 11:00 PM, Wednesday: 11:00 AM – 11:00 PM, Thursday: 11:00 AM – 11:00 PM, Friday: 3:00 AM – 12:00 AM, Saturday: 11:00 AM – 12:00 AM, Sunday: 11:00 AM – 11:00 PM",Ahsan Swalheen,4,A big outlet with huge variety of quality products,9 months ago
Khaadi,"Shop no. 24 25 26 Lower Ground Floor Fortress Square Mall, Saddar Town, Lahore, Pakistan",(042) 37341716,https://pk.khaadi.com/,"Monday: 12:00 PM – 12:00 AM, Tuesday: 12:00 PM – 12:00 AM, Wednesday: 12:00 PM – 12:00 AM, Thursday: 12:00 PM – 12:00 AM, Friday: 2:00 PM – 12:00 AM, Saturday: 12:00 PM – 12:00 AM, Sunday: 12:00 PM – 12:00 AM",Areeba Bint Suhail (Areeb shiekh),2,"Khaadi is cool brand and very popular but I must say that there designs are very old fashion not all but almost designs colors are so light or so dull like pheeka pheeka and the worst thing is that the article colors showed on website entirely different on live seeing

Otherwise its also expensive but some articles are cool you just search it out and this branch staff also very friendly and nice you can visit it",a year ago
Khaadi,"Shop no. 24 25 26 Lower Ground Floor Fortress Square Mall, Saddar Town, Lahore, Pakistan",(042) 37341716,https://pk.khaadi.com/,"Monday: 12:00 PM – 12:00 AM, Tuesday: 12:00 PM – 12:00 AM, Wednesday: 12:00 PM – 12:00 AM, Thursday: 12:00 PM – 12:00 AM, Friday: 2:00 PM – 12:00 AM, Saturday: 12:00 PM – 12:00 AM, Sunday: 12:00 PM – 12:00 AM",Eshal Fatima,4,Designs are bit old but fabric is good.,5 months ago
Khaadi,"Shop no. 24 25 26 Lower Ground Floor Fortress Square Mall, Saddar Town, Lahore, Pakistan",(042) 37341716,https://pk.khaadi.com/,"Monday: 12:00 PM – 12:00 AM, Tuesday: 12:00 PM – 12:00 AM, Wednesday: 12:00 PM – 12:00 AM, Thursday: 12:00 PM – 12:00 AM, Friday: 2:00 PM – 12:00 AM, Saturday: 12:00 PM – 12:00 AM, Sunday: 12:00 PM – 12:00 AM",Madiha Sohaib,5,Good clothes shirt very beautiful but very expensive but very different designs and good fabric 👍,a year ago
Khaadi,"Shop no. 24 25 26 Lower Ground Floor Fortress Square Mall, Saddar Town, Lahore, Pakistan",(042) 37341716,https://pk.khaadi.com/,"Monday: 12:00 PM – 12:00 AM, Tuesday: 12:00 PM – 12:00 AM, Wednesday: 12:00 PM – 12:00 AM, Thursday: 12:00 PM – 12:00 AM, Friday: 2:00 PM – 12:00 AM, Saturday: 12:00 PM – 12:00 AM, Sunday: 12:00 PM – 12:00 AM",usman saleem,1,They are fruad they are selling even third class stuf i buy the most expensive dress from here only 1 time wear its becom dull nd furry..and when i ask tu return 30%  amount return only fruad kahdi dnt ever buy here  dmt waste ir moneh,3 years ago
Khaadi,"Shop no. 24 25 26 Lower Ground Floor Fortress Square Mall, Saddar Town, Lahore, Pakistan",(042) 37341716,https://pk.khaadi.com/,"Monday: 12:00 PM – 12:00 AM, Tuesday: 12:00 PM – 12:00 AM, Wednesday: 12:00 PM – 12:00 AM, Thursday: 12:00 PM – 12:00 AM, Friday: 2:00 PM – 12:00 AM, Saturday: 12:00 PM – 12:00 AM, Sunday: 12:00 PM – 12:00 AM",Soniawan Mustafa,1,Summer stuff is good but winter stuff is 😱 very bad . horrible experience 😔🤢,10 months ago
Khaadi - Multan Gulgashtکھاڈی,"Shop # 94 A/5 Gulgasht Colony, Adjacent Domino’s Pizza، A Block Gulgasht Colony, Multan, 66000, Pakistan",(061) 6510256,http://khaadi.com/,"Monday: 11:00 AM – 11:00 PM, Tuesday: 11:00 AM – 11:00 PM, Wednesday: 11:00 AM – 11:00 PM, Thursday: 11:00 AM – 11:00 PM, Friday: 11:00 AM – 11:00 PM, Saturday: 11:00 AM – 11:00 PM, Sunday: 11:00 AM – 11:00 PM",Abu Zarar,1,Worst shopping experience. No price tags in any dresses. Have to ask prices for each suit by calling their salesman. Feels like you have to pathan market.,4 weeks ago
Khaadi - Multan Gulgashtکھاڈی,"Shop # 94 A/5 Gulgasht Colony, Adjacent Domino’s Pizza، A Block Gulgasht Colony, Multan, 66000, Pakistan",(061) 6510256,http://khaadi.com/,"Monday: 11:00 AM – 11:00 PM, Tuesday: 11:00 AM – 11:00 PM, Wednesday: 11:00 AM – 11:00 PM, Thursday: 11:00 AM – 11:00 PM, Friday: 11:00 AM – 11:00 PM, Saturday: 11:00 AM – 11:00 PM, Sunday: 11:00 AM – 11:00 PM",Rashid Ijaz Qureshi,4,Sale is On now a days on summer collection and perfumes 26.11.23,a year ago
Khaadi - Multan Gulgashtکھاڈی,"Shop # 94 A/5 Gulgasht Colony, Adjacent Domino’s Pizza، A Block Gulgasht Colony, Multan, 66000, Pakistan",(061) 6510256,http://khaadi.com/,"Monday: 11:00 AM – 11:00 PM, Tuesday: 11:00 AM – 11:00 PM, Wednesday: 11:00 AM – 11:00 PM, Thursday: 11:00 AM – 11:00 PM, Friday: 11:00 AM – 11:00 PM, Saturday: 11:00 AM – 11:00 PM, Sunday: 11:00 AM – 11:00 PM",Shahida Riaz,1,I bought a suit from here since I thought khaadi is a decent brand. But my 3900RS suit is not printed straight 😫🥱👎I mean like this is not worth it. We should Carefully buy clothes.,2 years ago
Khaadi - Multan Gulgashtکھاڈی,"Shop # 94 A/5 Gulgasht Colony, Adjacent Domino’s Pizza، A Block Gulgasht Colony, Multan, 66000, Pakistan",(061) 6510256,http://khaadi.com/,"Monday: 11:00 AM – 11:00 PM, Tuesday: 11:00 AM – 11:00 PM, Wednesday: 11:00 AM – 11:00 PM, Thursday: 11:00 AM – 11:00 PM, Friday: 11:00 AM – 11:00 PM, Saturday: 11:00 AM – 11:00 PM, Sunday: 11:00 AM – 11:00 PM",FARHAN HARRAJ,5,"Huge store of modern ladies clothing's, prices are bit high, but you can always find sale items, stitched and unstitched both varieties are available, stick is rotated regularly according to seasons and customers needs, ample parking, and friendly staff is always available to assist.",11 months ago
Khaadi - Multan Gulgashtکھاڈی,"Shop # 94 A/5 Gulgasht Colony, Adjacent Domino’s Pizza، A Block Gulgasht Colony, Multan, 66000, Pakistan",(061) 6510256,http://khaadi.com/,"Monday: 11:00 AM – 11:00 PM, Tuesday: 11:00 AM – 11:00 PM, Wednesday: 11:00 AM – 11:00 PM, Thursday: 11:00 AM – 11:00 PM, Friday: 11:00 AM – 11:00 PM, Saturday: 11:00 AM – 11:00 PM, Sunday: 11:00 AM – 11:00 PM",Thunder JKX,4,Nice branch of khaddi also latest variety of clothes are available but parking here is a big problem mostly,4 years ago
Khaadi,"167, Gujrat Store, Al-Bashir Center, B-1 Katchery Rd, Anarkali Bazaar Gujrat, 50700, Pakistan",(053) 3609863,http://pk.khaadi.com/,"Monday: 11:00 AM – 10:00 PM, Tuesday: 11:00 AM – 10:00 PM, Wednesday: 11:00 AM – 10:00 PM, Thursday: 11:00 AM – 10:00 PM, Friday: 2:00 – 10:00 PM, Saturday: 11:00 AM – 10:00 PM, Sunday: 11:00 AM – 10:00 PM",Furqan Ali,5,Khadi a name of trust ..you can buy your clothes according to your wish and pocket .,in the last week
Khaadi,"167, Gujrat Store, Al-Bashir Center, B-1 Katchery Rd, Anarkali Bazaar Gujrat, 50700, Pakistan",(053) 3609863,http://pk.khaadi.com/,"Monday: 11:00 AM – 10:00 PM, Tuesday: 11:00 AM – 10:00 PM, Wednesday: 11:00 AM – 10:00 PM, Thursday: 11:00 AM – 10:00 PM, Friday: 2:00 – 10:00 PM, Saturday: 11:00 AM – 10:00 PM, Sunday: 11:00 AM – 10:00 PM",Arrchak Randhawa,4,"The clothes brand with stitched and unstitched clothing. Mostly women dress
a brand which is giving a Gujrat a touch of class .you feel apart
The environment is  customer friendly the sales staff is very cooperative.
The design are unique
The arrangement is superb
The atmosphere is customer friendly
But a little expensive as compared to the market",5 years ago
Khaadi,"167, Gujrat Store, Al-Bashir Center, B-1 Katchery Rd, Anarkali Bazaar Gujrat, 50700, Pakistan",(053) 3609863,http://pk.khaadi.com/,"Monday: 11:00 AM – 10:00 PM, Tuesday: 11:00 AM – 10:00 PM, Wednesday: 11:00 AM – 10:00 PM, Thursday: 11:00 AM – 10:00 PM, Friday: 2:00 – 10:00 PM, Saturday: 11:00 AM – 10:00 PM, Sunday: 11:00 AM – 10:00 PM",Jaffary Syed,3,"Not much mens wear, staff seem to think they are smart. Good selection for women that's it  air conditioned store plenty range for women modest range fir men.",2 years ago
Khaadi,"167, Gujrat Store, Al-Bashir Center, B-1 Katchery Rd, Anarkali Bazaar Gujrat, 50700, Pakistan",(053) 3609863,http://pk.khaadi.com/,"Monday: 11:00 AM – 10:00 PM, Tuesday: 11:00 AM – 10:00 PM, Wednesday: 11:00 AM – 10:00 PM, Thursday: 11:00 AM – 10:00 PM, Friday: 2:00 – 10:00 PM, Saturday: 11:00 AM – 10:00 PM, Sunday: 11:00 AM – 10:00 PM",Sađđam Khan,4,"very nice place to buy women unstitched dresses.
Best thing about price iz reasonable.
Khaddi Also have Sales just some time i think that time you can get dress at cheap rates ...
Staff iz also helpful ✅",3 years ago
Khaadi,"167, Gujrat Store, Al-Bashir Center, B-1 Katchery Rd, Anarkali Bazaar Gujrat, 50700, Pakistan",(053) 3609863,http://pk.khaadi.com/,"Monday: 11:00 AM – 10:00 PM, Tuesday: 11:00 AM – 10:00 PM, Wednesday: 11:00 AM – 10:00 PM, Thursday: 11:00 AM – 10:00 PM, Friday: 2:00 – 10:00 PM, Saturday: 11:00 AM – 10:00 PM, Sunday: 11:00 AM – 10:00 PM",nadin rajput,5,Nice shop and the staff,5 months ago
Khaadi,"Samiullah Center, Block B Satellite Town, Gujranwala, 52250, Pakistan",(055) 3825903,http://pk.khaadi.com/,"Monday: 11:00 AM – 11:00 PM, Tuesday: 11:00 AM – 11:00 PM, Wednesday: 11:00 AM – 11:00 PM, Thursday: 11:00 AM – 11:00 PM, Friday: 3:00 – 11:00 PM, Saturday: 11:00 AM – 11:00 PM, Sunday: 11:00 AM – 11:00 PM",Rana Adnan,3,"A great place for clothes shopping if you are interested in good quality stuff.
Evey good thing comes at a cost.
The management and staff was very friendly and polite .prices were fair enough too.",8 months ago
Khaadi,"Samiullah Center, Block B Satellite Town, Gujranwala, 52250, Pakistan",(055) 3825903,http://pk.khaadi.com/,"Monday: 11:00 AM – 11:00 PM, Tuesday: 11:00 AM – 11:00 PM, Wednesday: 11:00 AM – 11:00 PM, Thursday: 11:00 AM – 11:00 PM, Friday: 3:00 – 11:00 PM, Saturday: 11:00 AM – 11:00 PM, Sunday: 11:00 AM – 11:00 PM",Amna Babar,5,"Sapphire's latest winter collection is just awesome, there is a complete range of 1 piece,2 piece and 3 piece simple and embroided collection.prints are amazing, colors are excellent from light to dark...",2 years ago
Khaadi,"Samiullah Center, Block B Satellite Town, Gujranwala, 52250, Pakistan",(055) 3825903,http://pk.khaadi.com/,"Monday: 11:00 AM – 11:00 PM, Tuesday: 11:00 AM – 11:00 PM, Wednesday: 11:00 AM – 11:00 PM, Thursday: 11:00 AM – 11:00 PM, Friday: 3:00 – 11:00 PM, Saturday: 11:00 AM – 11:00 PM, Sunday: 11:00 AM – 11:00 PM",Business Lovers,5,It's a good brand of ladies clothing. Also it introduce men collection,5 years ago
Khaadi,"Samiullah Center, Block B Satellite Town, Gujranwala, 52250, Pakistan",(055) 3825903,http://pk.khaadi.com/,"Monday: 11:00 AM – 11:00 PM, Tuesday: 11:00 AM – 11:00 PM, Wednesday: 11:00 AM – 11:00 PM, Thursday: 11:00 AM – 11:00 PM, Friday: 3:00 – 11:00 PM, Saturday: 11:00 AM – 11:00 PM, Sunday: 11:00 AM – 11:00 PM",Arslan Zahid,4,"Good place
But need some renovation",6 months ago
Khaadi,"Samiullah Center, Block B Satellite Town, Gujranwala, 52250, Pakistan",(055) 3825903,http://pk.khaadi.com/,"Monday: 11:00 AM – 11:00 PM, Tuesday: 11:00 AM – 11:00 PM, Wednesday: 11:00 AM – 11:00 PM, Thursday: 11:00 AM – 11:00 PM, Friday: 3:00 – 11:00 PM, Saturday: 11:00 AM – 11:00 PM, Sunday: 11:00 AM – 11:00 PM",Zakyas Butt,5,"Best Quality and Reasonable Price
Women's Ready to Wear and Unstitch items",3 years ago
Gul Ahmed Fair Price Shop,"YB Chowrangi Flyover, Radio Pakistan Colony Qaddafi Town Bin Qasim Town, Karachi, Pakistan",(021) 35016514,https://www.gulahmedshop.com/,"Monday: 9:00 AM – 8:00 PM, Tuesday: 9:00 AM – 8:00 PM, Wednesday: 9:00 AM – 8:00 PM, Thursday: 9:00 AM – 8:00 PM, Friday: 9:00 AM – 8:00 PM, Saturday: 9:00 AM – 8:00 PM, Sunday: 9:00 AM – 8:00 PM",amjad abbas,4,"A good outlet of GulAhmed brand. Mostly you can find good articles but you have to pay for shopping bags 😉 in the end.
Overall excellent service",a year ago
Gul Ahmed Fair Price Shop,"YB Chowrangi Flyover, Radio Pakistan Colony Qaddafi Town Bin Qasim Town, Karachi, Pakistan",(021) 35016514,https://www.gulahmedshop.com/,"Monday: 9:00 AM – 8:00 PM, Tuesday: 9:00 AM – 8:00 PM, Wednesday: 9:00 AM – 8:00 PM, Thursday: 9:00 AM – 8:00 PM, Friday: 9:00 AM – 8:00 PM, Saturday: 9:00 AM – 8:00 PM, Sunday: 9:00 AM – 8:00 PM",muhammad ammar,2,Very very long journey from city as its outside in city outskirts. Furthermore the there weren't any plausible collections and on top of it the cost was exactly the same from other outlets. I'm saying this because I visited the lucky one outlet the same day and the prices were exactly the same. So I don't think its beneficial to go their and shop their.,5 years ago
Gul Ahmed Fair Price Shop,"YB Chowrangi Flyover, Radio Pakistan Colony Qaddafi Town Bin Qasim Town, Karachi, Pakistan",(021) 35016514,https://www.gulahmedshop.com/,"Monday: 9:00 AM – 8:00 PM, Tuesday: 9:00 AM – 8:00 PM, Wednesday: 9:00 AM – 8:00 PM, Thursday: 9:00 AM – 8:00 PM, Friday: 9:00 AM – 8:00 PM, Saturday: 9:00 AM – 8:00 PM, Sunday: 9:00 AM – 8:00 PM",Abdul Naveed,5,"Nice store with fair choice of fabric. Especially reduced prices on bed sheets, and gents fabric make it good for shopping. Recommended",a year ago
Gul Ahmed Fair Price Shop,"YB Chowrangi Flyover, Radio Pakistan Colony Qaddafi Town Bin Qasim Town, Karachi, Pakistan",(021) 35016514,https://www.gulahmedshop.com/,"Monday: 9:00 AM – 8:00 PM, Tuesday: 9:00 AM – 8:00 PM, Wednesday: 9:00 AM – 8:00 PM, Thursday: 9:00 AM – 8:00 PM, Friday: 9:00 AM – 8:00 PM, Saturday: 9:00 AM – 8:00 PM, Sunday: 9:00 AM – 8:00 PM",Zeeshan Hanif,5,"It's supper dupper sale 70% off. Ladies , gentz and child suit stich non stich
Bed sheet 1500/RS. Classic",2 years ago
Gul Ahmed Fair Price Shop,"YB Chowrangi Flyover, Radio Pakistan Colony Qaddafi Town Bin Qasim Town, Karachi, Pakistan",(021) 35016514,https://www.gulahmedshop.com/,"Monday: 9:00 AM – 8:00 PM, Tuesday: 9:00 AM – 8:00 PM, Wednesday: 9:00 AM – 8:00 PM, Thursday: 9:00 AM – 8:00 PM, Friday: 9:00 AM – 8:00 PM, Saturday: 9:00 AM – 8:00 PM, Sunday: 9:00 AM – 8:00 PM",Irfan Ali Shah,5,The staff here is very helpful. The outlet is amazing very well managed a lot of Verities for men compare to others.,a year ago
Ideas By Gul Ahmed - DHA Phase 3,"Sector Y DHA Phase 3, Lahore, Pakistan",(042) 37199812,https://www.gulahmedshop.com/,"Monday: 11:00 AM – 11:00 PM, Tuesday: 11:00 AM – 11:00 PM, Wednesday: 11:00 AM – 11:00 PM, Thursday: 11:00 AM – 11:00 PM, Friday: 11:00 AM – 11:00 PM, Saturday: 11:00 AM – 11:00 PM, Sunday: 12:00 – 11:00 PM",Bilal Ahmed Khan (DrBill),4,It's one of the best places to get clothes and bedroom items from. Well decorated good customer services.. it's just that at times they run out of items which you seem to like. So the choice of options decreases.,3 years ago
Ideas By Gul Ahmed - DHA Phase 3,"Sector Y DHA Phase 3, Lahore, Pakistan",(042) 37199812,https://www.gulahmedshop.com/,"Monday: 11:00 AM – 11:00 PM, Tuesday: 11:00 AM – 11:00 PM, Wednesday: 11:00 AM – 11:00 PM, Thursday: 11:00 AM – 11:00 PM, Friday: 11:00 AM – 11:00 PM, Saturday: 11:00 AM – 11:00 PM, Sunday: 12:00 – 11:00 PM",Rana Asad,4,"Very nice place with good clothing options, but it's getting expensive for masses to afford this brand....",5 years ago
Ideas By Gul Ahmed - DHA Phase 3,"Sector Y DHA Phase 3, Lahore, Pakistan",(042) 37199812,https://www.gulahmedshop.com/,"Monday: 11:00 AM – 11:00 PM, Tuesday: 11:00 AM – 11:00 PM, Wednesday: 11:00 AM – 11:00 PM, Thursday: 11:00 AM – 11:00 PM, Friday: 11:00 AM – 11:00 PM, Saturday: 11:00 AM – 11:00 PM, Sunday: 12:00 – 11:00 PM",Muhammad Shahzeb,4,"They have one of the finest collection of Female clothing in town. Whenever i visit with ladies, there is always something eye catching.",7 months ago
Ideas By Gul Ahmed - DHA Phase 3,"Sector Y DHA Phase 3, Lahore, Pakistan",(042) 37199812,https://www.gulahmedshop.com/,"Monday: 11:00 AM – 11:00 PM, Tuesday: 11:00 AM – 11:00 PM, Wednesday: 11:00 AM – 11:00 PM, Thursday: 11:00 AM – 11:00 PM, Friday: 11:00 AM – 11:00 PM, Saturday: 11:00 AM – 11:00 PM, Sunday: 12:00 – 11:00 PM",Zeeshan Ahmad,5,good collection. not to costly either. friendly staff,2 years ago
Ideas By Gul Ahmed - DHA Phase 3,"Sector Y DHA Phase 3, Lahore, Pakistan",(042) 37199812,https://www.gulahmedshop.com/,"Monday: 11:00 AM – 11:00 PM, Tuesday: 11:00 AM – 11:00 PM, Wednesday: 11:00 AM – 11:00 PM, Thursday: 11:00 AM – 11:00 PM, Friday: 11:00 AM – 11:00 PM, Saturday: 11:00 AM – 11:00 PM, Sunday: 12:00 – 11:00 PM",Talha Maqsood,5,One of the biggest Gul Ahmed stores in Lahore has more items and articles both in Stitch and Unstitched fabric nice experience.,9 months ago
Ideas - Gulberg,"13 College Rd, Block L Gulberg 2, Lahore, Pakistan",(042) 32299272,https://www.gulahmedshop.com/,"Monday: 10:00 AM – 10:00 PM, Tuesday: 10:00 AM – 10:00 PM, Wednesday: 10:00 AM – 10:00 PM, Thursday: 10:00 AM – 10:00 PM, Friday: 10:00 AM – 1:00 PM, 2:30 – 10:00 PM, Saturday: 10:00 AM – 10:00 PM, Sunday: 10:00 AM – 10:00 PM",Ahsan iqbal,3,"Shortage of staff: no one is available at un-stitched counter. After calling to other staff members then relevant person came.

Same happened at kurta shalwar area.

Sale: in advertisements claims flat 50% on summer collection but actually its 10%, 20 or 30%.

Paper Bag: I don't wanna discuss this paper bag but when we go for grocery shopping or bakery you can say due to less margins or small order value bag is not affordable free of cost. But in clothing industry and then this high end brands with high margins asking you ""sir jee paper bag kr dn PKR-30 ka"" but when you look at the quality of useless  bag they provided with big words ""ideas"" it looks like idea of printing money not customer care.

Quality of Fabrics: quality of fabric compared to value of money is decreased from past standard of quality they provided.",5 months ago
Ideas - Gulberg,"13 College Rd, Block L Gulberg 2, Lahore, Pakistan",(042) 32299272,https://www.gulahmedshop.com/,"Monday: 10:00 AM – 10:00 PM, Tuesday: 10:00 AM – 10:00 PM, Wednesday: 10:00 AM – 10:00 PM, Thursday: 10:00 AM – 10:00 PM, Friday: 10:00 AM – 1:00 PM, 2:30 – 10:00 PM, Saturday: 10:00 AM – 10:00 PM, Sunday: 10:00 AM – 10:00 PM",Khair Ahmad Tahir,5,"Ideas is Pakistan's best fashion brand in terms of the quality, designs and colors they offer in clothes, bed sheets, towels, sweaters and shirts. Gulberg  Branch visit twice  a week ago. I my opinion staff is not Good according to branch. They behave like sleepy mode ,they show he is owner type,",a year ago
Ideas - Gulberg,"13 College Rd, Block L Gulberg 2, Lahore, Pakistan",(042) 32299272,https://www.gulahmedshop.com/,"Monday: 10:00 AM – 10:00 PM, Tuesday: 10:00 AM – 10:00 PM, Wednesday: 10:00 AM – 10:00 PM, Thursday: 10:00 AM – 10:00 PM, Friday: 10:00 AM – 1:00 PM, 2:30 – 10:00 PM, Saturday: 10:00 AM – 10:00 PM, Sunday: 10:00 AM – 10:00 PM",Muheera Salman,4,Good helpful staff. Good service but a lot of stuff was not in stock.,2 months ago
Ideas - Gulberg,"13 College Rd, Block L Gulberg 2, Lahore, Pakistan",(042) 32299272,https://www.gulahmedshop.com/,"Monday: 10:00 AM – 10:00 PM, Tuesday: 10:00 AM – 10:00 PM, Wednesday: 10:00 AM – 10:00 PM, Thursday: 10:00 AM – 10:00 PM, Friday: 10:00 AM – 1:00 PM, 2:30 – 10:00 PM, Saturday: 10:00 AM – 10:00 PM, Sunday: 10:00 AM – 10:00 PM",faiqa chaudry,1,"pathetic exchange policy
and rude manager and stafff
not buying ever again . first they would sell damaged product and later they will tell you they cant even exchanage for some shitty 30 days policy",3 months ago
Ideas - Gulberg,"13 College Rd, Block L Gulberg 2, Lahore, Pakistan",(042) 32299272,https://www.gulahmedshop.com/,"Monday: 10:00 AM – 10:00 PM, Tuesday: 10:00 AM – 10:00 PM, Wednesday: 10:00 AM – 10:00 PM, Thursday: 10:00 AM – 10:00 PM, Friday: 10:00 AM – 1:00 PM, 2:30 – 10:00 PM, Saturday: 10:00 AM – 10:00 PM, Sunday: 10:00 AM – 10:00 PM",asad khan,5,looking for their Salt collection but they don't have all the collections in this store. Visit the Emporium mall store.,4 months ago
"Gul Ahmed Textile Mill Pvt Ltd,Ghafooria","V63H+M9W, Radio Pakistan Colony Qaddafi Town Bin Qasim Town, Karachi, Pakistan",N/A,https://www.gulahmed.com/,"Monday: 8:00 AM – 5:00 PM, Tuesday: 8:00 AM – 5:00 PM, Wednesday: 8:00 AM – 5:00 PM, Thursday: 8:00 AM – 5:00 PM, Friday: 8:00 AM – 5:00 PM, Saturday: 8:00 AM – 5:00 PM, Sunday: Closed",MS R,1,Owners ran over a bunch of people while under the influence.,6 months ago
"Gul Ahmed Textile Mill Pvt Ltd,Ghafooria","V63H+M9W, Radio Pakistan Colony Qaddafi Town Bin Qasim Town, Karachi, Pakistan",N/A,https://www.gulahmed.com/,"Monday: 8:00 AM – 5:00 PM, Tuesday: 8:00 AM – 5:00 PM, Wednesday: 8:00 AM – 5:00 PM, Thursday: 8:00 AM – 5:00 PM, Friday: 8:00 AM – 5:00 PM, Saturday: 8:00 AM – 5:00 PM, Sunday: Closed",Anabia Khan,5,"I'm  seller I have no words for gulahmad fabric quality
Very fine quality of fabric",4 years ago
"Gul Ahmed Textile Mill Pvt Ltd,Ghafooria","V63H+M9W, Radio Pakistan Colony Qaddafi Town Bin Qasim Town, Karachi, Pakistan",N/A,https://www.gulahmed.com/,"Monday: 8:00 AM – 5:00 PM, Tuesday: 8:00 AM – 5:00 PM, Wednesday: 8:00 AM – 5:00 PM, Thursday: 8:00 AM – 5:00 PM, Friday: 8:00 AM – 5:00 PM, Saturday: 8:00 AM – 5:00 PM, Sunday: Closed",abhey khan,5,Such a bzy place but good and well known place by Google and people too!,7 years ago
"Gul Ahmed Textile Mill Pvt Ltd,Ghafooria","V63H+M9W, Radio Pakistan Colony Qaddafi Town Bin Qasim Town, Karachi, Pakistan",N/A,https://www.gulahmed.com/,"Monday: 8:00 AM – 5:00 PM, Tuesday: 8:00 AM – 5:00 PM, Wednesday: 8:00 AM – 5:00 PM, Thursday: 8:00 AM – 5:00 PM, Friday: 8:00 AM – 5:00 PM, Saturday: 8:00 AM – 5:00 PM, Sunday: Closed",Shayan Rehan,4,Gul Ahmed is well known name in textile industry,6 years ago
"Gul Ahmed Textile Mill Pvt Ltd,Ghafooria","V63H+M9W, Radio Pakistan Colony Qaddafi Town Bin Qasim Town, Karachi, Pakistan",N/A,https://www.gulahmed.com/,"Monday: 8:00 AM – 5:00 PM, Tuesday: 8:00 AM – 5:00 PM, Wednesday: 8:00 AM – 5:00 PM, Thursday: 8:00 AM – 5:00 PM, Friday: 8:00 AM – 5:00 PM, Saturday: 8:00 AM – 5:00 PM, Sunday: Closed",Muhammad Ashraf Ilyas,5,Export unit good environment,a year ago
GulAhmed by Ideas Liberty Tariq Road,"V3C5+MVW, Allama Iqbal Rd, Block 2 P.E.C.H.S., Karachi, Pakistan",N/A,https://www.gulahmedshop.com/,"Monday: 10:00 AM – 10:00 PM, Tuesday: 10:00 AM – 10:00 PM, Wednesday: 10:00 AM – 10:00 PM, Thursday: 10:00 AM – 10:00 PM, Friday: 3:00 – 10:00 PM, Saturday: 10:00 AM – 10:00 PM, Sunday: 10:00 AM – 10:00 PM",Farhatullah Qureshi,3,"I did not hate this place rather liked it .This is the Outlet / Show Room of  GulAhmed Textile Mills Ltd at the old Cafe Liberty spot which was demolished & a new building erected which houses Baba Haleem Shop & GulAhmed Textile Show Room on ground floor & on mezzanine floor & offices on upper floors .This Outlet is not recommended for thrifty buyers / shoppers as the stitched & unstitched clothing is good but not cheap & prices are on the higher side as can be compared with other Boutique Shops / Fairprice Shops on Tariq Road & nearby Bahadurabad ChaarMinar Commercial Area . Anyway , the Laziz Mixed Fruit Chaat & Gol Gappay on the Cart infront of this Garment Outlet is famous throughout Karachi & Ppl come here from far off places to taste / savour the Fruit Chaat & Gol Gappay & infront of this Fruit Chaat Cart is the Baba Haleem Shop who specializes in Chicken Haleem & Beef Haleem which is also very delicious & open till 11:00 pm .Both these eateries  are recommended .",5 years ago
GulAhmed by Ideas Liberty Tariq Road,"V3C5+MVW, Allama Iqbal Rd, Block 2 P.E.C.H.S., Karachi, Pakistan",N/A,https://www.gulahmedshop.com/,"Monday: 10:00 AM – 10:00 PM, Tuesday: 10:00 AM – 10:00 PM, Wednesday: 10:00 AM – 10:00 PM, Thursday: 10:00 AM – 10:00 PM, Friday: 3:00 – 10:00 PM, Saturday: 10:00 AM – 10:00 PM, Sunday: 10:00 AM – 10:00 PM",Mehreen Zia,5,MashaAllah.... always loved for Gul Ahmed❤ today I visited there. And I forgot my credit card take back and leftover the shop. A boy running back to me with my card. I just 😲😲😲😲😲😲 and than Thanks to Allah  and Gul Ahmed Staff for being honest and professional❤ Stay  blessed 👍,5 years ago
GulAhmed by Ideas Liberty Tariq Road,"V3C5+MVW, Allama Iqbal Rd, Block 2 P.E.C.H.S., Karachi, Pakistan",N/A,https://www.gulahmedshop.com/,"Monday: 10:00 AM – 10:00 PM, Tuesday: 10:00 AM – 10:00 PM, Wednesday: 10:00 AM – 10:00 PM, Thursday: 10:00 AM – 10:00 PM, Friday: 3:00 – 10:00 PM, Saturday: 10:00 AM – 10:00 PM, Sunday: 10:00 AM – 10:00 PM",bilal azmat,4,Small outlet even though very main location at tariq Road. Good collection but can be improved much further,3 years ago
GulAhmed by Ideas Liberty Tariq Road,"V3C5+MVW, Allama Iqbal Rd, Block 2 P.E.C.H.S., Karachi, Pakistan",N/A,https://www.gulahmedshop.com/,"Monday: 10:00 AM – 10:00 PM, Tuesday: 10:00 AM – 10:00 PM, Wednesday: 10:00 AM – 10:00 PM, Thursday: 10:00 AM – 10:00 PM, Friday: 3:00 – 10:00 PM, Saturday: 10:00 AM – 10:00 PM, Sunday: 10:00 AM – 10:00 PM",Asghar Abbas Jivani,1,"Very poor customer service, specially don't buy unstitched fabrics for men they are not as per standard measurements",5 years ago
GulAhmed by Ideas Liberty Tariq Road,"V3C5+MVW, Allama Iqbal Rd, Block 2 P.E.C.H.S., Karachi, Pakistan",N/A,https://www.gulahmedshop.com/,"Monday: 10:00 AM – 10:00 PM, Tuesday: 10:00 AM – 10:00 PM, Wednesday: 10:00 AM – 10:00 PM, Thursday: 10:00 AM – 10:00 PM, Friday: 3:00 – 10:00 PM, Saturday: 10:00 AM – 10:00 PM, Sunday: 10:00 AM – 10:00 PM",Adil Khan,4,Gul ahmed Is a great shop.Her price is normal.Quality of things best.,4 years ago
Ideas - Clifton Block 9,"Ground Floor, Razi Tower, Khayaban-e-Iqbal Rd, Block 9 Clifton, Karachi, 74000, Pakistan",(021) 35374131,http://www.gulahmedshop.com/,"Monday: 11:00 AM – 11:00 PM, Tuesday: 11:00 AM – 11:00 PM, Wednesday: 11:00 AM – 11:00 PM, Thursday: 11:00 AM – 11:00 PM, Friday: 11:00 AM – 1:00 PM, 3:00 – 11:00 PM, Saturday: 11:00 AM – 11:00 PM, Sunday: 11:00 AM – 11:00 PM",Salim Khoso,5,Gul Ahmed is one of the best brands which has the best quality of fabrics. The variety of cotton which they have is something which you would hardly find in any part of the World. Very impressed by the quality of fabric they offer. Always love to buy unstitched clothes from here.,2 years ago
Ideas - Clifton Block 9,"Ground Floor, Razi Tower, Khayaban-e-Iqbal Rd, Block 9 Clifton, Karachi, 74000, Pakistan",(021) 35374131,http://www.gulahmedshop.com/,"Monday: 11:00 AM – 11:00 PM, Tuesday: 11:00 AM – 11:00 PM, Wednesday: 11:00 AM – 11:00 PM, Thursday: 11:00 AM – 11:00 PM, Friday: 11:00 AM – 1:00 PM, 3:00 – 11:00 PM, Saturday: 11:00 AM – 11:00 PM, Sunday: 11:00 AM – 11:00 PM",Muhammad Wahaj Siddiqui,5,"One of the finest branch of Ideas in karachi, staff is very cooperative. Good thing there is plenty of parking in front, I always find more dress and clothing collection in this branch without the issue out of stock or size unavailable as other mall branches have. Been there many times with good experience.",5 months ago
Ideas - Clifton Block 9,"Ground Floor, Razi Tower, Khayaban-e-Iqbal Rd, Block 9 Clifton, Karachi, 74000, Pakistan",(021) 35374131,http://www.gulahmedshop.com/,"Monday: 11:00 AM – 11:00 PM, Tuesday: 11:00 AM – 11:00 PM, Wednesday: 11:00 AM – 11:00 PM, Thursday: 11:00 AM – 11:00 PM, Friday: 11:00 AM – 1:00 PM, 3:00 – 11:00 PM, Saturday: 11:00 AM – 11:00 PM, Sunday: 11:00 AM – 11:00 PM",ume aman sadia (Candlelight),5,"I am not brand conscious person but I go with the flow. I went to gul Ahmed shop on my friends recommendation....n wanted to buy stuff for office wear. I didn't like something from the dresses for myself but loved one with 25%sale for my mom. She is a fan of gul Ahmed, especially the bedsheets.
The moment I landed at the shop I got stuck at my most Favorite spot. I tried many of them and loved epic 2 and mystic.",2 years ago
Ideas - Clifton Block 9,"Ground Floor, Razi Tower, Khayaban-e-Iqbal Rd, Block 9 Clifton, Karachi, 74000, Pakistan",(021) 35374131,http://www.gulahmedshop.com/,"Monday: 11:00 AM – 11:00 PM, Tuesday: 11:00 AM – 11:00 PM, Wednesday: 11:00 AM – 11:00 PM, Thursday: 11:00 AM – 11:00 PM, Friday: 11:00 AM – 1:00 PM, 3:00 – 11:00 PM, Saturday: 11:00 AM – 11:00 PM, Sunday: 11:00 AM – 11:00 PM",Nasir Raoof,3,Bought 4 bath towels. They tried to charge me for the bag. I sad no. Then i noticed some plastic bags. Was told those are free for online shoppers. Online shopping also includes free delivery. How pathetic is that? Surprised they did not charge for the air-conditioning.,9 months ago
Ideas - Clifton Block 9,"Ground Floor, Razi Tower, Khayaban-e-Iqbal Rd, Block 9 Clifton, Karachi, 74000, Pakistan",(021) 35374131,http://www.gulahmedshop.com/,"Monday: 11:00 AM – 11:00 PM, Tuesday: 11:00 AM – 11:00 PM, Wednesday: 11:00 AM – 11:00 PM, Thursday: 11:00 AM – 11:00 PM, Friday: 11:00 AM – 1:00 PM, 3:00 – 11:00 PM, Saturday: 11:00 AM – 11:00 PM, Sunday: 11:00 AM – 11:00 PM",Shahid Ali Malik,5,"Ideas by Gul Ahmed in Karachi is a one-stop destination for quality fashion and home essentials. Their extensive collection includes both ready-to-wear and unstitched clothing for men and women, offering a perfect blend of Pakistani and Western styles to suit every occasion. In addition to their stylish apparel, they feature a fantastic range of bedsheets, comforters, perfumes, and sandals, ensuring you find everything you need under one roof. The quality of their products is exceptional, and the designs are always trendy and versatile. With a well-organized store layout and helpful staff, shopping at Ideas by Gul Ahmed is a seamless and enjoyable experience. Highly recommended for anyone seeking style and comfort",2 months ago
Ideas - Adam Jee Road,"Plot # 3, Survey No.367/3 Banglow # 60, Adam Jee Road, Saddar, Cantt, Rawalpindi, 46000, Pakistan",(051) 5120793,https://www.gulahmedshop.com/,"Monday: 11:00 AM – 11:00 PM, Tuesday: 11:00 AM – 11:00 PM, Wednesday: 11:00 AM – 11:00 PM, Thursday: 11:00 AM – 11:00 PM, Friday: 11:00 AM – 1:00 PM, 3:00 – 11:00 PM, Saturday: 11:00 AM – 11:00 PM, Sunday: 11:00 AM – 11:00 PM",Sanaullah Khan,4,"Clothes quality and prices are not good,

Other things like blanket, beddings are good.
So if you are coming to buy something from Ideas come for beddings",a month ago
Ideas - Adam Jee Road,"Plot # 3, Survey No.367/3 Banglow # 60, Adam Jee Road, Saddar, Cantt, Rawalpindi, 46000, Pakistan",(051) 5120793,https://www.gulahmedshop.com/,"Monday: 11:00 AM – 11:00 PM, Tuesday: 11:00 AM – 11:00 PM, Wednesday: 11:00 AM – 11:00 PM, Thursday: 11:00 AM – 11:00 PM, Friday: 11:00 AM – 1:00 PM, 3:00 – 11:00 PM, Saturday: 11:00 AM – 11:00 PM, Sunday: 11:00 AM – 11:00 PM",Muhammad Salman,3,"Over hyped, too much crowded and when you need a dress of your size sadly its not available.",a month ago
Ideas - Adam Jee Road,"Plot # 3, Survey No.367/3 Banglow # 60, Adam Jee Road, Saddar, Cantt, Rawalpindi, 46000, Pakistan",(051) 5120793,https://www.gulahmedshop.com/,"Monday: 11:00 AM – 11:00 PM, Tuesday: 11:00 AM – 11:00 PM, Wednesday: 11:00 AM – 11:00 PM, Thursday: 11:00 AM – 11:00 PM, Friday: 11:00 AM – 1:00 PM, 3:00 – 11:00 PM, Saturday: 11:00 AM – 11:00 PM, Sunday: 11:00 AM – 11:00 PM",Faizan bin Feroz,2,Very conjusted area but this area is good for sasta shopping. This brand is hardly trying to maintain services and staff standard of Ideas but really they need to educate staff.,6 years ago
Ideas - Adam Jee Road,"Plot # 3, Survey No.367/3 Banglow # 60, Adam Jee Road, Saddar, Cantt, Rawalpindi, 46000, Pakistan",(051) 5120793,https://www.gulahmedshop.com/,"Monday: 11:00 AM – 11:00 PM, Tuesday: 11:00 AM – 11:00 PM, Wednesday: 11:00 AM – 11:00 PM, Thursday: 11:00 AM – 11:00 PM, Friday: 11:00 AM – 1:00 PM, 3:00 – 11:00 PM, Saturday: 11:00 AM – 11:00 PM, Sunday: 11:00 AM – 11:00 PM",Ahsan & Imtiaz,2,"Nothing innovative!
Went there to find a stictched 3 piece suit but the variety was very limited and designs were not good enough.",11 months ago
Ideas - Adam Jee Road,"Plot # 3, Survey No.367/3 Banglow # 60, Adam Jee Road, Saddar, Cantt, Rawalpindi, 46000, Pakistan",(051) 5120793,https://www.gulahmedshop.com/,"Monday: 11:00 AM – 11:00 PM, Tuesday: 11:00 AM – 11:00 PM, Wednesday: 11:00 AM – 11:00 PM, Thursday: 11:00 AM – 11:00 PM, Friday: 11:00 AM – 1:00 PM, 3:00 – 11:00 PM, Saturday: 11:00 AM – 11:00 PM, Sunday: 11:00 AM – 11:00 PM",Khadija Nawaz,1,"Worst Ideas branch I have ever been to.
The staff is extremely rude, all of them!
Especially the two on the counter, they misbehaved with the customers and were smug and unapologetic. Safe to say that I won't be returning.",a year ago
Ideas - PWD,"H4FX+8G4, Main PWD Rd, PWD Housing Society Sector D PWD Society, Islamabad, Pakistan",(051) 5421276,http://www.gulahmedshop.com/,"Monday: 11:00 AM – 10:00 PM, Tuesday: 11:00 AM – 10:00 PM, Wednesday: 11:00 AM – 10:00 PM, Thursday: 11:00 AM – 10:00 PM, Friday: 11:00 AM – 10:00 PM, Saturday: 11:00 AM – 10:00 PM, Sunday: 11:00 AM – 10:00 PM",Imran Nadir,1,"I love Gul Ahmad/Ideas
All the products but 1 star only coz they asked me to pay extra for the shopping bag

Issue is not paying Rs.30 but issue is if you are charging there shouldn't be branding on the bag

Also you pay huge amounts in marketing but this is worst marketing ever, may damage the brand's authenticity

I love products all of them but giving 1 star because of this small issue

(Note: I will update my review if next time they dont ask me for extra cost for shopping bag or they give plain bag with no branding on it)",4 months ago
Ideas - PWD,"H4FX+8G4, Main PWD Rd, PWD Housing Society Sector D PWD Society, Islamabad, Pakistan",(051) 5421276,http://www.gulahmedshop.com/,"Monday: 11:00 AM – 10:00 PM, Tuesday: 11:00 AM – 10:00 PM, Wednesday: 11:00 AM – 10:00 PM, Thursday: 11:00 AM – 10:00 PM, Friday: 11:00 AM – 10:00 PM, Saturday: 11:00 AM – 10:00 PM, Sunday: 11:00 AM – 10:00 PM",Nouman Wali,3,"I have visited here to buy bedsheets. Ideas has very good collection of normal bedsheets and bridal bed sheets.
It also has towels, men clothes and women clothes.
Quality of men clothes is average but quality of women clothes is quite ok.
Prices are reasonable and staff is  very cooperative.",5 years ago
Ideas - PWD,"H4FX+8G4, Main PWD Rd, PWD Housing Society Sector D PWD Society, Islamabad, Pakistan",(051) 5421276,http://www.gulahmedshop.com/,"Monday: 11:00 AM – 10:00 PM, Tuesday: 11:00 AM – 10:00 PM, Wednesday: 11:00 AM – 10:00 PM, Thursday: 11:00 AM – 10:00 PM, Friday: 11:00 AM – 10:00 PM, Saturday: 11:00 AM – 10:00 PM, Sunday: 11:00 AM – 10:00 PM",Raja Osama,1,"Assalam alikum
I bought the perfume (Ambassador) a few days ago, but its smell is not special because your staff said that the scent of this perfume would last for 24 hours, but it only lasted for 3 or 4 hours. Bad experience.",4 months ago
Ideas - PWD,"H4FX+8G4, Main PWD Rd, PWD Housing Society Sector D PWD Society, Islamabad, Pakistan",(051) 5421276,http://www.gulahmedshop.com/,"Monday: 11:00 AM – 10:00 PM, Tuesday: 11:00 AM – 10:00 PM, Wednesday: 11:00 AM – 10:00 PM, Thursday: 11:00 AM – 10:00 PM, Friday: 11:00 AM – 10:00 PM, Saturday: 11:00 AM – 10:00 PM, Sunday: 11:00 AM – 10:00 PM",Kamran Munir,3,expensive but quality products if u have lots of money then good place to visit,5 months ago
Ideas - PWD,"H4FX+8G4, Main PWD Rd, PWD Housing Society Sector D PWD Society, Islamabad, Pakistan",(051) 5421276,http://www.gulahmedshop.com/,"Monday: 11:00 AM – 10:00 PM, Tuesday: 11:00 AM – 10:00 PM, Wednesday: 11:00 AM – 10:00 PM, Thursday: 11:00 AM – 10:00 PM, Friday: 11:00 AM – 10:00 PM, Saturday: 11:00 AM – 10:00 PM, Sunday: 11:00 AM – 10:00 PM",Haseeb Sagheer,5,Nothing to say but good for shopping,4 months ago
Ideas F-10 Markaz,"3, F-10 Markaz F 10/3 F-10, Islamabad, 44000, Pakistan",(051) 2113617,https://www.gulahmedshop.com/,"Monday: 11:00 AM – 11:00 PM, Tuesday: 11:00 AM – 11:00 PM, Wednesday: 11:00 AM – 11:00 PM, Thursday: 11:00 AM – 11:00 PM, Friday: 11:00 AM – 1:00 PM, 3:00 – 11:00 PM, Saturday: 11:00 AM – 11:00 PM, Sunday: 11:00 AM – 11:00 PM",Horizon Explorers,3,"Very very expensive all their items. They attract customers thru round the year sale but even an ordinary bedsheet costs around 12,000 which is not worth that.Towels, Bedsheets, pillows, quilts and other winter and summer items available. Ladies garments are also available in variety. Good location, peace of mind for all ages and genders while shopping. Nice staff and good interior. I don't recommend to shop here at this price, other brands available near this outlet which provides quality items in cheap rates. However, for Gul Ahmad lovers, this is the better place to visit and shop.",3 months ago
Ideas F-10 Markaz,"3, F-10 Markaz F 10/3 F-10, Islamabad, 44000, Pakistan",(051) 2113617,https://www.gulahmedshop.com/,"Monday: 11:00 AM – 11:00 PM, Tuesday: 11:00 AM – 11:00 PM, Wednesday: 11:00 AM – 11:00 PM, Thursday: 11:00 AM – 11:00 PM, Friday: 11:00 AM – 1:00 PM, 3:00 – 11:00 PM, Saturday: 11:00 AM – 11:00 PM, Sunday: 11:00 AM – 11:00 PM",Hanya Jon,4,"The quality is good for foot wear , home textile , unstitched lawn for women and ready made Kurta's for men... The only problem with Gul Ahmed is the sudden price hike every now and then ... I don't necessarily like their ladies Pret .",3 years ago
Ideas F-10 Markaz,"3, F-10 Markaz F 10/3 F-10, Islamabad, 44000, Pakistan",(051) 2113617,https://www.gulahmedshop.com/,"Monday: 11:00 AM – 11:00 PM, Tuesday: 11:00 AM – 11:00 PM, Wednesday: 11:00 AM – 11:00 PM, Thursday: 11:00 AM – 11:00 PM, Friday: 11:00 AM – 1:00 PM, 3:00 – 11:00 PM, Saturday: 11:00 AM – 11:00 PM, Sunday: 11:00 AM – 11:00 PM",Fatima Baig,5,"Lovely and spacious branch of Gul Ahmed.
This branch has 3 floors.
Ground floor: Men’s clothing
First floor: Bedding and home accessories
Second floor: Womenswear and accessories",5 years ago
Ideas F-10 Markaz,"3, F-10 Markaz F 10/3 F-10, Islamabad, 44000, Pakistan",(051) 2113617,https://www.gulahmedshop.com/,"Monday: 11:00 AM – 11:00 PM, Tuesday: 11:00 AM – 11:00 PM, Wednesday: 11:00 AM – 11:00 PM, Thursday: 11:00 AM – 11:00 PM, Friday: 11:00 AM – 1:00 PM, 3:00 – 11:00 PM, Saturday: 11:00 AM – 11:00 PM, Sunday: 11:00 AM – 11:00 PM",Ayesha Tassaduq,4,Excellent summer sale going on. The Covid-19 SOP'S are being followed and the staff is really helpful. The quality of their lawn and bed linen is also really good.,3 years ago
Ideas F-10 Markaz,"3, F-10 Markaz F 10/3 F-10, Islamabad, 44000, Pakistan",(051) 2113617,https://www.gulahmedshop.com/,"Monday: 11:00 AM – 11:00 PM, Tuesday: 11:00 AM – 11:00 PM, Wednesday: 11:00 AM – 11:00 PM, Thursday: 11:00 AM – 11:00 PM, Friday: 11:00 AM – 1:00 PM, 3:00 – 11:00 PM, Saturday: 11:00 AM – 11:00 PM, Sunday: 11:00 AM – 11:00 PM",hasan Hammad,5,Excellent dealing specially online shopping so customer friendly rules attitude very accomodative then any other leading brands in pakistan......,3 years ago
Ideas - Allama Iqbal Town,"14/A, Pak Block Allama Iqbal Town, Lahore, 54000, Pakistan",(042) 37800577,https://www.gulahmedshop.com/,"Monday: 11:00 AM – 11:00 PM, Tuesday: 11:00 AM – 11:00 PM, Wednesday: 11:00 AM – 11:00 PM, Thursday: 11:00 AM – 11:00 PM, Friday: 11:00 AM – 1:00 PM, 3:00 – 11:00 PM, Saturday: 11:00 AM – 11:00 PM, Sunday: 11:00 AM – 11:00 PM",Abdul Wahab,4,"Quality of fabric is seems good & staff is cooperative.

One thing I have observed prices of discounted item and new arrival are almost same that shows you these 20%,030%,50%,70% are fake slogan.

Same quality suite price on 35% off and In new arrival section are same.

Cash counter are slow, you have to wait for 10-20 minutes.

If you have any friend there who ks working in Gul Ahmed then by his reference you can get 15% discount that is called Employee Discount.",2 years ago
Ideas - Allama Iqbal Town,"14/A, Pak Block Allama Iqbal Town, Lahore, 54000, Pakistan",(042) 37800577,https://www.gulahmedshop.com/,"Monday: 11:00 AM – 11:00 PM, Tuesday: 11:00 AM – 11:00 PM, Wednesday: 11:00 AM – 11:00 PM, Thursday: 11:00 AM – 11:00 PM, Friday: 11:00 AM – 1:00 PM, 3:00 – 11:00 PM, Saturday: 11:00 AM – 11:00 PM, Sunday: 11:00 AM – 11:00 PM",Jea Parwaiz,1,"Pathetic and extremely rude staff.

Asked the staff for 5-6 times for an article size .

He literally just ignored while being on floor doing nothing.

And on top of that when we complained the manager said

“ is k ilawa koi bat hai tu batai ap aik hi bat repeat kar rahi hai”

Patheticccccccc

And same for bahira branch

Just asked them for a gift slip they said iqbal town jai

Wth just for a slip? Itna petrol laga k jai?????
And he said ap non sense bat kar rahe hai

Like idk what just happened to the staff.

He said hm yaha slip ni generate kar sakte??

Why brooo????

When you can generate exchange slip from ANNNNYYYYY branch why can’t you just generate a gift slip.

Extremely bad experience with ideas staff….Please train them.",2 months ago
Ideas - Allama Iqbal Town,"14/A, Pak Block Allama Iqbal Town, Lahore, 54000, Pakistan",(042) 37800577,https://www.gulahmedshop.com/,"Monday: 11:00 AM – 11:00 PM, Tuesday: 11:00 AM – 11:00 PM, Wednesday: 11:00 AM – 11:00 PM, Thursday: 11:00 AM – 11:00 PM, Friday: 11:00 AM – 1:00 PM, 3:00 – 11:00 PM, Saturday: 11:00 AM – 11:00 PM, Sunday: 11:00 AM – 11:00 PM",ZiZi,4,Staff was very nice and humble.. i bought perfume from here.. staff guided me very nicely,3 weeks ago
Ideas - Allama Iqbal Town,"14/A, Pak Block Allama Iqbal Town, Lahore, 54000, Pakistan",(042) 37800577,https://www.gulahmedshop.com/,"Monday: 11:00 AM – 11:00 PM, Tuesday: 11:00 AM – 11:00 PM, Wednesday: 11:00 AM – 11:00 PM, Thursday: 11:00 AM – 11:00 PM, Friday: 11:00 AM – 1:00 PM, 3:00 – 11:00 PM, Saturday: 11:00 AM – 11:00 PM, Sunday: 11:00 AM – 11:00 PM",urfa ilyas,4,If you are buying the last mint and running late and than this is the only branch that is near to you then you can visit otherwise there are very limited options.,3 weeks ago
Ideas - Allama Iqbal Town,"14/A, Pak Block Allama Iqbal Town, Lahore, 54000, Pakistan",(042) 37800577,https://www.gulahmedshop.com/,"Monday: 11:00 AM – 11:00 PM, Tuesday: 11:00 AM – 11:00 PM, Wednesday: 11:00 AM – 11:00 PM, Thursday: 11:00 AM – 11:00 PM, Friday: 11:00 AM – 1:00 PM, 3:00 – 11:00 PM, Saturday: 11:00 AM – 11:00 PM, Sunday: 11:00 AM – 11:00 PM",Naeem Sardar,4,Nice Men's clothing range.,2 weeks ago
Ideas - Wapda Town,"189 Shahrah Nazaria-e-Pakistan, Block F Pia Housing Scheme, Lahore, Pakistan",(042) 35955403,https://www.gulahmedshop.com/,"Monday: 11:00 AM – 10:00 PM, Tuesday: 11:00 AM – 10:00 PM, Wednesday: 11:00 AM – 10:00 PM, Thursday: 11:00 AM – 10:00 PM, Friday: 11:00 AM – 1:00 PM, 2:30 – 10:00 PM, Saturday: 11:00 AM – 10:00 PM, Sunday: 11:00 AM – 10:00 PM",A B,5,"Ideas has now become a brand backed by Gul Ahmed. It has all kind of women stiched / unstiched , man unstiched suits and best of all they have beadseats collection as well ( Ideas beadseats is my openion is of good quality ) , Gul Ahmed has been in women and man colth industry from last many years but now they have also started kids cloths as well.
Best place to visit for people living near WAPDA Town.",a year ago
Ideas - Wapda Town,"189 Shahrah Nazaria-e-Pakistan, Block F Pia Housing Scheme, Lahore, Pakistan",(042) 35955403,https://www.gulahmedshop.com/,"Monday: 11:00 AM – 10:00 PM, Tuesday: 11:00 AM – 10:00 PM, Wednesday: 11:00 AM – 10:00 PM, Thursday: 11:00 AM – 10:00 PM, Friday: 11:00 AM – 1:00 PM, 2:30 – 10:00 PM, Saturday: 11:00 AM – 10:00 PM, Sunday: 11:00 AM – 10:00 PM",kashif baig,1,Poor experience. Poor manager behaviour. Zero customer care. Zero customer relationship. I went back to ideas to exchange a shirt I bought to days ago and I was standing at the door at 9:45 PM and they did not let me enter into the shop and I asked them that just replace the shirt and give me a larger one that the one I am returning. But they denied. Very bad experience for me and last time as well.,6 months ago
Ideas - Wapda Town,"189 Shahrah Nazaria-e-Pakistan, Block F Pia Housing Scheme, Lahore, Pakistan",(042) 35955403,https://www.gulahmedshop.com/,"Monday: 11:00 AM – 10:00 PM, Tuesday: 11:00 AM – 10:00 PM, Wednesday: 11:00 AM – 10:00 PM, Thursday: 11:00 AM – 10:00 PM, Friday: 11:00 AM – 1:00 PM, 2:30 – 10:00 PM, Saturday: 11:00 AM – 10:00 PM, Sunday: 11:00 AM – 10:00 PM",Waqas Piracha,5,Overall good experience. Staff was really good and guiding with a smile. Parking is an issue and you may need to park on your own risk on the road side. Good variety and vast range available,6 months ago
Ideas - Wapda Town,"189 Shahrah Nazaria-e-Pakistan, Block F Pia Housing Scheme, Lahore, Pakistan",(042) 35955403,https://www.gulahmedshop.com/,"Monday: 11:00 AM – 10:00 PM, Tuesday: 11:00 AM – 10:00 PM, Wednesday: 11:00 AM – 10:00 PM, Thursday: 11:00 AM – 10:00 PM, Friday: 11:00 AM – 1:00 PM, 2:30 – 10:00 PM, Saturday: 11:00 AM – 10:00 PM, Sunday: 11:00 AM – 10:00 PM",Kashif Talib,5,Always good to shop,2 weeks ago
Ideas - Wapda Town,"189 Shahrah Nazaria-e-Pakistan, Block F Pia Housing Scheme, Lahore, Pakistan",(042) 35955403,https://www.gulahmedshop.com/,"Monday: 11:00 AM – 10:00 PM, Tuesday: 11:00 AM – 10:00 PM, Wednesday: 11:00 AM – 10:00 PM, Thursday: 11:00 AM – 10:00 PM, Friday: 11:00 AM – 1:00 PM, 2:30 – 10:00 PM, Saturday: 11:00 AM – 10:00 PM, Sunday: 11:00 AM – 10:00 PM",Khurram Izzat,5,A good market for clots. Specially for bed sheets and pillows as well as clothing.,a month ago
Ideas - Jasmine Mall Bahria Lahore,"Jasmine Mall، near talwar chowk، Commercial Zone Sector C Jasmine Block Sector C Bahria Town, Lahore, 53720, Pakistan",(042) 37862763,http://www.gulahmedshop.com/,"Monday: 11:00 AM – 10:00 PM, Tuesday: 11:00 AM – 10:00 PM, Wednesday: 11:00 AM – 10:00 PM, Thursday: 11:00 AM – 10:00 PM, Friday: 11:00 AM – 1:00 PM, 2:30 – 10:00 PM, Saturday: 11:00 AM – 10:00 PM, Sunday: 2:00 – 10:00 PM",Nihal Malik,1,"The staff at ideas out let jasmine mall bahria town lahore is not trained at all, the out let doesnt have any variety at all for man they should close the out let",a month ago
Ideas - Jasmine Mall Bahria Lahore,"Jasmine Mall، near talwar chowk، Commercial Zone Sector C Jasmine Block Sector C Bahria Town, Lahore, 53720, Pakistan",(042) 37862763,http://www.gulahmedshop.com/,"Monday: 11:00 AM – 10:00 PM, Tuesday: 11:00 AM – 10:00 PM, Wednesday: 11:00 AM – 10:00 PM, Thursday: 11:00 AM – 10:00 PM, Friday: 11:00 AM – 1:00 PM, 2:30 – 10:00 PM, Saturday: 11:00 AM – 10:00 PM, Sunday: 2:00 – 10:00 PM",Mirza Ahmad,5,"Lovely experience
Especially at china wok on 4th floor",2 weeks ago
Ideas - Jasmine Mall Bahria Lahore,"Jasmine Mall، near talwar chowk، Commercial Zone Sector C Jasmine Block Sector C Bahria Town, Lahore, 53720, Pakistan",(042) 37862763,http://www.gulahmedshop.com/,"Monday: 11:00 AM – 10:00 PM, Tuesday: 11:00 AM – 10:00 PM, Wednesday: 11:00 AM – 10:00 PM, Thursday: 11:00 AM – 10:00 PM, Friday: 11:00 AM – 1:00 PM, 2:30 – 10:00 PM, Saturday: 11:00 AM – 10:00 PM, Sunday: 2:00 – 10:00 PM",Shaheen Tahir,5,Started their food court which is a good addition in bahria,a month ago
Ideas - Jasmine Mall Bahria Lahore,"Jasmine Mall، near talwar chowk، Commercial Zone Sector C Jasmine Block Sector C Bahria Town, Lahore, 53720, Pakistan",(042) 37862763,http://www.gulahmedshop.com/,"Monday: 11:00 AM – 10:00 PM, Tuesday: 11:00 AM – 10:00 PM, Wednesday: 11:00 AM – 10:00 PM, Thursday: 11:00 AM – 10:00 PM, Friday: 11:00 AM – 1:00 PM, 2:30 – 10:00 PM, Saturday: 11:00 AM – 10:00 PM, Sunday: 2:00 – 10:00 PM",Dhahzad Ali,4,"Generally good place for affordable shopping.
However compared to the area this outlet is smaller.",6 months ago
Ideas - Jasmine Mall Bahria Lahore,"Jasmine Mall، near talwar chowk، Commercial Zone Sector C Jasmine Block Sector C Bahria Town, Lahore, 53720, Pakistan",(042) 37862763,http://www.gulahmedshop.com/,"Monday: 11:00 AM – 10:00 PM, Tuesday: 11:00 AM – 10:00 PM, Wednesday: 11:00 AM – 10:00 PM, Thursday: 11:00 AM – 10:00 PM, Friday: 11:00 AM – 1:00 PM, 2:30 – 10:00 PM, Saturday: 11:00 AM – 10:00 PM, Sunday: 2:00 – 10:00 PM",Muhammad Ahmad Jan,3,I bought a sweater for more than PkR 4000 which had burr right away. I lost the receipt and management refused to accept the claim. Everyday Sales Stores needs to be thoroughly checked before shopping.,11 months ago
Ideas - F-7 Markaz,"Block 13A, F-7 Markaz F 7 Markaz F-7, Islamabad, Pakistan",(051) 2652491 ext. 96,https://www.gulahmedshop.com/,"Monday: 11:00 AM – 11:00 PM, Tuesday: 11:00 AM – 11:00 PM, Wednesday: 11:00 AM – 11:00 PM, Thursday: 11:00 AM – 11:00 PM, Friday: 11:00 AM – 1:00 PM, 3:00 – 11:00 PM, Saturday: 11:00 AM – 11:00 PM, Sunday: 11:00 AM – 11:00 PM",mir shahzad,5,"For the last 7 to 8 years, I have been a loyal customer, if not more, possibly even 8 years. I have never regretted shopping there. Their stuff is superb, whether it's their winter or summer collection. Their fabric is outstanding. I truly appreciate their loyalty to customers.",10 months ago
Ideas - F-7 Markaz,"Block 13A, F-7 Markaz F 7 Markaz F-7, Islamabad, Pakistan",(051) 2652491 ext. 96,https://www.gulahmedshop.com/,"Monday: 11:00 AM – 11:00 PM, Tuesday: 11:00 AM – 11:00 PM, Wednesday: 11:00 AM – 11:00 PM, Thursday: 11:00 AM – 11:00 PM, Friday: 11:00 AM – 1:00 PM, 3:00 – 11:00 PM, Saturday: 11:00 AM – 11:00 PM, Sunday: 11:00 AM – 11:00 PM",Malik Campbellpuriya,5,"MashaAllah, Good Outlet and good Staff .. Especially from the staff Mr.Noor ilahi he helped me out to arrange Quilt and bedding even though they are short of stock.",a year ago
Ideas - F-7 Markaz,"Block 13A, F-7 Markaz F 7 Markaz F-7, Islamabad, Pakistan",(051) 2652491 ext. 96,https://www.gulahmedshop.com/,"Monday: 11:00 AM – 11:00 PM, Tuesday: 11:00 AM – 11:00 PM, Wednesday: 11:00 AM – 11:00 PM, Thursday: 11:00 AM – 11:00 PM, Friday: 11:00 AM – 1:00 PM, 3:00 – 11:00 PM, Saturday: 11:00 AM – 11:00 PM, Sunday: 11:00 AM – 11:00 PM",Amna Andrabi,3,"They are having good sales going on and the staff is also nice but the cashier needs to work on his people skills. Don't know his name, but the number one rule of basic manners is to give respect to everyone around it which he clearly lacked. Dealing with customers respectfully is one thing and dealing with your own staff respectfully is another and both  are important.",a year ago
Ideas - F-7 Markaz,"Block 13A, F-7 Markaz F 7 Markaz F-7, Islamabad, Pakistan",(051) 2652491 ext. 96,https://www.gulahmedshop.com/,"Monday: 11:00 AM – 11:00 PM, Tuesday: 11:00 AM – 11:00 PM, Wednesday: 11:00 AM – 11:00 PM, Thursday: 11:00 AM – 11:00 PM, Friday: 11:00 AM – 1:00 PM, 3:00 – 11:00 PM, Saturday: 11:00 AM – 11:00 PM, Sunday: 11:00 AM – 11:00 PM",Atif Raza,4,Good stuff coperative staff sale is Awesome.i also buying from ideas outlet jinah super two purchase today🤠(*_*).,4 years ago
Ideas - F-7 Markaz,"Block 13A, F-7 Markaz F 7 Markaz F-7, Islamabad, Pakistan",(051) 2652491 ext. 96,https://www.gulahmedshop.com/,"Monday: 11:00 AM – 11:00 PM, Tuesday: 11:00 AM – 11:00 PM, Wednesday: 11:00 AM – 11:00 PM, Thursday: 11:00 AM – 11:00 PM, Friday: 11:00 AM – 1:00 PM, 3:00 – 11:00 PM, Saturday: 11:00 AM – 11:00 PM, Sunday: 11:00 AM – 11:00 PM",Khaleeq Rehman,5,Great place to visit. New summer collection has been started.,4 years ago
Ideas by Gul Ahmed - Official,"Packages Mall, Walton Rd, Al Noor Town, Lahore, 54750, Pakistan",(042) 38915840,https://www.gulahmedshop.com/,"Monday: 11:00 AM – 10:00 PM, Tuesday: 11:00 AM – 10:00 PM, Wednesday: 11:00 AM – 10:00 PM, Thursday: 11:00 AM – 10:00 PM, Friday: 11:00 AM – 10:00 PM, Saturday: 11:00 AM – 10:00 PM, Sunday: 2:00 – 10:00 PM",Technical Prince,5,"The store layout is thoughtfully designed, ensuring a seamless flow between sections. Whether you’re in search of contemporary western wear or traditional eastern attire, Ideas has you covered with its trendy and high-quality offerings. The men’s section boasts a selection of crisp formal shirts and comfortable casual wear, while the women’s section is adorned with elegant dresses, chic tops, and beautifully crafted ethnic wear.

One of the highlights of Ideas at Packages Mall is the footwear and accessories range. From stylish heels to practical flats, the variety is impressive. The handbags, scarves, and jewelry perfectly complement the clothing lines, making it a one-stop shop for a complete wardrobe overhaul.

The staff at Ideas is commendable for their courteous and helpful service. They are attentive without being intrusive, providing a shopping experience that feels both personal and professional.

Overall, Ideas at Packages Mall is worth visiting for its quality products, pleasant shopping environment, and excellent customer service. It’s a testament to Lahore’s growing retail landscape and a must-visit for anyone looking to indulge in some retail therapy.",9 months ago
Ideas by Gul Ahmed - Official,"Packages Mall, Walton Rd, Al Noor Town, Lahore, 54750, Pakistan",(042) 38915840,https://www.gulahmedshop.com/,"Monday: 11:00 AM – 10:00 PM, Tuesday: 11:00 AM – 10:00 PM, Wednesday: 11:00 AM – 10:00 PM, Thursday: 11:00 AM – 10:00 PM, Friday: 11:00 AM – 10:00 PM, Saturday: 11:00 AM – 10:00 PM, Sunday: 2:00 – 10:00 PM",A B,5,Good place to buy cloths both for man and women.,a year ago
Ideas by Gul Ahmed - Official,"Packages Mall, Walton Rd, Al Noor Town, Lahore, 54750, Pakistan",(042) 38915840,https://www.gulahmedshop.com/,"Monday: 11:00 AM – 10:00 PM, Tuesday: 11:00 AM – 10:00 PM, Wednesday: 11:00 AM – 10:00 PM, Thursday: 11:00 AM – 10:00 PM, Friday: 11:00 AM – 10:00 PM, Saturday: 11:00 AM – 10:00 PM, Sunday: 2:00 – 10:00 PM",kamran ali shah,4,I liked the way they treated me. Thumbs up for the salesmanship. I requested the guy at duty to let me wear different white suits in order to buy one of them. He pleasantly let me try it. It was easy for me to make decision in favor of one suit at the end. I hope the fabric will also prove to be a good one. So far so good.,2 years ago
Ideas by Gul Ahmed - Official,"Packages Mall, Walton Rd, Al Noor Town, Lahore, 54750, Pakistan",(042) 38915840,https://www.gulahmedshop.com/,"Monday: 11:00 AM – 10:00 PM, Tuesday: 11:00 AM – 10:00 PM, Wednesday: 11:00 AM – 10:00 PM, Thursday: 11:00 AM – 10:00 PM, Friday: 11:00 AM – 10:00 PM, Saturday: 11:00 AM – 10:00 PM, Sunday: 2:00 – 10:00 PM",mahwish khalid17,5,gul ahmed fabrics specifically summer lawn is best for our heated weather and I recommend for lawn in summer. gul ahmed fabrics colors and design are unique and stich pret are  so stylish and pretty  .but prices are high in luxury collections.☺,a year ago
Ideas by Gul Ahmed - Official,"Packages Mall, Walton Rd, Al Noor Town, Lahore, 54750, Pakistan",(042) 38915840,https://www.gulahmedshop.com/,"Monday: 11:00 AM – 10:00 PM, Tuesday: 11:00 AM – 10:00 PM, Wednesday: 11:00 AM – 10:00 PM, Thursday: 11:00 AM – 10:00 PM, Friday: 11:00 AM – 10:00 PM, Saturday: 11:00 AM – 10:00 PM, Sunday: 2:00 – 10:00 PM",Asim Iqbal,5,Every time I visit here I bring something for me or family. They have such nice variety and great discounts most of the time to create a kind of impulsive force towards it. The store offered up to 70% discounts most of the time. And that’s a true sale compared to false type sales. Ideas by Gul Ahmed is one of the top most brands of Pakistan and it is one of the oldest name in apparels and clothing.,6 years ago
Ideas - Bahria Rawalpindi,"G3FV+48F Spring North، Sikandar Arcade، Expressway, near Clock Tower، Phase 7 بحریہ ٹاون، راولپنڈی, 46000, Pakistan",(051) 5412113,https://www.gulahmedshop.com/,"Monday: 11:00 AM – 11:00 PM, Tuesday: 11:00 AM – 11:00 PM, Wednesday: 11:00 AM – 11:00 PM, Thursday: 11:00 AM – 11:00 PM, Friday: 11:00 AM – 1:00 PM, 3:00 – 11:00 PM, Saturday: 11:00 AM – 11:00 PM, Sunday: 11:00 AM – 11:00 PM",Afshan Muqeet,3,Too cramped up .... particularly the ground level. Although all bed linen n towels n dresses available,a year ago
Ideas - Bahria Rawalpindi,"G3FV+48F Spring North، Sikandar Arcade، Expressway, near Clock Tower، Phase 7 بحریہ ٹاون، راولپنڈی, 46000, Pakistan",(051) 5412113,https://www.gulahmedshop.com/,"Monday: 11:00 AM – 11:00 PM, Tuesday: 11:00 AM – 11:00 PM, Wednesday: 11:00 AM – 11:00 PM, Thursday: 11:00 AM – 11:00 PM, Friday: 11:00 AM – 1:00 PM, 3:00 – 11:00 PM, Saturday: 11:00 AM – 11:00 PM, Sunday: 11:00 AM – 11:00 PM",Amna Andrabi,5,Good Items. Sale is going on and reasonable prices. You are looking for bedding items or some good quality khaddar clothes that too on 50% to 60% off then go and visit it.,a year ago
Ideas - Bahria Rawalpindi,"G3FV+48F Spring North، Sikandar Arcade، Expressway, near Clock Tower، Phase 7 بحریہ ٹاون، راولپنڈی, 46000, Pakistan",(051) 5412113,https://www.gulahmedshop.com/,"Monday: 11:00 AM – 11:00 PM, Tuesday: 11:00 AM – 11:00 PM, Wednesday: 11:00 AM – 11:00 PM, Thursday: 11:00 AM – 11:00 PM, Friday: 11:00 AM – 1:00 PM, 3:00 – 11:00 PM, Saturday: 11:00 AM – 11:00 PM, Sunday: 11:00 AM – 11:00 PM",The world of cats by Naureen,4,It has more variety than oth bramch at saddar,3 months ago
Ideas - Bahria Rawalpindi,"G3FV+48F Spring North، Sikandar Arcade، Expressway, near Clock Tower، Phase 7 بحریہ ٹاون، راولپنڈی, 46000, Pakistan",(051) 5412113,https://www.gulahmedshop.com/,"Monday: 11:00 AM – 11:00 PM, Tuesday: 11:00 AM – 11:00 PM, Wednesday: 11:00 AM – 11:00 PM, Thursday: 11:00 AM – 11:00 PM, Friday: 11:00 AM – 1:00 PM, 3:00 – 11:00 PM, Saturday: 11:00 AM – 11:00 PM, Sunday: 11:00 AM – 11:00 PM",Annique Shahid,4,"Recently I found their slim fit collection of kurtas which I couldn't find elsewhere with a reasonable variety of items... Most other brands have only online catalogues of slim/smart-fit kurtas and you can't go to an outlet to check its fitting...
I also really liked the casual dress shirts & polo shirts because they fitted well (smart fit) and the material was very nice for summers which isn't normally available in moderate price range...!
The kurta, pajama I bought are also very well fitted, just the way I wanted and of good quality material...! 😃😃",a year ago
Ideas - Bahria Rawalpindi,"G3FV+48F Spring North، Sikandar Arcade، Expressway, near Clock Tower، Phase 7 بحریہ ٹاون، راولپنڈی, 46000, Pakistan",(051) 5412113,https://www.gulahmedshop.com/,"Monday: 11:00 AM – 11:00 PM, Tuesday: 11:00 AM – 11:00 PM, Wednesday: 11:00 AM – 11:00 PM, Thursday: 11:00 AM – 11:00 PM, Friday: 11:00 AM – 1:00 PM, 3:00 – 11:00 PM, Saturday: 11:00 AM – 11:00 PM, Sunday: 11:00 AM – 11:00 PM",Agha Ali,1,FRAUD Sale of items in process. Items sold on higher prices and different Discounts as displayed and told by Aisle Attendents. POOR SHOW. Simply bluffing the customers. 6 Jan 2023 1530 hrs.....,a year ago
Ideas - Bahadurabad,"4 Minnar Chorangi, Shop 5 & 6, Bahadur Shah Zafar Road, near KFC, Bahadurabad Bahadur Yar Jang CHS, Karachi, Pakistan",(021) 34858954,http://www.gulahmedshop.com/,"Monday: 11:00 AM – 11:00 PM, Tuesday: 11:00 AM – 11:00 PM, Wednesday: 11:00 AM – 11:00 PM, Thursday: 11:00 AM – 11:00 PM, Friday: 11:00 AM – 1:00 PM, 3:00 – 11:00 PM, Saturday: 11:00 AM – 11:00 PM, Sunday: 11:00 AM – 11:00 PM",Majid Khan,5,"Good place for clothes

They have a limited kids collection at this location
Focusing mostly on women's and Manchester",a week ago
Ideas - Bahadurabad,"4 Minnar Chorangi, Shop 5 & 6, Bahadur Shah Zafar Road, near KFC, Bahadurabad Bahadur Yar Jang CHS, Karachi, Pakistan",(021) 34858954,http://www.gulahmedshop.com/,"Monday: 11:00 AM – 11:00 PM, Tuesday: 11:00 AM – 11:00 PM, Wednesday: 11:00 AM – 11:00 PM, Thursday: 11:00 AM – 11:00 PM, Friday: 11:00 AM – 1:00 PM, 3:00 – 11:00 PM, Saturday: 11:00 AM – 11:00 PM, Sunday: 11:00 AM – 11:00 PM",Xik-ti-Amro,1,"A pathetic experience with this Ideas store. They are selling fake stuff in the name of Brand . I bought it for more than 5k, and after a single wash, the colour  spread all over . I would strongly not recommend this store to anyone ..",11 months ago
Ideas - Bahadurabad,"4 Minnar Chorangi, Shop 5 & 6, Bahadur Shah Zafar Road, near KFC, Bahadurabad Bahadur Yar Jang CHS, Karachi, Pakistan",(021) 34858954,http://www.gulahmedshop.com/,"Monday: 11:00 AM – 11:00 PM, Tuesday: 11:00 AM – 11:00 PM, Wednesday: 11:00 AM – 11:00 PM, Thursday: 11:00 AM – 11:00 PM, Friday: 11:00 AM – 1:00 PM, 3:00 – 11:00 PM, Saturday: 11:00 AM – 11:00 PM, Sunday: 11:00 AM – 11:00 PM",Karim Pasta,5,"I visited the Ideas Gul Ahmed Bahadurabad outlet in the month of September. They provided excellent service. I would especially like to mention the in-charge, Mr. Ehtesham. I liked his excellent communication, his manners, and his attitude, for which I am very grateful to him. I will also request my friends to definitely visit the Ideas Gul Ahmed Bahadurabad outlet's Karim pasta.",3 months ago
Ideas - Bahadurabad,"4 Minnar Chorangi, Shop 5 & 6, Bahadur Shah Zafar Road, near KFC, Bahadurabad Bahadur Yar Jang CHS, Karachi, Pakistan",(021) 34858954,http://www.gulahmedshop.com/,"Monday: 11:00 AM – 11:00 PM, Tuesday: 11:00 AM – 11:00 PM, Wednesday: 11:00 AM – 11:00 PM, Thursday: 11:00 AM – 11:00 PM, Friday: 11:00 AM – 1:00 PM, 3:00 – 11:00 PM, Saturday: 11:00 AM – 11:00 PM, Sunday: 11:00 AM – 11:00 PM",Muhammad Shoaib Farooq,4,Summer in Pakistan certainly is the right time to think what we are wearing. This season reflects our true clothing styles; which we mindlessly follow. Many of us call summer “Lawn craze” season. Every day from the start of the season we see top models advocating that you will look stunning in their lown suit. Which make those advertised brands a status symbol. But these brands lown dress price is very high and many of us do not have the power to buy them.,7 years ago
Ideas - Bahadurabad,"4 Minnar Chorangi, Shop 5 & 6, Bahadur Shah Zafar Road, near KFC, Bahadurabad Bahadur Yar Jang CHS, Karachi, Pakistan",(021) 34858954,http://www.gulahmedshop.com/,"Monday: 11:00 AM – 11:00 PM, Tuesday: 11:00 AM – 11:00 PM, Wednesday: 11:00 AM – 11:00 PM, Thursday: 11:00 AM – 11:00 PM, Friday: 11:00 AM – 1:00 PM, 3:00 – 11:00 PM, Saturday: 11:00 AM – 11:00 PM, Sunday: 11:00 AM – 11:00 PM",Areej Sheikh,4,"I ordered two bags without checking the size (definitely my fault) and they turned out to be too big for me. We weren’t expecting much but still thought to swing by the store and check if an exchange may be possible.

To our surprise the cooperative staff immediately took the bags back no questions asked and let us exchange them for whatever we liked for that same amount.

Ended up with the softest bathrobe + slippers set and a cute bedsheet!
Very pleased with the cooperative behaviour of the staff!",2 years ago
Ideas,"Shop # S–19, 59, Commercial Shahrah-e-Quaid-e-Azam, Garhi Shahu, Lahore, 54000, Pakistan",(042) 36309167,https://www.gulahmedshop.com/,"Monday: 11:00 AM – 11:00 PM, Tuesday: 11:00 AM – 11:00 PM, Wednesday: 11:00 AM – 11:00 PM, Thursday: 11:00 AM – 11:00 PM, Friday: 11:00 AM – 1:00 PM, 3:00 – 11:00 PM, Saturday: 11:00 AM – 11:00 PM, Sunday: 11:00 AM – 11:00 PM",irfan iqbal,5,Good fabric in quality. I am satisfied. I purchase from panorama gul ahmad store 🏬,3 years ago
Ideas,"Shop # S–19, 59, Commercial Shahrah-e-Quaid-e-Azam, Garhi Shahu, Lahore, 54000, Pakistan",(042) 36309167,https://www.gulahmedshop.com/,"Monday: 11:00 AM – 11:00 PM, Tuesday: 11:00 AM – 11:00 PM, Wednesday: 11:00 AM – 11:00 PM, Thursday: 11:00 AM – 11:00 PM, Friday: 11:00 AM – 1:00 PM, 3:00 – 11:00 PM, Saturday: 11:00 AM – 11:00 PM, Sunday: 11:00 AM – 11:00 PM",Muhammad Asim Akram,5,"Very friendly staff , good help very low prices really happy",3 years ago
Ideas,"Shop # S–19, 59, Commercial Shahrah-e-Quaid-e-Azam, Garhi Shahu, Lahore, 54000, Pakistan",(042) 36309167,https://www.gulahmedshop.com/,"Monday: 11:00 AM – 11:00 PM, Tuesday: 11:00 AM – 11:00 PM, Wednesday: 11:00 AM – 11:00 PM, Thursday: 11:00 AM – 11:00 PM, Friday: 11:00 AM – 1:00 PM, 3:00 – 11:00 PM, Saturday: 11:00 AM – 11:00 PM, Sunday: 11:00 AM – 11:00 PM",Raj “Monu126” Kami,5,"All variety of Gulahmed Gents & Ladies both Stitch and Unstitch available Bedsheets, towels
Perfumes.. Perfect for shopping",a year ago
Ideas,"Shop # S–19, 59, Commercial Shahrah-e-Quaid-e-Azam, Garhi Shahu, Lahore, 54000, Pakistan",(042) 36309167,https://www.gulahmedshop.com/,"Monday: 11:00 AM – 11:00 PM, Tuesday: 11:00 AM – 11:00 PM, Wednesday: 11:00 AM – 11:00 PM, Thursday: 11:00 AM – 11:00 PM, Friday: 11:00 AM – 1:00 PM, 3:00 – 11:00 PM, Saturday: 11:00 AM – 11:00 PM, Sunday: 11:00 AM – 11:00 PM",Saima Yaqub,4,"100% cotton is very expensive even on sale. Otherwise, quality is really good. Kids bed sheets are good but should have a wider variety",4 years ago
Ideas,"Shop # S–19, 59, Commercial Shahrah-e-Quaid-e-Azam, Garhi Shahu, Lahore, 54000, Pakistan",(042) 36309167,https://www.gulahmedshop.com/,"Monday: 11:00 AM – 11:00 PM, Tuesday: 11:00 AM – 11:00 PM, Wednesday: 11:00 AM – 11:00 PM, Thursday: 11:00 AM – 11:00 PM, Friday: 11:00 AM – 1:00 PM, 3:00 – 11:00 PM, Saturday: 11:00 AM – 11:00 PM, Sunday: 11:00 AM – 11:00 PM",mohammad Usama Zain,4,One of the best Clothes shop branch,5 years ago
Ideas - Faisalabad Jaranwala Rd,"C469+258 Departmental Store, Ali Tower, Jaranwala Rd, near Al Fateh Parking, Kohinoor City Faisalabad, Pakistan",(041) 8535686,https://www.gulahmedshop.com/,"Monday: 11:00 AM – 11:00 PM, Tuesday: 11:00 AM – 11:00 PM, Wednesday: 11:00 AM – 11:00 PM, Thursday: 11:00 AM – 11:00 PM, Friday: 11:00 AM – 1:00 PM, 3:00 – 11:00 PM, Saturday: 11:00 AM – 11:00 PM, Sunday: 11:00 AM – 11:00 PM",Ghulam Ishaq Khan,3,"Ideas by Gul Ahmed at Jaranwala Road offers a wide variety of outfits and home linen for men, women, and children, catering to diverse tastes. The collection is extensive, with many options to choose from. However, there seems to be a compromise in quality or perhaps a lack of attention to detail, as the products don’t always meet the high standards expected from a brand like Gul Ahmed. Additionally, the store layout appears poorly arranged, making it difficult to navigate comfortably.

To enhance the shopping experience, the store could benefit from hiring experienced visual merchandisers and interior designers to create a more organized and visually appealing environment. Expanding the floor area would also allow for a more seamless shopping experience, allowing customers to browse with ease.

While the brand offers great variety and value, improvements in layout, design, and product quality could elevate the overall experience significantly.",2 months ago
Ideas - Faisalabad Jaranwala Rd,"C469+258 Departmental Store, Ali Tower, Jaranwala Rd, near Al Fateh Parking, Kohinoor City Faisalabad, Pakistan",(041) 8535686,https://www.gulahmedshop.com/,"Monday: 11:00 AM – 11:00 PM, Tuesday: 11:00 AM – 11:00 PM, Wednesday: 11:00 AM – 11:00 PM, Thursday: 11:00 AM – 11:00 PM, Friday: 11:00 AM – 1:00 PM, 3:00 – 11:00 PM, Saturday: 11:00 AM – 11:00 PM, Sunday: 11:00 AM – 11:00 PM",Amber,1,I'm extremely dissatisfied with the home collection I purchased. I bought this bedsheet from new collection and it has noticeable hand stitching.,2 weeks ago
Ideas - Faisalabad Jaranwala Rd,"C469+258 Departmental Store, Ali Tower, Jaranwala Rd, near Al Fateh Parking, Kohinoor City Faisalabad, Pakistan",(041) 8535686,https://www.gulahmedshop.com/,"Monday: 11:00 AM – 11:00 PM, Tuesday: 11:00 AM – 11:00 PM, Wednesday: 11:00 AM – 11:00 PM, Thursday: 11:00 AM – 11:00 PM, Friday: 11:00 AM – 1:00 PM, 3:00 – 11:00 PM, Saturday: 11:00 AM – 11:00 PM, Sunday: 11:00 AM – 11:00 PM",Shahid Gulzar,4,"Ideas by Gul Ahmed, located on Jarranwala Road in Faisalabad, is a well-known clothing brand that unfortunately failed to impress me during my recent visit. While the brand's commitment to quality fabrics and craftsmanship is evident, the limited variety and lack of new designs left me underwhelmed. The classic, elegant designs that Ideas is renowned for were plentiful, but the overall collection felt stale and outdated.
As I browsed through the racks, I couldn't help but notice the repetitive designs that seemed to dominate the store. The absence of modern and trendy clothing options was striking, making it clear that Ideas is currently catering to a very specific demographic. Those seeking timeless, classic attire will undoubtedly find something to their liking; however, fashion enthusiasts and individuals seeking stylish, contemporary clothing may find themselves disappointed.
To regain its footing in the competitive clothing market, Ideas by Gul Ahmed needs to refresh its collection and incorporate more diverse and modern designs. This could be achieved by expanding their design team to bring in fresh perspectives, introducing seasonal collections with modern twists, and catering to a broader range of customer preferences. Until then, loyal customers may find themselves seeking alternative brands for stylish and contemporary clothing.
Overall, Ideas by Gul Ahmed remains a reliable choice for classic attire, but its failure to innovate and adapt to changing fashion trends holds it back from reaching its full potential. With some revitalization, this esteemed brand can once again become a go to destination for fashion conscious consumers.",4 months ago
Ideas - Faisalabad Jaranwala Rd,"C469+258 Departmental Store, Ali Tower, Jaranwala Rd, near Al Fateh Parking, Kohinoor City Faisalabad, Pakistan",(041) 8535686,https://www.gulahmedshop.com/,"Monday: 11:00 AM – 11:00 PM, Tuesday: 11:00 AM – 11:00 PM, Wednesday: 11:00 AM – 11:00 PM, Thursday: 11:00 AM – 11:00 PM, Friday: 11:00 AM – 1:00 PM, 3:00 – 11:00 PM, Saturday: 11:00 AM – 11:00 PM, Sunday: 11:00 AM – 11:00 PM",Royal Nyc,5,Today first was visiting this store it’s very good service & very thankful I love this store very much,a year ago
Ideas - Faisalabad Jaranwala Rd,"C469+258 Departmental Store, Ali Tower, Jaranwala Rd, near Al Fateh Parking, Kohinoor City Faisalabad, Pakistan",(041) 8535686,https://www.gulahmedshop.com/,"Monday: 11:00 AM – 11:00 PM, Tuesday: 11:00 AM – 11:00 PM, Wednesday: 11:00 AM – 11:00 PM, Thursday: 11:00 AM – 11:00 PM, Friday: 11:00 AM – 1:00 PM, 3:00 – 11:00 PM, Saturday: 11:00 AM – 11:00 PM, Sunday: 11:00 AM – 11:00 PM",Umar Mahmood,3,Moderate clothing store with sale throughout the year.,3 months ago
Gul Ahmed KAU-2 (Korangi Apparel Unit),"R4P5+66V, Main Korangi Industrial Local Rd, Sector 23 Korangi Industrial Area, Karachi, 75190, Pakistan",0345 3064311,http://www.gulahmed.com/,"Monday: 9:00 AM – 6:00 PM, Tuesday: 9:00 AM – 6:00 PM, Wednesday: 9:00 AM – 6:00 PM, Thursday: 9:00 AM – 6:00 PM, Friday: 9:00 AM – 6:00 PM, Saturday: 9:00 AM – 6:00 PM, Sunday: Closed",owais siddiqui,5,A trusted name in Textile industry across the world.  A trend setter in fashion Industry for over 7 decades,7 years ago
Gul Ahmed KAU-2 (Korangi Apparel Unit),"R4P5+66V, Main Korangi Industrial Local Rd, Sector 23 Korangi Industrial Area, Karachi, 75190, Pakistan",0345 3064311,http://www.gulahmed.com/,"Monday: 9:00 AM – 6:00 PM, Tuesday: 9:00 AM – 6:00 PM, Wednesday: 9:00 AM – 6:00 PM, Thursday: 9:00 AM – 6:00 PM, Friday: 9:00 AM – 6:00 PM, Saturday: 9:00 AM – 6:00 PM, Sunday: Closed",Rifat Siddiqi,4,A prestigious manufacturing unit of textile  elite.,3 years ago
Gul Ahmed KAU-2 (Korangi Apparel Unit),"R4P5+66V, Main Korangi Industrial Local Rd, Sector 23 Korangi Industrial Area, Karachi, 75190, Pakistan",0345 3064311,http://www.gulahmed.com/,"Monday: 9:00 AM – 6:00 PM, Tuesday: 9:00 AM – 6:00 PM, Wednesday: 9:00 AM – 6:00 PM, Thursday: 9:00 AM – 6:00 PM, Friday: 9:00 AM – 6:00 PM, Saturday: 9:00 AM – 6:00 PM, Sunday: Closed",Manzar Abidi,5,It's a beautiful place for work,7 years ago
Gul Ahmed KAU-2 (Korangi Apparel Unit),"R4P5+66V, Main Korangi Industrial Local Rd, Sector 23 Korangi Industrial Area, Karachi, 75190, Pakistan",0345 3064311,http://www.gulahmed.com/,"Monday: 9:00 AM – 6:00 PM, Tuesday: 9:00 AM – 6:00 PM, Wednesday: 9:00 AM – 6:00 PM, Thursday: 9:00 AM – 6:00 PM, Friday: 9:00 AM – 6:00 PM, Saturday: 9:00 AM – 6:00 PM, Sunday: Closed",M Ali,3,It's ok,a year ago
Gul Ahmed KAU-2 (Korangi Apparel Unit),"R4P5+66V, Main Korangi Industrial Local Rd, Sector 23 Korangi Industrial Area, Karachi, 75190, Pakistan",0345 3064311,http://www.gulahmed.com/,"Monday: 9:00 AM – 6:00 PM, Tuesday: 9:00 AM – 6:00 PM, Wednesday: 9:00 AM – 6:00 PM, Thursday: 9:00 AM – 6:00 PM, Friday: 9:00 AM – 6:00 PM, Saturday: 9:00 AM – 6:00 PM, Sunday: Closed",Zaki Ahmed,4,I made office floors just ended,7 years ago
Ideas - Gulistan-e-Johar Block 7,"12, Block 7 Gulistan-e-Johar, Karachi, Pakistan",(021) 34177283,https://www.gulahmedshop.com/,"Monday: 11:00 AM – 11:00 PM, Tuesday: 11:00 AM – 11:00 PM, Wednesday: 11:00 AM – 11:00 PM, Thursday: 11:00 AM – 11:00 PM, Friday: 11:00 AM – 1:00 PM, 3:00 – 11:00 PM, Saturday: 11:00 AM – 11:00 PM, Sunday: 11:00 AM – 11:00 PM",Muhammad Arshad,5,Best gul ahmed outlet on Main university road karachi,a month ago
Ideas - Gulistan-e-Johar Block 7,"12, Block 7 Gulistan-e-Johar, Karachi, Pakistan",(021) 34177283,https://www.gulahmedshop.com/,"Monday: 11:00 AM – 11:00 PM, Tuesday: 11:00 AM – 11:00 PM, Wednesday: 11:00 AM – 11:00 PM, Thursday: 11:00 AM – 11:00 PM, Friday: 11:00 AM – 1:00 PM, 3:00 – 11:00 PM, Saturday: 11:00 AM – 11:00 PM, Sunday: 11:00 AM – 11:00 PM",Ghazala Shah,5,"New, bright and beautiful shop. Ground + one. There has been a heavy road construction recently outside this place so customer flow may not be much. Maybe that's why the staff seemed little lethargic and less alert. Fabric quality is superior, but the prints are getting a little less attractive & I don't understand why? Great place & ambience.",6 years ago
Ideas - Gulistan-e-Johar Block 7,"12, Block 7 Gulistan-e-Johar, Karachi, Pakistan",(021) 34177283,https://www.gulahmedshop.com/,"Monday: 11:00 AM – 11:00 PM, Tuesday: 11:00 AM – 11:00 PM, Wednesday: 11:00 AM – 11:00 PM, Thursday: 11:00 AM – 11:00 PM, Friday: 11:00 AM – 1:00 PM, 3:00 – 11:00 PM, Saturday: 11:00 AM – 11:00 PM, Sunday: 11:00 AM – 11:00 PM",Waseem Abbas,5,"Always been there when they are on sale. This last time we went when there was no sale and the price was sky rocketed lol.

A good close by shop to get bedsheets, t-shirts, kurtas, ladies outfits, and more.",3 years ago
Ideas - Gulistan-e-Johar Block 7,"12, Block 7 Gulistan-e-Johar, Karachi, Pakistan",(021) 34177283,https://www.gulahmedshop.com/,"Monday: 11:00 AM – 11:00 PM, Tuesday: 11:00 AM – 11:00 PM, Wednesday: 11:00 AM – 11:00 PM, Thursday: 11:00 AM – 11:00 PM, Friday: 11:00 AM – 1:00 PM, 3:00 – 11:00 PM, Saturday: 11:00 AM – 11:00 PM, Sunday: 11:00 AM – 11:00 PM",Muhammad Aadil,1,Quality is good but 1 star for charging customers for shopping bags with Salt logo.,a year ago
Ideas - Gulistan-e-Johar Block 7,"12, Block 7 Gulistan-e-Johar, Karachi, Pakistan",(021) 34177283,https://www.gulahmedshop.com/,"Monday: 11:00 AM – 11:00 PM, Tuesday: 11:00 AM – 11:00 PM, Wednesday: 11:00 AM – 11:00 PM, Thursday: 11:00 AM – 11:00 PM, Friday: 11:00 AM – 1:00 PM, 3:00 – 11:00 PM, Saturday: 11:00 AM – 11:00 PM, Sunday: 11:00 AM – 11:00 PM",Jawed Muhammad,2,"I selected 3 items from discounted price hangers. At checkout counter they informed me that two items are not on discount but they are defected pieces and prices are already low.
Therefore be careful.",4 years ago
Sana Safinaz,"20, Pak Block Allama Iqbal Town, Lahore, 54000, Pakistan",(042) 37801664,https://www.sanasafinaz.com/pk/,"Monday: 11:00 AM – 10:00 PM, Tuesday: 11:00 AM – 10:00 PM, Wednesday: 11:00 AM – 10:00 PM, Thursday: 11:00 AM – 10:00 PM, Friday: 11:00 AM – 10:00 PM, Saturday: 11:00 AM – 10:00 PM, Sunday: 2:00 – 10:00 PM",Muhammad Afzal Bhatti,4,"a good place to visit but most of the clothes are expensive. low cost clothes are also available but in shape of b-pair clothes.
sana safinaz is actually chane of shops especially not for poor people.",5 years ago
Sana Safinaz,"20, Pak Block Allama Iqbal Town, Lahore, 54000, Pakistan",(042) 37801664,https://www.sanasafinaz.com/pk/,"Monday: 11:00 AM – 10:00 PM, Tuesday: 11:00 AM – 10:00 PM, Wednesday: 11:00 AM – 10:00 PM, Thursday: 11:00 AM – 10:00 PM, Friday: 11:00 AM – 10:00 PM, Saturday: 11:00 AM – 10:00 PM, Sunday: 2:00 – 10:00 PM",GO WITH THE FLOW,1,The worst . The staff is super rude expect some sale girls. They won't even allow taking a normal selfie. And poor service.,5 months ago
Sana Safinaz,"20, Pak Block Allama Iqbal Town, Lahore, 54000, Pakistan",(042) 37801664,https://www.sanasafinaz.com/pk/,"Monday: 11:00 AM – 10:00 PM, Tuesday: 11:00 AM – 10:00 PM, Wednesday: 11:00 AM – 10:00 PM, Thursday: 11:00 AM – 10:00 PM, Friday: 11:00 AM – 10:00 PM, Saturday: 11:00 AM – 10:00 PM, Sunday: 2:00 – 10:00 PM",Muhammad Ahmad Raza,5,Superb place to buy clothes,4 years ago
Sana Safinaz,"20, Pak Block Allama Iqbal Town, Lahore, 54000, Pakistan",(042) 37801664,https://www.sanasafinaz.com/pk/,"Monday: 11:00 AM – 10:00 PM, Tuesday: 11:00 AM – 10:00 PM, Wednesday: 11:00 AM – 10:00 PM, Thursday: 11:00 AM – 10:00 PM, Friday: 11:00 AM – 10:00 PM, Saturday: 11:00 AM – 10:00 PM, Sunday: 2:00 – 10:00 PM",Ayesha Faisal,2,Stitched or unstitched clothes are absurdly expensive. The low cost offerings are poor in fabric quality.  Other brands are way better in terms of pricing and design.,5 years ago
Sana Safinaz,"20, Pak Block Allama Iqbal Town, Lahore, 54000, Pakistan",(042) 37801664,https://www.sanasafinaz.com/pk/,"Monday: 11:00 AM – 10:00 PM, Tuesday: 11:00 AM – 10:00 PM, Wednesday: 11:00 AM – 10:00 PM, Thursday: 11:00 AM – 10:00 PM, Friday: 11:00 AM – 10:00 PM, Saturday: 11:00 AM – 10:00 PM, Sunday: 2:00 – 10:00 PM",Sana Tariq,5,A blend of fancy dress with casual. You can buy from here. Dresses are on good rates when on sales. Quality of stuff is really good,3 years ago
Sana Safinaz Head Office,"40-K, Block 6 P.E.C.H.S., Karachi, Pakistan",(021) 111 003 005,https://www.sanasafinaz.com/,"Monday: 11:00 AM – 5:00 PM, Tuesday: 11:00 AM – 5:00 PM, Wednesday: 11:00 AM – 5:00 PM, Thursday: 11:00 AM – 5:00 PM, Friday: 11:00 AM – 5:00 PM, Saturday: Closed, Sunday: Closed",Amnah Motani,5,"Have been buying their product for several years now. The quality of the fabric is worth buying and true to size. Highly recommended clothing brand. Also their customer service is exceptional to be honest, highly professional and respond quickly for any query.",2 weeks ago
Sana Safinaz Head Office,"40-K, Block 6 P.E.C.H.S., Karachi, Pakistan",(021) 111 003 005,https://www.sanasafinaz.com/,"Monday: 11:00 AM – 5:00 PM, Tuesday: 11:00 AM – 5:00 PM, Wednesday: 11:00 AM – 5:00 PM, Thursday: 11:00 AM – 5:00 PM, Friday: 11:00 AM – 5:00 PM, Saturday: Closed, Sunday: Closed",Misbah Asghar,1,"Sana Safinaz is just worst when it comes to the paying salary to their employees on time!
I was fired by the their manager Muntazir Mehdi of Jauhar branch (which is closed/shifted now) beside Bin Hashim.
I was fired because i was very sick and got leave of four days, and according to them they were not able tolerate my absence because they had limited staff and their opressions were getting disturbed lol ( they didnt even had customer flow here (and that ""limited staff was farigh all day long"") and that's the reason of their shifting from here!
Inshort I provided them my medical proof but still they did the thing and said that i'll get my salary after 3 months?! Let me clear here salary unko three months baad milti hai jinhony sudden resign dia ho ya baghair batay hi chordi ho job and that's not my case here! STILL I WAITED DAMN THREE MONTHS ALTOUGH I SHOULD'NT HAVE! But my salary is is STILL NOT HERE!!!
Attaching the proofs along!",a month ago
Sana Safinaz Head Office,"40-K, Block 6 P.E.C.H.S., Karachi, Pakistan",(021) 111 003 005,https://www.sanasafinaz.com/,"Monday: 11:00 AM – 5:00 PM, Tuesday: 11:00 AM – 5:00 PM, Wednesday: 11:00 AM – 5:00 PM, Thursday: 11:00 AM – 5:00 PM, Friday: 11:00 AM – 5:00 PM, Saturday: Closed, Sunday: Closed",Neha Usman,1,"They sent ripped clothes, take the money and don't give proper reply when asked to send a replacement..
Being such a big brand I wouldn't recommend ordering from them online.
The customer service is 0!
They took the money and as a company it's your responsibility to fix your mistake!",a year ago
Sana Safinaz Head Office,"40-K, Block 6 P.E.C.H.S., Karachi, Pakistan",(021) 111 003 005,https://www.sanasafinaz.com/,"Monday: 11:00 AM – 5:00 PM, Tuesday: 11:00 AM – 5:00 PM, Wednesday: 11:00 AM – 5:00 PM, Thursday: 11:00 AM – 5:00 PM, Friday: 11:00 AM – 5:00 PM, Saturday: Closed, Sunday: Closed",GULL AFREEN,1,"Very bad services of sana safinaz. I am so disappointed from it. I will never buy clothes from here anymore... It's 2 times that my order take long time even more than a month... And after many days I got information that some articles are out of stock and we can not proceed ... Very bad services.... Really not recommend for future.
I were so loyal with this brand but no more loyalty as it's online services are not good.... They did not send your refund amount in your account... They said use E currency for further shopping on sana safinaz.... My last 2 times experience is so bad with it....",a year ago
Sana Safinaz Head Office,"40-K, Block 6 P.E.C.H.S., Karachi, Pakistan",(021) 111 003 005,https://www.sanasafinaz.com/,"Monday: 11:00 AM – 5:00 PM, Tuesday: 11:00 AM – 5:00 PM, Wednesday: 11:00 AM – 5:00 PM, Thursday: 11:00 AM – 5:00 PM, Friday: 11:00 AM – 5:00 PM, Saturday: Closed, Sunday: Closed",Muhammad Ali Hayat,2,Visited in Aug-21for interview. Office is located in a well maintained and organized area and interior of office is also very good looking. 5 stars for location and office interior.,3 years ago
Sana Safinaz,"Unit No 4, 5, 6, 1-M, Kohsar Plaza, F-10 Markaz F 10/4 F-10, Islamabad, 04412, Pakistan",(051) 4718455,http://www.sanasafinaz.com/,"Monday: 10:00 AM – 9:00 PM, Tuesday: 10:00 AM – 9:00 PM, Wednesday: 10:00 AM – 9:00 PM, Thursday: 10:00 AM – 9:00 PM, Friday: 10:00 AM – 9:00 PM, Saturday: 10:00 AM – 9:00 PM, Sunday: 10:00 AM – 9:00 PM",Horizon Explorers,4,"Good location, nice environment for ladies and girls to shop all season's clothes on affordable rates. Perfumes, lawns, embroidery, chicken and velvet suits available in stitched and non stitched available. 2 piece and 3 piece variety on sale all season. Recommended for shopping if you want to take suits within Rs 5000 range. Parking lot available.",a year ago
Sana Safinaz,"Unit No 4, 5, 6, 1-M, Kohsar Plaza, F-10 Markaz F 10/4 F-10, Islamabad, 04412, Pakistan",(051) 4718455,http://www.sanasafinaz.com/,"Monday: 10:00 AM – 9:00 PM, Tuesday: 10:00 AM – 9:00 PM, Wednesday: 10:00 AM – 9:00 PM, Thursday: 10:00 AM – 9:00 PM, Friday: 10:00 AM – 9:00 PM, Saturday: 10:00 AM – 9:00 PM, Sunday: 10:00 AM – 9:00 PM",Jayy Khan,1,"My wife got a birthday present from my sister that she brought from F-10 store. My wife found some stain marks on the dress and we decided to change it. At first they denied and said that it isn’t bought from their outlet, then after talking to the manager they went into the cctv room to confirm it. After half an hour the guy comes back and says that it is indeed brought from our store but we can’t find it in the record at the time of sale. I was like what’s wrong with u guys. And 5 minutes later the manager turns up and tells me that he can’t see stains in cctv so it must have happened else like that cheap Chinese cctv is going to show stains on the dress. I had to tear the dress apart and leave it there just to prove a point that they lost a customer that did more than 150,000 Rs shopping in the last 6 months from Sana Safinaz. Will definitely avoid and let others avoid it too.",a month ago
Sana Safinaz,"Unit No 4, 5, 6, 1-M, Kohsar Plaza, F-10 Markaz F 10/4 F-10, Islamabad, 04412, Pakistan",(051) 4718455,http://www.sanasafinaz.com/,"Monday: 10:00 AM – 9:00 PM, Tuesday: 10:00 AM – 9:00 PM, Wednesday: 10:00 AM – 9:00 PM, Thursday: 10:00 AM – 9:00 PM, Friday: 10:00 AM – 9:00 PM, Saturday: 10:00 AM – 9:00 PM, Sunday: 10:00 AM – 9:00 PM",Maheen Gulalai,4,Good collection and stuff. A bit overpriced though,2 weeks ago
Sana Safinaz,"Unit No 4, 5, 6, 1-M, Kohsar Plaza, F-10 Markaz F 10/4 F-10, Islamabad, 04412, Pakistan",(051) 4718455,http://www.sanasafinaz.com/,"Monday: 10:00 AM – 9:00 PM, Tuesday: 10:00 AM – 9:00 PM, Wednesday: 10:00 AM – 9:00 PM, Thursday: 10:00 AM – 9:00 PM, Friday: 10:00 AM – 9:00 PM, Saturday: 10:00 AM – 9:00 PM, Sunday: 10:00 AM – 9:00 PM",Asiya Talha,5,"I have always worn Sana Safinaz and always give gifts of the same brand to my loved ones and friends. During covid I ordered online and never missed a good buy. My daughter and daughter-in-law feel the same way, too.",2 years ago
Sana Safinaz,"Unit No 4, 5, 6, 1-M, Kohsar Plaza, F-10 Markaz F 10/4 F-10, Islamabad, 04412, Pakistan",(051) 4718455,http://www.sanasafinaz.com/,"Monday: 10:00 AM – 9:00 PM, Tuesday: 10:00 AM – 9:00 PM, Wednesday: 10:00 AM – 9:00 PM, Thursday: 10:00 AM – 9:00 PM, Friday: 10:00 AM – 9:00 PM, Saturday: 10:00 AM – 9:00 PM, Sunday: 10:00 AM – 9:00 PM",Syed Ehtesham Ahmed Zaide,4,Good quality of fabric as we all know it and humble and polite staff at this franchise makes your shopping experience good,a year ago
Sana Safinaz,"Shop.#.15, Ground Floor, Gulberg Galleria, 18 Main Boulevard Gulberg, III, Lahore, 54660, Pakistan",(042) 35776957,https://www.sanasafinaz.com/pk/,"Monday: 11:00 AM – 10:00 PM, Tuesday: 11:00 AM – 10:00 PM, Wednesday: 11:00 AM – 10:00 PM, Thursday: 11:00 AM – 10:00 PM, Friday: 11:00 AM – 10:00 PM, Saturday: 11:00 AM – 10:00 PM, Sunday: 2:00 – 10:00 PM",madiha asif,3,Not classy and unique anymore like before. Not good fabric and designs. Online article pictures are different from original. Only price are so high that you can buy in order to tell others or show off. Otherwise nobody can guess that which brand you are wearing,11 months ago
Sana Safinaz,"Shop.#.15, Ground Floor, Gulberg Galleria, 18 Main Boulevard Gulberg, III, Lahore, 54660, Pakistan",(042) 35776957,https://www.sanasafinaz.com/pk/,"Monday: 11:00 AM – 10:00 PM, Tuesday: 11:00 AM – 10:00 PM, Wednesday: 11:00 AM – 10:00 PM, Thursday: 11:00 AM – 10:00 PM, Friday: 11:00 AM – 10:00 PM, Saturday: 11:00 AM – 10:00 PM, Sunday: 2:00 – 10:00 PM",Faiza Agha,5,My favourite brand for clothes very good quality and very reasonable prize its very good and unique brand,5 months ago
Sana Safinaz,"Shop.#.15, Ground Floor, Gulberg Galleria, 18 Main Boulevard Gulberg, III, Lahore, 54660, Pakistan",(042) 35776957,https://www.sanasafinaz.com/pk/,"Monday: 11:00 AM – 10:00 PM, Tuesday: 11:00 AM – 10:00 PM, Wednesday: 11:00 AM – 10:00 PM, Thursday: 11:00 AM – 10:00 PM, Friday: 11:00 AM – 10:00 PM, Saturday: 11:00 AM – 10:00 PM, Sunday: 2:00 – 10:00 PM",bushra kabir,3,Nice shop for quick shopping for ladies stitched and unstitch  clothing,5 months ago
Sana Safinaz,"Shop.#.15, Ground Floor, Gulberg Galleria, 18 Main Boulevard Gulberg, III, Lahore, 54660, Pakistan",(042) 35776957,https://www.sanasafinaz.com/pk/,"Monday: 11:00 AM – 10:00 PM, Tuesday: 11:00 AM – 10:00 PM, Wednesday: 11:00 AM – 10:00 PM, Thursday: 11:00 AM – 10:00 PM, Friday: 11:00 AM – 10:00 PM, Saturday: 11:00 AM – 10:00 PM, Sunday: 2:00 – 10:00 PM",haleema Mohammad (leemz),4,Their clothes are expensive but worth it.,2 months ago
Sana Safinaz,"Shop.#.15, Ground Floor, Gulberg Galleria, 18 Main Boulevard Gulberg, III, Lahore, 54660, Pakistan",(042) 35776957,https://www.sanasafinaz.com/pk/,"Monday: 11:00 AM – 10:00 PM, Tuesday: 11:00 AM – 10:00 PM, Wednesday: 11:00 AM – 10:00 PM, Thursday: 11:00 AM – 10:00 PM, Friday: 11:00 AM – 10:00 PM, Saturday: 11:00 AM – 10:00 PM, Sunday: 2:00 – 10:00 PM",Syed Murtaza,4,Nice shop for ladies cloths  but their major portion of cloths or you can say that 65% clothes are beyond reach for middle class . Design are good and presentable.,5 years ago
Sana Safinaz,"GE-16-C-38, Plot no, 11 MM Alam Rd, adjacent to Freddy's Cafe, Block C2 Block C 2 Gulberg-lll, Lahore, Pakistan",(042) 35754534,http://www.sanasafinaz.com/,"Monday: 11:00 AM – 10:00 PM, Tuesday: 11:00 AM – 10:00 PM, Wednesday: 11:00 AM – 10:00 PM, Thursday: 11:00 AM – 10:00 PM, Friday: 11:00 AM – 10:00 PM, Saturday: 11:00 AM – 10:00 PM, Sunday: 2:00 – 10:00 PM",Shayan Khan,1,There are absolute thieves at this store! Best to stay away. Even though I picked up the items on discount racks they still charged me full price! Hate the people working at this store! And will not be returning.,3 months ago
Sana Safinaz,"GE-16-C-38, Plot no, 11 MM Alam Rd, adjacent to Freddy's Cafe, Block C2 Block C 2 Gulberg-lll, Lahore, Pakistan",(042) 35754534,http://www.sanasafinaz.com/,"Monday: 11:00 AM – 10:00 PM, Tuesday: 11:00 AM – 10:00 PM, Wednesday: 11:00 AM – 10:00 PM, Thursday: 11:00 AM – 10:00 PM, Friday: 11:00 AM – 10:00 PM, Saturday: 11:00 AM – 10:00 PM, Sunday: 2:00 – 10:00 PM",Nan Kebab,3,Store timings on the website are depicted wrong. Even then at 1100hrs store was unlocked while I waited in the parking lot … staff was still changing and scrambling to get the setup the store for the day and ACs were finally turned ON but to no avail as the store was boiling hot … ran out within ten minutes as it was unbearable … overall the store had very little variety … staff was courteous and helpful. Overall a poor experience due to typical desi inefficiency and ill discipline.,a year ago
Sana Safinaz,"GE-16-C-38, Plot no, 11 MM Alam Rd, adjacent to Freddy's Cafe, Block C2 Block C 2 Gulberg-lll, Lahore, Pakistan",(042) 35754534,http://www.sanasafinaz.com/,"Monday: 11:00 AM – 10:00 PM, Tuesday: 11:00 AM – 10:00 PM, Wednesday: 11:00 AM – 10:00 PM, Thursday: 11:00 AM – 10:00 PM, Friday: 11:00 AM – 10:00 PM, Saturday: 11:00 AM – 10:00 PM, Sunday: 2:00 – 10:00 PM",Hurain's Kitchen,5,"I bought 2 dress from here...stuff of fabric is so comfortable ND stitching is so nice
staff is so cooperative ND humble...they help me To match dupattas with Kurtis..",a year ago
Sana Safinaz,"GE-16-C-38, Plot no, 11 MM Alam Rd, adjacent to Freddy's Cafe, Block C2 Block C 2 Gulberg-lll, Lahore, Pakistan",(042) 35754534,http://www.sanasafinaz.com/,"Monday: 11:00 AM – 10:00 PM, Tuesday: 11:00 AM – 10:00 PM, Wednesday: 11:00 AM – 10:00 PM, Thursday: 11:00 AM – 10:00 PM, Friday: 11:00 AM – 10:00 PM, Saturday: 11:00 AM – 10:00 PM, Sunday: 2:00 – 10:00 PM",Bilal Hussain,5,Exceptional and lasting ladies wear! Very cooperative staff!,3 months ago
Sana Safinaz,"GE-16-C-38, Plot no, 11 MM Alam Rd, adjacent to Freddy's Cafe, Block C2 Block C 2 Gulberg-lll, Lahore, Pakistan",(042) 35754534,http://www.sanasafinaz.com/,"Monday: 11:00 AM – 10:00 PM, Tuesday: 11:00 AM – 10:00 PM, Wednesday: 11:00 AM – 10:00 PM, Thursday: 11:00 AM – 10:00 PM, Friday: 11:00 AM – 10:00 PM, Saturday: 11:00 AM – 10:00 PM, Sunday: 2:00 – 10:00 PM",Qamar Gilani,4,Love the clothes designs in this shop but quite pricey,2 months ago
Sana Safinaz,"F-20, 1st Floor, DOLMEN MALL, Block 4 Clifton, Karachi, 75600, Pakistan",(021) 35294053,https://www.sanasafinaz.com/,"Monday: 11:00 AM – 11:00 PM, Tuesday: 11:00 AM – 11:00 PM, Wednesday: 11:00 AM – 1:00 PM, Thursday: 11:00 AM – 11:00 PM, Friday: 3:00 PM – 12:00 AM, Saturday: 11:00 AM – 11:00 PM, Sunday: 11:00 AM – 11:00 PM",Saqib Sajjad,5,Newly opened grand outlet. The outlet has loads of options for women's wear and kids. They also offer home textiles & crockery here.  The collection is with a visit.,a year ago
Sana Safinaz,"F-20, 1st Floor, DOLMEN MALL, Block 4 Clifton, Karachi, 75600, Pakistan",(021) 35294053,https://www.sanasafinaz.com/,"Monday: 11:00 AM – 11:00 PM, Tuesday: 11:00 AM – 11:00 PM, Wednesday: 11:00 AM – 1:00 PM, Thursday: 11:00 AM – 11:00 PM, Friday: 3:00 PM – 12:00 AM, Saturday: 11:00 AM – 11:00 PM, Sunday: 11:00 AM – 11:00 PM",Neha Usman,1,"They sent ripped clothes, take the money and don't give proper reply when asked to send a replacement..
Being such a big brand I wouldn't recommend ordering from them online",a year ago
Sana Safinaz,"F-20, 1st Floor, DOLMEN MALL, Block 4 Clifton, Karachi, 75600, Pakistan",(021) 35294053,https://www.sanasafinaz.com/,"Monday: 11:00 AM – 11:00 PM, Tuesday: 11:00 AM – 11:00 PM, Wednesday: 11:00 AM – 1:00 PM, Thursday: 11:00 AM – 11:00 PM, Friday: 3:00 PM – 12:00 AM, Saturday: 11:00 AM – 11:00 PM, Sunday: 11:00 AM – 11:00 PM",Zeba Iqbal,1,"Customer service is the worst.  They had large sale signs everywhere and I decided to pick an outfit for age 10 yo girl from the 40% off  rack. The tag had a 30%off sticker.

While checking out I noticed the cashier taking off the 30%off sticker. I asked how much is the outfit and he actually states the regular price. When I questioned why he is not giving me the sale price based on the rack of 40% or the sticker for 30% he states that the older girls are not on sale even though he removed sticker in front of me. And mind you they are many sizes of the same outfit on the sale rack.

He called the manager Zohaib who actually had the audacity to ask me if I wanted the outfit for free. I am a paying customer. I’m actually a consistent international customer and just wanted to be honored the price per the sale sticker.

Such horrible and insulting customer service by Sana Safinaz staff at Dolmen.

Atleast in the US customer service is valued. They always honor the price per sign and sticker, regardless of the human error on their part.",a year ago
Sana Safinaz,"F-20, 1st Floor, DOLMEN MALL, Block 4 Clifton, Karachi, 75600, Pakistan",(021) 35294053,https://www.sanasafinaz.com/,"Monday: 11:00 AM – 11:00 PM, Tuesday: 11:00 AM – 11:00 PM, Wednesday: 11:00 AM – 1:00 PM, Thursday: 11:00 AM – 11:00 PM, Friday: 3:00 PM – 12:00 AM, Saturday: 11:00 AM – 11:00 PM, Sunday: 11:00 AM – 11:00 PM",Faraz Lodhi,2,"My wife bought a brand new packed ready made suit and upon unpacking it, the shalwar was already torn on the right side. Kindly improve the quality of your products and stop carrying out fraud with customers.",a year ago
Sana Safinaz,"F-20, 1st Floor, DOLMEN MALL, Block 4 Clifton, Karachi, 75600, Pakistan",(021) 35294053,https://www.sanasafinaz.com/,"Monday: 11:00 AM – 11:00 PM, Tuesday: 11:00 AM – 11:00 PM, Wednesday: 11:00 AM – 1:00 PM, Thursday: 11:00 AM – 11:00 PM, Friday: 3:00 PM – 12:00 AM, Saturday: 11:00 AM – 11:00 PM, Sunday: 11:00 AM – 11:00 PM",Mehreen Durrani,1,You are not allowed to try more than 1 or 2 items! Also trying any item feels like the store is doing a huge favor on you!  Super weird..never seen this in any other part of the world,2 years ago
Sana Safinaz,"Shop-1036, Building All Blocks, Packages Mall Khayaban e Iqbal, Walton Rd, DHA Phase 3, Lahore, Pakistan",(042) 38915321,https://www.sanasafinaz.com/pk/,"Monday: 11:00 AM – 10:00 PM, Tuesday: 11:00 AM – 10:00 PM, Wednesday: 11:00 AM – 10:00 PM, Thursday: 11:00 AM – 10:00 PM, Friday: 11:00 AM – 10:00 PM, Saturday: 11:00 AM – 10:00 PM, Sunday: 2:00 – 10:00 PM",Sadaf S.,1,"Very disappointed that this store does not stand by the quality of their products, especially when they are found to be defective and stitched improperly. I was visiting from America during December of 2023 and came her to shop for clothes for myself and my daughters.  No doubt, the shirt pieces here are beautiful, but buyer beware, they are not meant to hold up to actual wearing. I bought a beautiful shirt piece for my daughter to wear for an upcoming Eid. Eid happened in April of 2024, four months after I purchase the shirt piece. Upon the very first wear, the lace appliqué at both of the elbows on the shirt ripped off!! It was not a problem of correct size , my daughter is a U.S. size 2 Petite, the XS at Sana Safinaz is her correct size (something I confirmed with the sales associate at the boutique when I purchased the clothes). The problem with the shirt was that the lace appliqué on the sleeves was not properly sewn on, it was merely basted with fabric glue. The lace appliqué should not have ripped upon first wear if it was properly sewn to the sleeve.
I contacted Sana Safinaz customer service on their Instagram and WhatsApp to ask them if they could repair or replace the shirt piece with a similar item and they said, since I brought the problem to their attention AFTER 14 days of purchase there was nothing they could do for me. Really. The problem of finding a tailor to fix this mess is mine now. I had purchased the clothes during travel, how would I have realized within 14 days of purchase that the  clothes were defective since they seemed fine after purchasing, and my daughter was in America and had not gotten a chance to try on the clothes until 4 months later. I am very disappointed that Sana Safinaz does not stand by the quality of their products, and even more disappointed that they sell defective products in the first place and pass the problem on to their customers.  I won’t be shopping at their boutiques again.",10 months ago
Sana Safinaz,"Shop-1036, Building All Blocks, Packages Mall Khayaban e Iqbal, Walton Rd, DHA Phase 3, Lahore, Pakistan",(042) 38915321,https://www.sanasafinaz.com/pk/,"Monday: 11:00 AM – 10:00 PM, Tuesday: 11:00 AM – 10:00 PM, Wednesday: 11:00 AM – 10:00 PM, Thursday: 11:00 AM – 10:00 PM, Friday: 11:00 AM – 10:00 PM, Saturday: 11:00 AM – 10:00 PM, Sunday: 2:00 – 10:00 PM",Mudassar Safdar,5,"Variety and quality of the garments, shoes and fabric is excellent.",a year ago
Sana Safinaz,"Shop-1036, Building All Blocks, Packages Mall Khayaban e Iqbal, Walton Rd, DHA Phase 3, Lahore, Pakistan",(042) 38915321,https://www.sanasafinaz.com/pk/,"Monday: 11:00 AM – 10:00 PM, Tuesday: 11:00 AM – 10:00 PM, Wednesday: 11:00 AM – 10:00 PM, Thursday: 11:00 AM – 10:00 PM, Friday: 11:00 AM – 10:00 PM, Saturday: 11:00 AM – 10:00 PM, Sunday: 2:00 – 10:00 PM",a butt,1,"Selling defected pieces at their packages mall outlet that too on new arrivals. Bought a shirt and trouser for my sister for eid. The shirt on the display was stained, asked for other piece and after coming home i checked it was torn from both corners, had to get it fixed through embroidery. It was hassle . Completly check the piece before buying.  They are scamming people and selling defected pieces at full prices",11 months ago
Sana Safinaz,"Shop-1036, Building All Blocks, Packages Mall Khayaban e Iqbal, Walton Rd, DHA Phase 3, Lahore, Pakistan",(042) 38915321,https://www.sanasafinaz.com/pk/,"Monday: 11:00 AM – 10:00 PM, Tuesday: 11:00 AM – 10:00 PM, Wednesday: 11:00 AM – 10:00 PM, Thursday: 11:00 AM – 10:00 PM, Friday: 11:00 AM – 10:00 PM, Saturday: 11:00 AM – 10:00 PM, Sunday: 2:00 – 10:00 PM",Kashif Ali,5,Love the stuff & also falling in love with packing of Shoes.. 😂😂 recommend to others 😊,7 years ago
Sana Safinaz,"Shop-1036, Building All Blocks, Packages Mall Khayaban e Iqbal, Walton Rd, DHA Phase 3, Lahore, Pakistan",(042) 38915321,https://www.sanasafinaz.com/pk/,"Monday: 11:00 AM – 10:00 PM, Tuesday: 11:00 AM – 10:00 PM, Wednesday: 11:00 AM – 10:00 PM, Thursday: 11:00 AM – 10:00 PM, Friday: 11:00 AM – 10:00 PM, Saturday: 11:00 AM – 10:00 PM, Sunday: 2:00 – 10:00 PM",Ejaz Asi,4,"Can't say they have coped well with the surge in demand either because of Covid or something else but some designs were pretty good. Prices have gone up and quality of fabric seems to have come down a bit but considering everyone else is going through the same cycle, one finds something that he/she fancies eventually.",3 years ago
Sana Safinaz,"Z-330, DHA Z Block, Z Sector Parking Area, Sector Z DHA Phase 3, Lahore, Pakistan",(042) 35894081,https://www.sanasafinaz.com/pk/,"Monday: 11:00 AM – 10:00 PM, Tuesday: 11:00 AM – 10:00 PM, Wednesday: 11:00 AM – 10:00 PM, Thursday: 11:00 AM – 10:00 PM, Friday: 11:00 AM – 10:00 PM, Saturday: 11:00 AM – 10:00 PM, Sunday: 2:00 – 10:00 PM",Ruhma Shahid,3,"I really enjoyed the shopping experience and found some good pieces, the sales girl was super nice and helped me a lot and I came out of the shop a happy customer, BUT when I came home, 2 out 3 pieces had STAINS on them. They gave me packed pieces and thankfully I opened and check them at home. Now I’ll have to take them back and get them replaced. What a waste of my time.",9 months ago
Sana Safinaz,"Z-330, DHA Z Block, Z Sector Parking Area, Sector Z DHA Phase 3, Lahore, Pakistan",(042) 35894081,https://www.sanasafinaz.com/pk/,"Monday: 11:00 AM – 10:00 PM, Tuesday: 11:00 AM – 10:00 PM, Wednesday: 11:00 AM – 10:00 PM, Thursday: 11:00 AM – 10:00 PM, Friday: 11:00 AM – 10:00 PM, Saturday: 11:00 AM – 10:00 PM, Sunday: 2:00 – 10:00 PM",Ayesha Malik,1,Sanasafinas is my fav brand but sadly online and I store staff is so bad out of 25 plus suits ordered need to change one and online and I store both not helping such fraud,4 months ago
Sana Safinaz,"Z-330, DHA Z Block, Z Sector Parking Area, Sector Z DHA Phase 3, Lahore, Pakistan",(042) 35894081,https://www.sanasafinaz.com/pk/,"Monday: 11:00 AM – 10:00 PM, Tuesday: 11:00 AM – 10:00 PM, Wednesday: 11:00 AM – 10:00 PM, Thursday: 11:00 AM – 10:00 PM, Friday: 11:00 AM – 10:00 PM, Saturday: 11:00 AM – 10:00 PM, Sunday: 2:00 – 10:00 PM",sheeba,4,"I bought one suit ..like it's hard to select one .. not because they all were good .. it was all were like, soooooooo overly priced, and I don't know what designer they hired .. it was like  horrible almost 90% of stock .  Even the cloth qualtiy was  soo low .. just they put some laces, and there u go ... I'm not going to buy anything  again  if it's the quality and design we are getting",10 months ago
Sana Safinaz,"Z-330, DHA Z Block, Z Sector Parking Area, Sector Z DHA Phase 3, Lahore, Pakistan",(042) 35894081,https://www.sanasafinaz.com/pk/,"Monday: 11:00 AM – 10:00 PM, Tuesday: 11:00 AM – 10:00 PM, Wednesday: 11:00 AM – 10:00 PM, Thursday: 11:00 AM – 10:00 PM, Friday: 11:00 AM – 10:00 PM, Saturday: 11:00 AM – 10:00 PM, Sunday: 2:00 – 10:00 PM",Sana Khalid,5,"Visited the Y Block outlet. Have always loved the designs and cuts of SS. Still maintaining reasonable prices despite the general surge everywhere. Extremely polite and helpful staff, particularly the females working there.",a year ago
Sana Safinaz,"Z-330, DHA Z Block, Z Sector Parking Area, Sector Z DHA Phase 3, Lahore, Pakistan",(042) 35894081,https://www.sanasafinaz.com/pk/,"Monday: 11:00 AM – 10:00 PM, Tuesday: 11:00 AM – 10:00 PM, Wednesday: 11:00 AM – 10:00 PM, Thursday: 11:00 AM – 10:00 PM, Friday: 11:00 AM – 10:00 PM, Saturday: 11:00 AM – 10:00 PM, Sunday: 2:00 – 10:00 PM",Nan Kebab,3,"The brand has a special place in Pakistani attire market. Visiting this particular outlet was a disappointment. The stuff displayed was damaged with the standard reply by staff as last piece. Getting the right size is also an issue. Selected a suit worth 57,000/- PKRs but it was badly damaged and was displayed. Couldn’t get hold of a single formal wear article due size issue or damaged last piece thus returned empty handed. The brand has a standard in designs but the lower level staff down the chain is ruining its reputation because of typical desi inefficiency.",2 years ago
Sana Safinaz,"Shop, main University Rd, adjacent Honda motors, Tehkal, Peshawar, Pakistan",(091) 5711544,https://www.sanasafinaz.com/pk/,"Monday: 10:00 AM – 10:00 PM, Tuesday: 10:00 AM – 10:00 PM, Wednesday: 10:00 AM – 10:00 PM, Thursday: 10:00 AM – 10:00 PM, Friday: 10:00 AM – 10:00 PM, Saturday: 10:00 AM – 10:00 PM, Sunday: 10:00 AM – 10:00 PM",Dr Habib Hair Transplant “Plastic surgery clinic” Plastic surgeon,4,"Ready to use female wearing available
Average to good quality",a year ago
Sana Safinaz,"Shop, main University Rd, adjacent Honda motors, Tehkal, Peshawar, Pakistan",(091) 5711544,https://www.sanasafinaz.com/pk/,"Monday: 10:00 AM – 10:00 PM, Tuesday: 10:00 AM – 10:00 PM, Wednesday: 10:00 AM – 10:00 PM, Thursday: 10:00 AM – 10:00 PM, Friday: 10:00 AM – 10:00 PM, Saturday: 10:00 AM – 10:00 PM, Sunday: 10:00 AM – 10:00 PM",Dr.Rabia Inam Gandapore,5,Excellent experience. My bill had some misunderstanding . Obaid sales manager  peshawar branch main university road called me back within few minutes and guided me well. There was no mistake in bill. And I was cleared with all doubts. Extremely professional behaviour of staff. Thank you so much sana safinaz .,11 months ago
Sana Safinaz,"Shop, main University Rd, adjacent Honda motors, Tehkal, Peshawar, Pakistan",(091) 5711544,https://www.sanasafinaz.com/pk/,"Monday: 10:00 AM – 10:00 PM, Tuesday: 10:00 AM – 10:00 PM, Wednesday: 10:00 AM – 10:00 PM, Thursday: 10:00 AM – 10:00 PM, Friday: 10:00 AM – 10:00 PM, Saturday: 10:00 AM – 10:00 PM, Sunday: 10:00 AM – 10:00 PM",mehak jabeen,5,"A very nice and easily accessible outlet , one can park on kerbside and give it a quick look .window shopping can b done easily here",8 months ago
Sana Safinaz,"Shop, main University Rd, adjacent Honda motors, Tehkal, Peshawar, Pakistan",(091) 5711544,https://www.sanasafinaz.com/pk/,"Monday: 10:00 AM – 10:00 PM, Tuesday: 10:00 AM – 10:00 PM, Wednesday: 10:00 AM – 10:00 PM, Thursday: 10:00 AM – 10:00 PM, Friday: 10:00 AM – 10:00 PM, Saturday: 10:00 AM – 10:00 PM, Sunday: 10:00 AM – 10:00 PM",Dr Muhammad Umar,5,"Nice
Clean and neat
What they sell is real stuff
Indeed price match it's value",7 years ago
Sana Safinaz,"Shop, main University Rd, adjacent Honda motors, Tehkal, Peshawar, Pakistan",(091) 5711544,https://www.sanasafinaz.com/pk/,"Monday: 10:00 AM – 10:00 PM, Tuesday: 10:00 AM – 10:00 PM, Wednesday: 10:00 AM – 10:00 PM, Thursday: 10:00 AM – 10:00 PM, Friday: 10:00 AM – 10:00 PM, Saturday: 10:00 AM – 10:00 PM, Sunday: 10:00 AM – 10:00 PM",Ovais ayub,5,Female Garments shop with good customer services.,a year ago
Sana Safinaz,"Shop.#.14, Royal Appartments, Main Tipu Sultan Road، Karsaz Rd, KDA Scheme #1 KDA Scheme 1, Karachi, Pakistan",(021) 34381909,https://www.sanasafinaz.com/pk/,"Monday: 11:00 AM – 10:00 PM, Tuesday: 11:00 AM – 10:00 PM, Wednesday: 11:00 AM – 10:00 PM, Thursday: 11:00 AM – 10:00 PM, Friday: 11:00 AM – 10:00 PM, Saturday: 11:00 AM – 10:00 PM, Sunday: 11:00 AM – 10:00 PM",R Ayub,2,Inferior suits at very high prices. Even though their cuts are not easy to wear and material used are also not suitable for this hot summer am taking about formal stuff.,5 years ago
Sana Safinaz,"Shop.#.14, Royal Appartments, Main Tipu Sultan Road، Karsaz Rd, KDA Scheme #1 KDA Scheme 1, Karachi, Pakistan",(021) 34381909,https://www.sanasafinaz.com/pk/,"Monday: 11:00 AM – 10:00 PM, Tuesday: 11:00 AM – 10:00 PM, Wednesday: 11:00 AM – 10:00 PM, Thursday: 11:00 AM – 10:00 PM, Friday: 11:00 AM – 10:00 PM, Saturday: 11:00 AM – 10:00 PM, Sunday: 11:00 AM – 10:00 PM",Aamir Lodhi,4,"Small store limited variety, good service and polite staff",11 months ago
Sana Safinaz,"Shop.#.14, Royal Appartments, Main Tipu Sultan Road، Karsaz Rd, KDA Scheme #1 KDA Scheme 1, Karachi, Pakistan",(021) 34381909,https://www.sanasafinaz.com/pk/,"Monday: 11:00 AM – 10:00 PM, Tuesday: 11:00 AM – 10:00 PM, Wednesday: 11:00 AM – 10:00 PM, Thursday: 11:00 AM – 10:00 PM, Friday: 11:00 AM – 10:00 PM, Saturday: 11:00 AM – 10:00 PM, Sunday: 11:00 AM – 10:00 PM",Muhammad Hammad,5,Compact but a easy to shop store while moving somewhere and a good stop to have quick fashion picks.,2 years ago
Sana Safinaz,"Shop.#.14, Royal Appartments, Main Tipu Sultan Road، Karsaz Rd, KDA Scheme #1 KDA Scheme 1, Karachi, Pakistan",(021) 34381909,https://www.sanasafinaz.com/pk/,"Monday: 11:00 AM – 10:00 PM, Tuesday: 11:00 AM – 10:00 PM, Wednesday: 11:00 AM – 10:00 PM, Thursday: 11:00 AM – 10:00 PM, Friday: 11:00 AM – 10:00 PM, Saturday: 11:00 AM – 10:00 PM, Sunday: 11:00 AM – 10:00 PM",SYED HAIDER ALI,4,Great variety of dresses to suit your taste and style.,11 months ago
Sana Safinaz,"Shop.#.14, Royal Appartments, Main Tipu Sultan Road، Karsaz Rd, KDA Scheme #1 KDA Scheme 1, Karachi, Pakistan",(021) 34381909,https://www.sanasafinaz.com/pk/,"Monday: 11:00 AM – 10:00 PM, Tuesday: 11:00 AM – 10:00 PM, Wednesday: 11:00 AM – 10:00 PM, Thursday: 11:00 AM – 10:00 PM, Friday: 11:00 AM – 10:00 PM, Saturday: 11:00 AM – 10:00 PM, Sunday: 11:00 AM – 10:00 PM",saima nasir,4,It's quite expensive place even the sale item were not up to the mark,2 years ago
Sana Safinaz,"Shop # 1299-B, Chen One Rd, Pilot Ground Block B People's Colony No 1, Faisalabad, Pakistan",(041) 8535812,https://www.sanasafinaz.com/pk/,"Monday: 10:00 AM – 11:30 PM, Tuesday: 10:00 AM – 9:00 PM, Wednesday: 10:00 AM – 9:00 PM, Thursday: 10:00 AM – 9:00 PM, Friday: Closed, Saturday: 10:00 AM – 11:00 PM, Sunday: 10:00 AM – 9:00 PM",M Nadeem,5,Amazing place for lady’s sana,11 months ago
Sana Safinaz,"Shop # 1299-B, Chen One Rd, Pilot Ground Block B People's Colony No 1, Faisalabad, Pakistan",(041) 8535812,https://www.sanasafinaz.com/pk/,"Monday: 10:00 AM – 11:30 PM, Tuesday: 10:00 AM – 9:00 PM, Wednesday: 10:00 AM – 9:00 PM, Thursday: 10:00 AM – 9:00 PM, Friday: Closed, Saturday: 10:00 AM – 11:00 PM, Sunday: 10:00 AM – 9:00 PM",hammad ismail,4,"Sana Safinaz outlet is very well managed and the interior is deigned so well that a major brand should have.
The staff is well trained and have enough knowledge of the product.
Parking space is also there but once sale or offer is going one, hard to find proper place for parking.",5 years ago
Sana Safinaz,"Shop # 1299-B, Chen One Rd, Pilot Ground Block B People's Colony No 1, Faisalabad, Pakistan",(041) 8535812,https://www.sanasafinaz.com/pk/,"Monday: 10:00 AM – 11:30 PM, Tuesday: 10:00 AM – 9:00 PM, Wednesday: 10:00 AM – 9:00 PM, Thursday: 10:00 AM – 9:00 PM, Friday: Closed, Saturday: 10:00 AM – 11:00 PM, Sunday: 10:00 AM – 9:00 PM",Samia Faisal,5,Sana safinaz chenone road branch is best branch.They satisfy customers.A big shout out to all the team,10 months ago
Sana Safinaz,"Shop # 1299-B, Chen One Rd, Pilot Ground Block B People's Colony No 1, Faisalabad, Pakistan",(041) 8535812,https://www.sanasafinaz.com/pk/,"Monday: 10:00 AM – 11:30 PM, Tuesday: 10:00 AM – 9:00 PM, Wednesday: 10:00 AM – 9:00 PM, Thursday: 10:00 AM – 9:00 PM, Friday: Closed, Saturday: 10:00 AM – 11:00 PM, Sunday: 10:00 AM – 9:00 PM",Kiran Rana,1,Very poor management at chenone road branch...Staff ladies don't know how to deal with customers and don't provide anything else to customers...Instead of provide their services to customers they are busy to gossip male staff...And they considered themselves super models and walk inside the outlet as ramp walk floor...They need to seek manners first of all...if not why you higher up them in outlets...they leave bad impact on customers through their rash behaviours.and constantly spoil the name of brand.Ediots,4 years ago
Sana Safinaz,"Shop # 1299-B, Chen One Rd, Pilot Ground Block B People's Colony No 1, Faisalabad, Pakistan",(041) 8535812,https://www.sanasafinaz.com/pk/,"Monday: 10:00 AM – 11:30 PM, Tuesday: 10:00 AM – 9:00 PM, Wednesday: 10:00 AM – 9:00 PM, Thursday: 10:00 AM – 9:00 PM, Friday: Closed, Saturday: 10:00 AM – 11:00 PM, Sunday: 10:00 AM – 9:00 PM",drimran sarwar,1,Not following the ethics of exchange policy.  Unprofessional approach towards customers.  They refused to change the product bought a day back even the product was not opened.,5 years ago
Sana Safinaz,"Shop.#. 13-A, RAYWEL PLAZA, Bosan Rd, A Block Gulgasht Colony, Multan, Pakistan",(061) 6224801,https://www.sanasafinaz.com/pk/,"Monday: 11:00 AM – 11:00 PM, Tuesday: 11:00 AM – 11:00 PM, Wednesday: 11:00 AM – 11:00 PM, Thursday: 11:00 AM – 11:00 PM, Friday: 11:00 AM – 11:00 PM, Saturday: 11:00 AM – 11:00 PM, Sunday: 11:00 AM – 11:00 PM",Sohaib Sabir,1,We purchase their product from online. We want to change that article but they denied,3 months ago
Sana Safinaz,"Shop.#. 13-A, RAYWEL PLAZA, Bosan Rd, A Block Gulgasht Colony, Multan, Pakistan",(061) 6224801,https://www.sanasafinaz.com/pk/,"Monday: 11:00 AM – 11:00 PM, Tuesday: 11:00 AM – 11:00 PM, Wednesday: 11:00 AM – 11:00 PM, Thursday: 11:00 AM – 11:00 PM, Friday: 11:00 AM – 11:00 PM, Saturday: 11:00 AM – 11:00 PM, Sunday: 11:00 AM – 11:00 PM",Shah Rukh,5,Very good place,a month ago
Sana Safinaz,"Shop.#. 13-A, RAYWEL PLAZA, Bosan Rd, A Block Gulgasht Colony, Multan, Pakistan",(061) 6224801,https://www.sanasafinaz.com/pk/,"Monday: 11:00 AM – 11:00 PM, Tuesday: 11:00 AM – 11:00 PM, Wednesday: 11:00 AM – 11:00 PM, Thursday: 11:00 AM – 11:00 PM, Friday: 11:00 AM – 11:00 PM, Saturday: 11:00 AM – 11:00 PM, Sunday: 11:00 AM – 11:00 PM",Noreen Qureshi,4,Most of the time no space for parking. Most of the time traffic jam on this road. I always need to think 10 times before go at this place.,3 years ago
Sana Safinaz,"Shop.#. 13-A, RAYWEL PLAZA, Bosan Rd, A Block Gulgasht Colony, Multan, Pakistan",(061) 6224801,https://www.sanasafinaz.com/pk/,"Monday: 11:00 AM – 11:00 PM, Tuesday: 11:00 AM – 11:00 PM, Wednesday: 11:00 AM – 11:00 PM, Thursday: 11:00 AM – 11:00 PM, Friday: 11:00 AM – 11:00 PM, Saturday: 11:00 AM – 11:00 PM, Sunday: 11:00 AM – 11:00 PM",Athar Saeed,3,Normal variety of clothes available here,9 months ago
Sana Safinaz,"Shop.#. 13-A, RAYWEL PLAZA, Bosan Rd, A Block Gulgasht Colony, Multan, Pakistan",(061) 6224801,https://www.sanasafinaz.com/pk/,"Monday: 11:00 AM – 11:00 PM, Tuesday: 11:00 AM – 11:00 PM, Wednesday: 11:00 AM – 11:00 PM, Thursday: 11:00 AM – 11:00 PM, Friday: 11:00 AM – 11:00 PM, Saturday: 11:00 AM – 11:00 PM, Sunday: 11:00 AM – 11:00 PM",Ahsan Khalid,2,"Stiched wear should be displayed on ground floor, not everyone can go upstairs",3 years ago
Sana Safinaz Bridal Studio ثناء سفیناز برائیڈل اُسٹوڈیو,"F63, 1 St 3, DHA Phase 5 Saba Commercial Area Block 4 Clifton, Karachi, 75500, Pakistan",N/A,N/A,"Monday: 11:30 AM – 5:00 PM, Tuesday: 11:30 AM – 5:00 PM, Wednesday: 11:30 AM – 5:00 PM, Thursday: 11:30 AM – 5:00 PM, Friday: 11:30 AM – 5:00 PM, Saturday: 11:30 AM – 5:00 PM, Sunday: Closed",Hira Iftikhar,1,The poorest customer service you can get if you are trying to order from outside of country. Try scheduling a call to look at the product and you will get nowehere.,a year ago
Sana Safinaz Bridal Studio ثناء سفیناز برائیڈل اُسٹوڈیو,"F63, 1 St 3, DHA Phase 5 Saba Commercial Area Block 4 Clifton, Karachi, 75500, Pakistan",N/A,N/A,"Monday: 11:30 AM – 5:00 PM, Tuesday: 11:30 AM – 5:00 PM, Wednesday: 11:30 AM – 5:00 PM, Thursday: 11:30 AM – 5:00 PM, Friday: 11:30 AM – 5:00 PM, Saturday: 11:30 AM – 5:00 PM, Sunday: Closed",safia qamar,3,"Must try for your furniture, they will give you a good quality of furniture range but quite expensive.",3 years ago
Sana Safinaz Bridal Studio ثناء سفیناز برائیڈل اُسٹوڈیو,"F63, 1 St 3, DHA Phase 5 Saba Commercial Area Block 4 Clifton, Karachi, 75500, Pakistan",N/A,N/A,"Monday: 11:30 AM – 5:00 PM, Tuesday: 11:30 AM – 5:00 PM, Wednesday: 11:30 AM – 5:00 PM, Thursday: 11:30 AM – 5:00 PM, Friday: 11:30 AM – 5:00 PM, Saturday: 11:30 AM – 5:00 PM, Sunday: Closed",Zehra Khwaja,1,The studio was an extreme disappointment. I guess when the product is selling then who cares attitude. Service and studio was a complete disappointment,2 years ago
Sana Safinaz Bridal Studio ثناء سفیناز برائیڈل اُسٹوڈیو,"F63, 1 St 3, DHA Phase 5 Saba Commercial Area Block 4 Clifton, Karachi, 75500, Pakistan",N/A,N/A,"Monday: 11:30 AM – 5:00 PM, Tuesday: 11:30 AM – 5:00 PM, Wednesday: 11:30 AM – 5:00 PM, Thursday: 11:30 AM – 5:00 PM, Friday: 11:30 AM – 5:00 PM, Saturday: 11:30 AM – 5:00 PM, Sunday: Closed",Hira Syed,5,Very very helpful 🙂 listened and suggested really good,3 years ago
Sana Safinaz Bridal Studio ثناء سفیناز برائیڈل اُسٹوڈیو,"F63, 1 St 3, DHA Phase 5 Saba Commercial Area Block 4 Clifton, Karachi, 75500, Pakistan",N/A,N/A,"Monday: 11:30 AM – 5:00 PM, Tuesday: 11:30 AM – 5:00 PM, Wednesday: 11:30 AM – 5:00 PM, Thursday: 11:30 AM – 5:00 PM, Friday: 11:30 AM – 5:00 PM, Saturday: 11:30 AM – 5:00 PM, Sunday: Closed",Uzma Khan,5,The best place for Exquisite bridal outfits and wedding ensembles for the whole family,4 years ago
Sana Safinaz,"Shop.#. 312, 3rd Floor, THE CENTAURUS MALL, F 8/4 Blue Area, Islamabad, Pakistan",(051) 2701316,https://www.sanasafinaz.com/pk/,"Monday: 11:00 AM – 9:00 PM, Tuesday: 11:00 AM – 9:00 PM, Wednesday: 11:00 AM – 9:00 PM, Thursday: 11:00 AM – 9:00 PM, Friday: 11:00 AM – 9:00 PM, Saturday: 11:00 AM – 9:00 PM, Sunday: 11:00 AM – 9:00 PM",Asif khan,4,"Sana safinaz Brand created by Sana Hashwani and Safinaz Muneer in 1989, is a well-established fashion label that is one of Pakistan's most prominent and diverse . Sana Safinaz is a brand that is known to all. This is because it has never failed to produce a fantabulous collection , From trendy prints to modern cuts, style your everyday look with our versatile collection ,",a year ago
Sana Safinaz,"Shop.#. 312, 3rd Floor, THE CENTAURUS MALL, F 8/4 Blue Area, Islamabad, Pakistan",(051) 2701316,https://www.sanasafinaz.com/pk/,"Monday: 11:00 AM – 9:00 PM, Tuesday: 11:00 AM – 9:00 PM, Wednesday: 11:00 AM – 9:00 PM, Thursday: 11:00 AM – 9:00 PM, Friday: 11:00 AM – 9:00 PM, Saturday: 11:00 AM – 9:00 PM, Sunday: 11:00 AM – 9:00 PM",JIbran Sohail,5,"Staff was cooperative and nice with pleasant faces to entertain the customers. Prices are high compare to the quality of clothes.
""Brand name charges""",2 years ago
Sana Safinaz,"Shop.#. 312, 3rd Floor, THE CENTAURUS MALL, F 8/4 Blue Area, Islamabad, Pakistan",(051) 2701316,https://www.sanasafinaz.com/pk/,"Monday: 11:00 AM – 9:00 PM, Tuesday: 11:00 AM – 9:00 PM, Wednesday: 11:00 AM – 9:00 PM, Thursday: 11:00 AM – 9:00 PM, Friday: 11:00 AM – 9:00 PM, Saturday: 11:00 AM – 9:00 PM, Sunday: 11:00 AM – 9:00 PM",Abdul Basit,5,Beautiful variety for ladies suits but a little bit expensive a lots of variety here,2 years ago
Sana Safinaz,"Shop.#. 312, 3rd Floor, THE CENTAURUS MALL, F 8/4 Blue Area, Islamabad, Pakistan",(051) 2701316,https://www.sanasafinaz.com/pk/,"Monday: 11:00 AM – 9:00 PM, Tuesday: 11:00 AM – 9:00 PM, Wednesday: 11:00 AM – 9:00 PM, Thursday: 11:00 AM – 9:00 PM, Friday: 11:00 AM – 9:00 PM, Saturday: 11:00 AM – 9:00 PM, Sunday: 11:00 AM – 9:00 PM",Aisha,3,Staff were rude but there was a good collection of clothes,11 months ago
Sana Safinaz,"Shop.#. 312, 3rd Floor, THE CENTAURUS MALL, F 8/4 Blue Area, Islamabad, Pakistan",(051) 2701316,https://www.sanasafinaz.com/pk/,"Monday: 11:00 AM – 9:00 PM, Tuesday: 11:00 AM – 9:00 PM, Wednesday: 11:00 AM – 9:00 PM, Thursday: 11:00 AM – 9:00 PM, Friday: 11:00 AM – 9:00 PM, Saturday: 11:00 AM – 9:00 PM, Sunday: 11:00 AM – 9:00 PM",Fel,5,Variety of eastern wear for ladies,a year ago
Sana Safinaz,"Square one Mall Stadium Road, Block 10, Gulshan-e-Iqbal Shop No UG 11, 12, 27 & 28, Gulistan-e-Johar, Karachi, Pakistan",(021) 34832707,https://www.sanasafinaz.com/pk/,"Monday: 12:00 – 11:00 PM, Tuesday: 12:00 – 11:00 PM, Wednesday: 12:00 – 11:00 PM, Thursday: 12:00 – 11:00 PM, Friday: 3:00 – 11:00 PM, Saturday: 12:00 – 11:00 PM, Sunday: 12:00 – 11:00 PM",Shapheec Rehman,1,"Very poor management. Nowadays, their customer dealing is really bad. When you go to their outlet, they don't deal with customers properly and mistreat them. I will never go there again.",8 months ago
Sana Safinaz,"Square one Mall Stadium Road, Block 10, Gulshan-e-Iqbal Shop No UG 11, 12, 27 & 28, Gulistan-e-Johar, Karachi, Pakistan",(021) 34832707,https://www.sanasafinaz.com/pk/,"Monday: 12:00 – 11:00 PM, Tuesday: 12:00 – 11:00 PM, Wednesday: 12:00 – 11:00 PM, Thursday: 12:00 – 11:00 PM, Friday: 3:00 – 11:00 PM, Saturday: 12:00 – 11:00 PM, Sunday: 12:00 – 11:00 PM",Mir Hussain,1,Worst customer service. The guy was rude and don't know how to talk to customer,7 months ago
Sana Safinaz,"Square one Mall Stadium Road, Block 10, Gulshan-e-Iqbal Shop No UG 11, 12, 27 & 28, Gulistan-e-Johar, Karachi, Pakistan",(021) 34832707,https://www.sanasafinaz.com/pk/,"Monday: 12:00 – 11:00 PM, Tuesday: 12:00 – 11:00 PM, Wednesday: 12:00 – 11:00 PM, Thursday: 12:00 – 11:00 PM, Friday: 3:00 – 11:00 PM, Saturday: 12:00 – 11:00 PM, Sunday: 12:00 – 11:00 PM",Fatima Zahoor,1,Customer service is the worst,4 months ago
Sana Safinaz,"Square one Mall Stadium Road, Block 10, Gulshan-e-Iqbal Shop No UG 11, 12, 27 & 28, Gulistan-e-Johar, Karachi, Pakistan",(021) 34832707,https://www.sanasafinaz.com/pk/,"Monday: 12:00 – 11:00 PM, Tuesday: 12:00 – 11:00 PM, Wednesday: 12:00 – 11:00 PM, Thursday: 12:00 – 11:00 PM, Friday: 3:00 – 11:00 PM, Saturday: 12:00 – 11:00 PM, Sunday: 12:00 – 11:00 PM",Dr. Syed Akbar Abbas,5,It was a good experience,a year ago
Sana Safinaz,"Square one Mall Stadium Road, Block 10, Gulshan-e-Iqbal Shop No UG 11, 12, 27 & 28, Gulistan-e-Johar, Karachi, Pakistan",(021) 34832707,https://www.sanasafinaz.com/pk/,"Monday: 12:00 – 11:00 PM, Tuesday: 12:00 – 11:00 PM, Wednesday: 12:00 – 11:00 PM, Thursday: 12:00 – 11:00 PM, Friday: 3:00 – 11:00 PM, Saturday: 12:00 – 11:00 PM, Sunday: 12:00 – 11:00 PM",Meryam Shahzadi,5,Good,9 months ago
Sana Safinaz,"Modern Shopping Mall, University Road, Farooq Colony, Sargodha, Pakistan",(048) 3769234,http://sanasafinaz.com/,"Monday: 11:00 AM – 11:00 PM, Tuesday: 11:00 AM – 11:00 PM, Wednesday: 11:00 AM – 11:00 PM, Thursday: 11:00 AM – 11:00 PM, Friday: 11:00 AM – 11:00 PM, Saturday: 11:00 AM – 11:00 PM, Sunday: 11:00 AM – 11:00 PM",M Nadeem,5,Nice shop lovely place but online is better,3 months ago
Sana Safinaz,"Modern Shopping Mall, University Road, Farooq Colony, Sargodha, Pakistan",(048) 3769234,http://sanasafinaz.com/,"Monday: 11:00 AM – 11:00 PM, Tuesday: 11:00 AM – 11:00 PM, Wednesday: 11:00 AM – 11:00 PM, Thursday: 11:00 AM – 11:00 PM, Friday: 11:00 AM – 11:00 PM, Saturday: 11:00 AM – 11:00 PM, Sunday: 11:00 AM – 11:00 PM",maryem fatima,5,"Sana safinaz is the place where u get excellent experience of getting modern, classic dresses with soft hues.The staff is very cooperative and gives detailed information about the articles,even u get early message abt the upcoming sale.... thumbs up 👍👍👍👍",8 months ago
Sana Safinaz,"Modern Shopping Mall, University Road, Farooq Colony, Sargodha, Pakistan",(048) 3769234,http://sanasafinaz.com/,"Monday: 11:00 AM – 11:00 PM, Tuesday: 11:00 AM – 11:00 PM, Wednesday: 11:00 AM – 11:00 PM, Thursday: 11:00 AM – 11:00 PM, Friday: 11:00 AM – 11:00 PM, Saturday: 11:00 AM – 11:00 PM, Sunday: 11:00 AM – 11:00 PM",Maheen Hassan,5,Its always pleasure to visit this brand & outlet. Very cooperative staff in all terms. Much appreciated!,8 months ago
Sana Safinaz,"Modern Shopping Mall, University Road, Farooq Colony, Sargodha, Pakistan",(048) 3769234,http://sanasafinaz.com/,"Monday: 11:00 AM – 11:00 PM, Tuesday: 11:00 AM – 11:00 PM, Wednesday: 11:00 AM – 11:00 PM, Thursday: 11:00 AM – 11:00 PM, Friday: 11:00 AM – 11:00 PM, Saturday: 11:00 AM – 11:00 PM, Sunday: 11:00 AM – 11:00 PM",Hafiz Linta Nadeem,5,Very gd quality fabrics.  Staff is also welcoming and cooperative.  Always fully satisfied experience.,8 months ago
Sana Safinaz,"Modern Shopping Mall, University Road, Farooq Colony, Sargodha, Pakistan",(048) 3769234,http://sanasafinaz.com/,"Monday: 11:00 AM – 11:00 PM, Tuesday: 11:00 AM – 11:00 PM, Wednesday: 11:00 AM – 11:00 PM, Thursday: 11:00 AM – 11:00 PM, Friday: 11:00 AM – 11:00 PM, Saturday: 11:00 AM – 11:00 PM, Sunday: 11:00 AM – 11:00 PM",Shabih Zahra,5,"Helping staff with very good behaviour,they
Try to provide each and every new or required articles",8 months ago
Sana Safinaz Safa Gold Mall,"Safa Gold Mall, College Rd, F-7 Markaz F 7 Markaz F-7, Islamabad, Pakistan",(051) 2608456,https://www.sanasafinaz.com/pk/,"Monday: 11:00 AM – 11:00 PM, Tuesday: 11:00 AM – 11:00 PM, Wednesday: 11:00 AM – 11:00 PM, Thursday: 11:00 AM – 11:00 PM, Friday: 11:00 AM – 12:00 AM, Saturday: 11:00 AM – 12:00 AM, Sunday: 11:00 AM – 11:00 PM",Fatima Abbasi,1,"Horrible sales girls. They need serious training on how to deal with customers. I was informed fitting rooms were open when I specifically asked, checked some items then told the girl to hold the clothes and I’ll be back, when i came back 10 minutes later and chose a few other shirts she refused to let me try them on as ‘there’s an ongoing sale’ which is understandable and that’s specifically why i asked initially if the fitting rooms were open and was told yes. Left all the clothes i really wanted to purchase because of their horrid attitudes (there were a lot of eyerolls at my request to try on the kurtas i’d chosen). Wouldn’t recommend shopping here.",a year ago
Sana Safinaz Safa Gold Mall,"Safa Gold Mall, College Rd, F-7 Markaz F 7 Markaz F-7, Islamabad, Pakistan",(051) 2608456,https://www.sanasafinaz.com/pk/,"Monday: 11:00 AM – 11:00 PM, Tuesday: 11:00 AM – 11:00 PM, Wednesday: 11:00 AM – 11:00 PM, Thursday: 11:00 AM – 11:00 PM, Friday: 11:00 AM – 12:00 AM, Saturday: 11:00 AM – 12:00 AM, Sunday: 11:00 AM – 11:00 PM",Ummara Hassan,5,"Checked out their new lawn collection and it was great.
They have plenty of new designs and because of eid they're giving a hefty discount as well. Do check them out.",2 years ago
Sana Safinaz Safa Gold Mall,"Safa Gold Mall, College Rd, F-7 Markaz F 7 Markaz F-7, Islamabad, Pakistan",(051) 2608456,https://www.sanasafinaz.com/pk/,"Monday: 11:00 AM – 11:00 PM, Tuesday: 11:00 AM – 11:00 PM, Wednesday: 11:00 AM – 11:00 PM, Thursday: 11:00 AM – 11:00 PM, Friday: 11:00 AM – 12:00 AM, Saturday: 11:00 AM – 12:00 AM, Sunday: 11:00 AM – 11:00 PM",Hurrain Khan,1,Poor services rude staff poor customer services khaadi is much more better then this brand !!! A BIG NO to sana safinaz !!,8 months ago
Sana Safinaz Safa Gold Mall,"Safa Gold Mall, College Rd, F-7 Markaz F 7 Markaz F-7, Islamabad, Pakistan",(051) 2608456,https://www.sanasafinaz.com/pk/,"Monday: 11:00 AM – 11:00 PM, Tuesday: 11:00 AM – 11:00 PM, Wednesday: 11:00 AM – 11:00 PM, Thursday: 11:00 AM – 11:00 PM, Friday: 11:00 AM – 12:00 AM, Saturday: 11:00 AM – 12:00 AM, Sunday: 11:00 AM – 11:00 PM",Mastermind Studio,4,Over priced however clothes on sale are good.,11 months ago
Sana Safinaz Safa Gold Mall,"Safa Gold Mall, College Rd, F-7 Markaz F 7 Markaz F-7, Islamabad, Pakistan",(051) 2608456,https://www.sanasafinaz.com/pk/,"Monday: 11:00 AM – 11:00 PM, Tuesday: 11:00 AM – 11:00 PM, Wednesday: 11:00 AM – 11:00 PM, Thursday: 11:00 AM – 11:00 PM, Friday: 11:00 AM – 12:00 AM, Saturday: 11:00 AM – 12:00 AM, Sunday: 11:00 AM – 11:00 PM",Saqib Shahzad,5,"Excellent place for Women Fashion buying.
Great and supportive staff.",3 years ago
Sana Safinaz,"Shop # 06, 1st Floor Lucky one Mall LA-2/B 21, Rashid Minhas Rd, Federal B Area Block 21 Gulberg Town, Karachi, Pakistan",(021) 37181121,https://www.sanasafinaz.com/pk/,"Monday: 11:00 AM – 11:00 PM, Tuesday: 11:00 AM – 11:00 PM, Wednesday: 11:00 AM – 11:00 PM, Thursday: 11:00 AM – 11:00 PM, Friday: 3:00 PM – 12:00 AM, Saturday: 11:00 AM – 12:00 AM, Sunday: 11:00 AM – 11:00 PM",Faizan Noor,1,"Bought today from Lucky One outlet for Rs. 11,899 and look at the poor quality of stitching. Disappointing.",3 weeks ago
Sana Safinaz,"Shop # 06, 1st Floor Lucky one Mall LA-2/B 21, Rashid Minhas Rd, Federal B Area Block 21 Gulberg Town, Karachi, Pakistan",(021) 37181121,https://www.sanasafinaz.com/pk/,"Monday: 11:00 AM – 11:00 PM, Tuesday: 11:00 AM – 11:00 PM, Wednesday: 11:00 AM – 11:00 PM, Thursday: 11:00 AM – 11:00 PM, Friday: 3:00 PM – 12:00 AM, Saturday: 11:00 AM – 12:00 AM, Sunday: 11:00 AM – 11:00 PM",W K,1,"Unprofessional staff , rude and shoved the cloths in a crumpled
clear plastic  without even folding properly.their excuse was that’s because I didn’t buy their 40 rupee bag so it will get ruined anyways .on my insistence that I plan to gift they did give me a fresh clear plastic but shopping here with pricey price tags is a luxury and should at least warrant a bag to hold the goods without having to pay for it .even abroad for luxury shopping(unlike grocery shopping), you don’t need to buy separate bags !",2 weeks ago
Sana Safinaz,"Shop # 06, 1st Floor Lucky one Mall LA-2/B 21, Rashid Minhas Rd, Federal B Area Block 21 Gulberg Town, Karachi, Pakistan",(021) 37181121,https://www.sanasafinaz.com/pk/,"Monday: 11:00 AM – 11:00 PM, Tuesday: 11:00 AM – 11:00 PM, Wednesday: 11:00 AM – 11:00 PM, Thursday: 11:00 AM – 11:00 PM, Friday: 3:00 PM – 12:00 AM, Saturday: 11:00 AM – 12:00 AM, Sunday: 11:00 AM – 11:00 PM",Syeda Madiha Riaz,1,Poor quality. Purchased today.,3 weeks ago
Sana Safinaz,"Shop # 06, 1st Floor Lucky one Mall LA-2/B 21, Rashid Minhas Rd, Federal B Area Block 21 Gulberg Town, Karachi, Pakistan",(021) 37181121,https://www.sanasafinaz.com/pk/,"Monday: 11:00 AM – 11:00 PM, Tuesday: 11:00 AM – 11:00 PM, Wednesday: 11:00 AM – 11:00 PM, Thursday: 11:00 AM – 11:00 PM, Friday: 3:00 PM – 12:00 AM, Saturday: 11:00 AM – 12:00 AM, Sunday: 11:00 AM – 11:00 PM",Rubbia Hussain,4,Best collection fabric is too good,a year ago
Sana Safinaz,"Shop # 06, 1st Floor Lucky one Mall LA-2/B 21, Rashid Minhas Rd, Federal B Area Block 21 Gulberg Town, Karachi, Pakistan",(021) 37181121,https://www.sanasafinaz.com/pk/,"Monday: 11:00 AM – 11:00 PM, Tuesday: 11:00 AM – 11:00 PM, Wednesday: 11:00 AM – 11:00 PM, Thursday: 11:00 AM – 11:00 PM, Friday: 3:00 PM – 12:00 AM, Saturday: 11:00 AM – 12:00 AM, Sunday: 11:00 AM – 11:00 PM",Ghazala Shah,5,Famous ladies boutique & garment chain.,6 years ago
Sana Safinaz,"Shop.#.003., 2nd Floor, Dolmen Mall, Plot No, D-13 Tariq Rd, Delhi Society Delhi CHS P.E.C.H.S., Karachi, Pakistan",(021) 34321025,https://www.sanasafinaz.com/pk/,"Monday: 11:00 AM – 9:00 PM, Tuesday: 11:00 AM – 9:00 PM, Wednesday: 11:00 AM – 9:00 PM, Thursday: 11:00 AM – 9:00 PM, Friday: 2:00 – 9:00 PM, Saturday: 11:00 AM – 9:00 PM, Sunday: 11:00 AM – 9:00 PM",Zeba Iqbal,1,"Sana safinaz dolmen mall Customer service is the worst.  They had large sale signs everywhere and I decided to pick an outfit for age 10 yo girl from the 40% off  rack. The tag had a 30%off sticker.

While checking out I noticed the cashier taking off the 30%off sticker. I asked how much is the outfit and he actually states the regular price. When I questioned why he is not giving me the sale price based on the rack of 40% or the sticker for 30% he states that the older girls are not on sale even though he removed sticker in front of me. And mind you they are many sizes of the same outfit on the sale rack.

He called the manager Zohaib who actually had the audacity to ask me if I wanted the outfit for free. I am a paying customer. I’m actually a consistent international customer and just wanted to be honored the price per the sale sticker.

Such horrible and insulting customer service by Sana Safinaz staff at Dolmen.

Atleast in the US customer service is valued. They always honor the price per sign and sticker, regardless of the human error on their part.",a year ago
Sana Safinaz,"Shop.#.003., 2nd Floor, Dolmen Mall, Plot No, D-13 Tariq Rd, Delhi Society Delhi CHS P.E.C.H.S., Karachi, Pakistan",(021) 34321025,https://www.sanasafinaz.com/pk/,"Monday: 11:00 AM – 9:00 PM, Tuesday: 11:00 AM – 9:00 PM, Wednesday: 11:00 AM – 9:00 PM, Thursday: 11:00 AM – 9:00 PM, Friday: 2:00 – 9:00 PM, Saturday: 11:00 AM – 9:00 PM, Sunday: 11:00 AM – 9:00 PM",Naveed I. Choghara,5,Sana Safinaz have quality and designs but this year they just didnt delivered upto their mark means their designs were not as per expectations and the colors of images and in real were so different.,3 years ago
Sana Safinaz,"Shop.#.003., 2nd Floor, Dolmen Mall, Plot No, D-13 Tariq Rd, Delhi Society Delhi CHS P.E.C.H.S., Karachi, Pakistan",(021) 34321025,https://www.sanasafinaz.com/pk/,"Monday: 11:00 AM – 9:00 PM, Tuesday: 11:00 AM – 9:00 PM, Wednesday: 11:00 AM – 9:00 PM, Thursday: 11:00 AM – 9:00 PM, Friday: 2:00 – 9:00 PM, Saturday: 11:00 AM – 9:00 PM, Sunday: 11:00 AM – 9:00 PM",MUHAMMAD WAQAS,5,"Sana Safinaz consistently embodies timeless elegance and fashion-forward designs, setting the standard for style and sophistication.",a year ago
Sana Safinaz,"Shop.#.003., 2nd Floor, Dolmen Mall, Plot No, D-13 Tariq Rd, Delhi Society Delhi CHS P.E.C.H.S., Karachi, Pakistan",(021) 34321025,https://www.sanasafinaz.com/pk/,"Monday: 11:00 AM – 9:00 PM, Tuesday: 11:00 AM – 9:00 PM, Wednesday: 11:00 AM – 9:00 PM, Thursday: 11:00 AM – 9:00 PM, Friday: 2:00 – 9:00 PM, Saturday: 11:00 AM – 9:00 PM, Sunday: 11:00 AM – 9:00 PM",Muhammad Khan,1,"SCAM!!!
DONT BUY
SENT ME MY ORDER WITH SOME ITEMS MISSING
THEY DO NOT KNOW WHAT THEY ARE DOING
PLEASE SAVE YOUR MONEY",a year ago
Sana Safinaz,"Shop.#.003., 2nd Floor, Dolmen Mall, Plot No, D-13 Tariq Rd, Delhi Society Delhi CHS P.E.C.H.S., Karachi, Pakistan",(021) 34321025,https://www.sanasafinaz.com/pk/,"Monday: 11:00 AM – 9:00 PM, Tuesday: 11:00 AM – 9:00 PM, Wednesday: 11:00 AM – 9:00 PM, Thursday: 11:00 AM – 9:00 PM, Friday: 2:00 – 9:00 PM, Saturday: 11:00 AM – 9:00 PM, Sunday: 11:00 AM – 9:00 PM",Hani Omerson,5,Excellent service only this Sana safinaz best service,3 years ago
Sana Safinaz Couture Atelier,"Sorrento Square Mall, 3/C2 MM Alam Rd, Block C2 Block C 2 Gulberg III, Lahore, 54660, Pakistan",(042) 36407061,https://www.instagram.com/sanasafinazcouture/,"Monday: 11:00 AM – 10:00 PM, Tuesday: 11:00 AM – 10:00 PM, Wednesday: 11:00 AM – 10:00 PM, Thursday: 11:00 AM – 10:00 PM, Friday: 11:00 AM – 10:00 PM, Saturday: 11:00 AM – 10:00 PM, Sunday: 2:00 – 10:00 PM",Kawtar Majdi,1,"I had a very disappointing experience at this store. The customer service was extremely unwelcoming, and the staff were not polite at all. One of the employees refused to assist me and instead told me to check the store next door. If I wanted to visit another store, I would have done so without being told. I strongly believe the management should focus on training their staff to provide better customer service. This experience was far from what I expected.",a month ago
Sana Safinaz Couture Atelier,"Sorrento Square Mall, 3/C2 MM Alam Rd, Block C2 Block C 2 Gulberg III, Lahore, 54660, Pakistan",(042) 36407061,https://www.instagram.com/sanasafinazcouture/,"Monday: 11:00 AM – 10:00 PM, Tuesday: 11:00 AM – 10:00 PM, Wednesday: 11:00 AM – 10:00 PM, Thursday: 11:00 AM – 10:00 PM, Friday: 11:00 AM – 10:00 PM, Saturday: 11:00 AM – 10:00 PM, Sunday: 2:00 – 10:00 PM",Misbah Ul Alam,5,"Here you will find both stitched and unstitched clothes, a good variety of ladies garments and suits for their selection. Winter variety is on sale upto 50% off. Quality & designs of readymade garments and unstitched clothes appear to be appealing !",3 weeks ago
Sana Safinaz Couture Atelier,"Sorrento Square Mall, 3/C2 MM Alam Rd, Block C2 Block C 2 Gulberg III, Lahore, 54660, Pakistan",(042) 36407061,https://www.instagram.com/sanasafinazcouture/,"Monday: 11:00 AM – 10:00 PM, Tuesday: 11:00 AM – 10:00 PM, Wednesday: 11:00 AM – 10:00 PM, Thursday: 11:00 AM – 10:00 PM, Friday: 11:00 AM – 10:00 PM, Saturday: 11:00 AM – 10:00 PM, Sunday: 2:00 – 10:00 PM",Saira J. Barlas,5,One of the best places for formal wear and affordable. The staff is very present and well interested in your needs. A must for anyone coming from abroad!,3 weeks ago
Sana Safinaz Couture Atelier,"Sorrento Square Mall, 3/C2 MM Alam Rd, Block C2 Block C 2 Gulberg III, Lahore, 54660, Pakistan",(042) 36407061,https://www.instagram.com/sanasafinazcouture/,"Monday: 11:00 AM – 10:00 PM, Tuesday: 11:00 AM – 10:00 PM, Wednesday: 11:00 AM – 10:00 PM, Thursday: 11:00 AM – 10:00 PM, Friday: 11:00 AM – 10:00 PM, Saturday: 11:00 AM – 10:00 PM, Sunday: 2:00 – 10:00 PM",Noor Abbas,5,"Sana Safinaz team did a phenomenal job with my outfit. From the minute I entered their studio, their service was amazing. Their styles and designs are beautiful however I had a customization request for my outfit and they catered to my needs in such a professional way. Since after placing my order, I had gone a size down and rather than handing me outfit made as per my original measurements, they tailored it to perfection and did all the alterations for me that too on a very short notice! I got so many compliments on my outfit! I highly recommend them, they listen to their clients and actually deliver what they promise.",a year ago
Sana Safinaz Couture Atelier,"Sorrento Square Mall, 3/C2 MM Alam Rd, Block C2 Block C 2 Gulberg III, Lahore, 54660, Pakistan",(042) 36407061,https://www.instagram.com/sanasafinazcouture/,"Monday: 11:00 AM – 10:00 PM, Tuesday: 11:00 AM – 10:00 PM, Wednesday: 11:00 AM – 10:00 PM, Thursday: 11:00 AM – 10:00 PM, Friday: 11:00 AM – 10:00 PM, Saturday: 11:00 AM – 10:00 PM, Sunday: 2:00 – 10:00 PM",Emaan Kamal,5,Amazing client dealing! They’re highly professional and always give the clothes on time. Highly recommended.,7 months ago
SAPPHIRE Centaurus Mall Islamabad,"Centaurus Mall, 1st Floor, Shop #117، F 8/4 F-8, Islamabad, Pakistan",(051) 2701510,https://pk.sapphireonline.pk/,"Monday: 11:00 AM – 11:00 PM, Tuesday: 11:00 AM – 11:00 PM, Wednesday: 11:00 AM – 11:00 PM, Thursday: 11:00 AM – 11:00 PM, Friday: 11:00 AM – 12:00 AM, Saturday: 11:00 AM – 12:00 AM, Sunday: 11:00 AM – 11:00 PM",Haya Khan,1,"Terrible Experience – Fake Updates & Poor Service

I ordered a dress from Sapphire 20 days ago and have been tracking my parcel daily. However, their tracking system is completely fake—it kept showing false updates while I never received any call or delivery attempt from the rider. Every time I called customer service, they lied and said, You'll receive your parcel tomorrow , but that never happened.

Their customer support is useless—I sent multiple emails, called them daily, and even offered an alternative address in case delivery was an issue, yet they ignored my request. Now they are saying the parcel has been returned to the origin branch, which proves they never intended to deliver it in the first place.

To make things worse, their representative started behaving rudely instead of helping.

On top of that, the callcourier service is equally unresponsive—they don’t even bother answering calls.

This whole experience has been a waste of time and energy. Sapphire lacks stock availability, transparency, and professionalism. I will never order from them again!",a week ago
SAPPHIRE Centaurus Mall Islamabad,"Centaurus Mall, 1st Floor, Shop #117، F 8/4 F-8, Islamabad, Pakistan",(051) 2701510,https://pk.sapphireonline.pk/,"Monday: 11:00 AM – 11:00 PM, Tuesday: 11:00 AM – 11:00 PM, Wednesday: 11:00 AM – 11:00 PM, Thursday: 11:00 AM – 11:00 PM, Friday: 11:00 AM – 12:00 AM, Saturday: 11:00 AM – 12:00 AM, Sunday: 11:00 AM – 11:00 PM",Muhammad Hassan Shakir,1,We came to return a dress and we were accused of having used the dress. We admitted to having tried the dress on for size purposes which was the extent of what happened. This was not the first time we were returning an item on any outlet including Sapphire. Very dissatisfied with the treatment we received today and disappointed.,2 months ago
SAPPHIRE Centaurus Mall Islamabad,"Centaurus Mall, 1st Floor, Shop #117، F 8/4 F-8, Islamabad, Pakistan",(051) 2701510,https://pk.sapphireonline.pk/,"Monday: 11:00 AM – 11:00 PM, Tuesday: 11:00 AM – 11:00 PM, Wednesday: 11:00 AM – 11:00 PM, Thursday: 11:00 AM – 11:00 PM, Friday: 11:00 AM – 12:00 AM, Saturday: 11:00 AM – 12:00 AM, Sunday: 11:00 AM – 11:00 PM",Shakira Habib,5,"I received a damaged item from Sapphire, so I returned the parcel. Some of my friends mentioned similar incidents with different brands where they didn't get their money back. However, when I contacted Sapphire's customer care service, they resolved the issue and issued me a credit voucher for the same amount I paid. Then, I missed picking up the parcel again, but they issued me another coupon to use anytime. I'm really happy and satisfied with their service. Sapphire is undoubtedly my favorite brand and will continue to be.",5 months ago
SAPPHIRE Centaurus Mall Islamabad,"Centaurus Mall, 1st Floor, Shop #117، F 8/4 F-8, Islamabad, Pakistan",(051) 2701510,https://pk.sapphireonline.pk/,"Monday: 11:00 AM – 11:00 PM, Tuesday: 11:00 AM – 11:00 PM, Wednesday: 11:00 AM – 11:00 PM, Thursday: 11:00 AM – 11:00 PM, Friday: 11:00 AM – 12:00 AM, Saturday: 11:00 AM – 12:00 AM, Sunday: 11:00 AM – 11:00 PM",Azzy A,1,"“Would you like service with a smile”, well you are not going to get it here.
Sale Staff are RUDE, RUDE, RUDE.
I regularly buy Sapphire brand, but I won’t be buying from Centaurus Mall again.
I wanted a scarf to go with one of the dresses, and they wouldn’t sell it to me, everything is sold separately anyway.
The staff should know that what a paying customer want, they should get.",6 months ago
SAPPHIRE Centaurus Mall Islamabad,"Centaurus Mall, 1st Floor, Shop #117، F 8/4 F-8, Islamabad, Pakistan",(051) 2701510,https://pk.sapphireonline.pk/,"Monday: 11:00 AM – 11:00 PM, Tuesday: 11:00 AM – 11:00 PM, Wednesday: 11:00 AM – 11:00 PM, Thursday: 11:00 AM – 11:00 PM, Friday: 11:00 AM – 12:00 AM, Saturday: 11:00 AM – 12:00 AM, Sunday: 11:00 AM – 11:00 PM",Hafsa Saif,5,"Sapphire Mall is a compact, convenient shopping destination with a variety of stores, eateries, and services. It offers a good mix of fashion, groceries, and dining options, but lacks major brand outlets. It's ideal for quick shopping trips and casual dining.",6 months ago
Sapphire - Gulberg,"9-C/k College Rd, Block K Gulberg 2, Lahore, Pakistan",(042) 35754306,http://sapphireonline.pk/,"Monday: 11:00 AM – 10:00 PM, Tuesday: 11:00 AM – 10:00 PM, Wednesday: 11:00 AM – 10:00 PM, Thursday: 11:00 AM – 10:00 PM, Friday: 11:00 AM – 10:00 PM, Saturday: Closed, Sunday: 2:00 – 10:00 PM",Abdul Rehman,4,"Review

I recently visited Sapphire and my experience had left me with mixed impressions. On the positive side, Sapphire is  offering
an excellent variety of men’s eastern clothing at very reasonable prices. The collection was diverse, and it was easy to find options that suited my preferences.

However, the staff’s behavior was a bit of a letdown. While they weren’t outright rude, they lacked professionalism and were not particularly cooperative in assisting customers. This somewhat dampened the shopping experience.

Overall, if you’re looking for affordable and good-quality eastern clothing, sapphire is worth a visit. However, be prepared for an average customer service experience.",2 months ago
Sapphire - Gulberg,"9-C/k College Rd, Block K Gulberg 2, Lahore, Pakistan",(042) 35754306,http://sapphireonline.pk/,"Monday: 11:00 AM – 10:00 PM, Tuesday: 11:00 AM – 10:00 PM, Wednesday: 11:00 AM – 10:00 PM, Thursday: 11:00 AM – 10:00 PM, Friday: 11:00 AM – 10:00 PM, Saturday: Closed, Sunday: 2:00 – 10:00 PM",Aown Ali,5,"Sapphire Gulberg is a company operated outlet with a wide range of garments, shoes, accessories, beauty products and fragrances of very good quality. The store is spacious, with elevator, wash rooms and car parking. During sales the store gets too much customers.",3 months ago
Sapphire - Gulberg,"9-C/k College Rd, Block K Gulberg 2, Lahore, Pakistan",(042) 35754306,http://sapphireonline.pk/,"Monday: 11:00 AM – 10:00 PM, Tuesday: 11:00 AM – 10:00 PM, Wednesday: 11:00 AM – 10:00 PM, Thursday: 11:00 AM – 10:00 PM, Friday: 11:00 AM – 10:00 PM, Saturday: Closed, Sunday: 2:00 – 10:00 PM",Adeel Islam,5,The best store of Sapphire in Lahore which is well organised and quite big and contains all the variety of sapphire. Sections are separate. Staff is helpful. Been visiting it for last 3 years as a regular customer and never disappointed. Prices are on higher side but still better as compared with its sister brands of same category. The quality of fabrics is great which is the biggest plus. Parking is also available without any issue. Basement parking and outside shop; both options available.,2 weeks ago
Sapphire - Gulberg,"9-C/k College Rd, Block K Gulberg 2, Lahore, Pakistan",(042) 35754306,http://sapphireonline.pk/,"Monday: 11:00 AM – 10:00 PM, Tuesday: 11:00 AM – 10:00 PM, Wednesday: 11:00 AM – 10:00 PM, Thursday: 11:00 AM – 10:00 PM, Friday: 11:00 AM – 10:00 PM, Saturday: Closed, Sunday: 2:00 – 10:00 PM",Sheharyar Zahid,5,Sapphire is a very good place to purchase good quality clothes. Here interior is very well organised and here dealing to a customer way is very nice. You’ll have both clothes sections for ladies and gents. Their parking is also very nice. I’ll prefer everyone to visit this place at-least once you’ll get satisfied.,4 years ago
Sapphire - Gulberg,"9-C/k College Rd, Block K Gulberg 2, Lahore, Pakistan",(042) 35754306,http://sapphireonline.pk/,"Monday: 11:00 AM – 10:00 PM, Tuesday: 11:00 AM – 10:00 PM, Wednesday: 11:00 AM – 10:00 PM, Thursday: 11:00 AM – 10:00 PM, Friday: 11:00 AM – 10:00 PM, Saturday: Closed, Sunday: 2:00 – 10:00 PM",Fareena Khalid,5,Quite a large space for shopping. I guess it's one of the biggest Sapphire outlets in Lahore. Had a good experience several times. The staff is good too!,2 months ago
Sapphire - Factory Outlet,"Bhubtian Chowk, 1.5-KM Defence Rd, off Raiwind Road, Lahore, Pakistan",0302 1334447,https://pk.sapphireonline.pk/,"Monday: 10:00 AM – 7:00 PM, Tuesday: 10:00 AM – 7:00 PM, Wednesday: 10:00 AM – 7:00 PM, Thursday: 10:00 AM – 7:00 PM, Friday: 10:00 AM – 7:00 PM, Saturday: 10:00 AM – 7:00 PM, Sunday: 11:00 AM – 7:30 PM",javeria _,1,"Very disappointed by their customer service…i have ordered a dress online through their website when it came the pack was opend already and there were  no
patches with dress ( 4 pieces of patches)mentioned on the pack… i have send multiple emails on their customer care email but no responsd..didn’t expect this from sapphire it was my favourite brand🥲",3 months ago
Sapphire - Factory Outlet,"Bhubtian Chowk, 1.5-KM Defence Rd, off Raiwind Road, Lahore, Pakistan",0302 1334447,https://pk.sapphireonline.pk/,"Monday: 10:00 AM – 7:00 PM, Tuesday: 10:00 AM – 7:00 PM, Wednesday: 10:00 AM – 7:00 PM, Thursday: 10:00 AM – 7:00 PM, Friday: 10:00 AM – 7:00 PM, Saturday: 10:00 AM – 7:00 PM, Sunday: 11:00 AM – 7:30 PM",Naeem Serwer,5,"Sapphire factory shope 35% 50%70
%. Of big sale  on stitch and unstitched  men women children . Big shop big sale.sunday open   cash and card accepted  in shop .bed sheet  perfume also on sale   and a huge no of people  come and enjoy the sale",a year ago
Sapphire - Factory Outlet,"Bhubtian Chowk, 1.5-KM Defence Rd, off Raiwind Road, Lahore, Pakistan",0302 1334447,https://pk.sapphireonline.pk/,"Monday: 10:00 AM – 7:00 PM, Tuesday: 10:00 AM – 7:00 PM, Wednesday: 10:00 AM – 7:00 PM, Thursday: 10:00 AM – 7:00 PM, Friday: 10:00 AM – 7:00 PM, Saturday: 10:00 AM – 7:00 PM, Sunday: 11:00 AM – 7:30 PM",Abdul Hannan Shad,4,A plus class finest stitched and unstitch clothes bed sheet etc  at discounted rated up to 50 percent,7 months ago
Sapphire - Factory Outlet,"Bhubtian Chowk, 1.5-KM Defence Rd, off Raiwind Road, Lahore, Pakistan",0302 1334447,https://pk.sapphireonline.pk/,"Monday: 10:00 AM – 7:00 PM, Tuesday: 10:00 AM – 7:00 PM, Wednesday: 10:00 AM – 7:00 PM, Thursday: 10:00 AM – 7:00 PM, Friday: 10:00 AM – 7:00 PM, Saturday: 10:00 AM – 7:00 PM, Sunday: 11:00 AM – 7:30 PM",mehreen mazhar,1,"Sapphire outlet is still closed the mentioned time is 10 am and it's not open till now. People are waiting outside.
Change the timing at least so we won't waste our time waiting outside the store. Extremely disappointed!",6 months ago
Sapphire - Factory Outlet,"Bhubtian Chowk, 1.5-KM Defence Rd, off Raiwind Road, Lahore, Pakistan",0302 1334447,https://pk.sapphireonline.pk/,"Monday: 10:00 AM – 7:00 PM, Tuesday: 10:00 AM – 7:00 PM, Wednesday: 10:00 AM – 7:00 PM, Thursday: 10:00 AM – 7:00 PM, Friday: 10:00 AM – 7:00 PM, Saturday: 10:00 AM – 7:00 PM, Sunday: 11:00 AM – 7:30 PM",Najia Nazir,5,"Its a good place for budgeted shopping, only for women clothing.. limited bed line stock, limited cosmetics and fragrances.due to jammers there ais phone network issues  if you are going via careem etc longer waiting for rides.",a year ago
Sapphire Faislabad,"C-12، Qamar Heights، Main جڑانوالا روڈ، adjacent to NBP، بخارِی ٹاون Bukhari Town, فیصل آباد، Pakistan",(041) 8721001,https://pk.sapphireonline.pk/,"Monday: 11:00 AM – 11:00 PM, Tuesday: 11:00 AM – 11:00 PM, Wednesday: 11:00 AM – 11:00 PM, Thursday: 11:00 AM – 11:00 PM, Friday: 11:00 AM – 11:00 PM, Saturday: 11:00 AM – 11:00 PM, Sunday: 3:00 – 11:00 PM",Nosheen Ansari,5,Beautiful outlet well maintained❤️ Good in quality but expensive 🫰,3 months ago
Sapphire Faislabad,"C-12، Qamar Heights، Main جڑانوالا روڈ، adjacent to NBP، بخارِی ٹاون Bukhari Town, فیصل آباد، Pakistan",(041) 8721001,https://pk.sapphireonline.pk/,"Monday: 11:00 AM – 11:00 PM, Tuesday: 11:00 AM – 11:00 PM, Wednesday: 11:00 AM – 11:00 PM, Thursday: 11:00 AM – 11:00 PM, Friday: 11:00 AM – 11:00 PM, Saturday: 11:00 AM – 11:00 PM, Sunday: 3:00 – 11:00 PM",Nida Shafiq,4,"Nice brand for shopping
But most of trending articles are always sold out or out of stock
Staff was really good or nice 👍",a week ago
Sapphire Faislabad,"C-12، Qamar Heights، Main جڑانوالا روڈ، adjacent to NBP، بخارِی ٹاون Bukhari Town, فیصل آباد، Pakistan",(041) 8721001,https://pk.sapphireonline.pk/,"Monday: 11:00 AM – 11:00 PM, Tuesday: 11:00 AM – 11:00 PM, Wednesday: 11:00 AM – 11:00 PM, Thursday: 11:00 AM – 11:00 PM, Friday: 11:00 AM – 11:00 PM, Saturday: 11:00 AM – 11:00 PM, Sunday: 3:00 – 11:00 PM",Umair Saeed,1,"Absolutely phetatic exchange policy.

Today I went to exchange the clothes. We like the clothes and decided that to exchange our previous clothes. On cash counter suddenly out of the box thing came to know. The clothes price we chosen was not equal to the price of our previous clothes. The difference was 800 approx which was on sapphire side like they owe us 800. They said with cold voice sir we can not return 800 please buy other product or change the article so that it balance the amount. I said please keep 800 they said sir we can not do that also you have to buy something else. Yes like wow they really said that. I requested for branch manager and an other employee came up as branch manager totally clueless said the same thing we can not do anything etc etc.

moral of the story exchange policy is there but totally useless you cannot change the clothes if price is less than the previous clothes even if you say please keep it they will not change it you have to buy perfume and other thing which obviously cost you extra.",2 months ago
Sapphire Faislabad,"C-12، Qamar Heights، Main جڑانوالا روڈ، adjacent to NBP، بخارِی ٹاون Bukhari Town, فیصل آباد، Pakistan",(041) 8721001,https://pk.sapphireonline.pk/,"Monday: 11:00 AM – 11:00 PM, Tuesday: 11:00 AM – 11:00 PM, Wednesday: 11:00 AM – 11:00 PM, Thursday: 11:00 AM – 11:00 PM, Friday: 11:00 AM – 11:00 PM, Saturday: 11:00 AM – 11:00 PM, Sunday: 3:00 – 11:00 PM",Muhammad Mohsin Nadeem,5,A good options for ladies. A big outlet with lot of variety and easily access to all due to its location.,5 months ago
Sapphire Faislabad,"C-12، Qamar Heights، Main جڑانوالا روڈ، adjacent to NBP، بخارِی ٹاون Bukhari Town, فیصل آباد، Pakistan",(041) 8721001,https://pk.sapphireonline.pk/,"Monday: 11:00 AM – 11:00 PM, Tuesday: 11:00 AM – 11:00 PM, Wednesday: 11:00 AM – 11:00 PM, Thursday: 11:00 AM – 11:00 PM, Friday: 11:00 AM – 11:00 PM, Saturday: 11:00 AM – 11:00 PM, Sunday: 3:00 – 11:00 PM",Royal Nyc,1,Today was first day visiting this store they service very slow and don’t care person who in line first,a year ago
Sapphire Factory Outlet,"1.5 Kilometers Warburton Road Ferozwatwan, Dist, Feroze Wattwan, 39181, Pakistan",(056) 3731431,N/A,"Monday: 9:00 AM – 5:00 PM, Tuesday: 9:00 AM – 5:00 PM, Wednesday: 9:00 AM – 5:00 PM, Thursday: 9:00 AM – 5:00 PM, Friday: 9:00 AM – 1:00 PM, 2:00 – 5:00 PM, Saturday: 9:00 AM – 5:00 PM, Sunday: 9:00 AM – 5:00 PM",Noor Ullah,5,This is Factory Outlet with discounted rates. It is advisable to often visit this factory outlet. You shall definitely get better clothing in cheaper rates.,3 months ago
Sapphire Factory Outlet,"1.5 Kilometers Warburton Road Ferozwatwan, Dist, Feroze Wattwan, 39181, Pakistan",(056) 3731431,N/A,"Monday: 9:00 AM – 5:00 PM, Tuesday: 9:00 AM – 5:00 PM, Wednesday: 9:00 AM – 5:00 PM, Thursday: 9:00 AM – 5:00 PM, Friday: 9:00 AM – 1:00 PM, 2:00 – 5:00 PM, Saturday: 9:00 AM – 5:00 PM, Sunday: 9:00 AM – 5:00 PM",Aoon Mujtaba (Aoon The Traveller),5,Highly recommended to visit. Prices are very affordable,2 months ago
Sapphire Factory Outlet,"1.5 Kilometers Warburton Road Ferozwatwan, Dist, Feroze Wattwan, 39181, Pakistan",(056) 3731431,N/A,"Monday: 9:00 AM – 5:00 PM, Tuesday: 9:00 AM – 5:00 PM, Wednesday: 9:00 AM – 5:00 PM, Thursday: 9:00 AM – 5:00 PM, Friday: 9:00 AM – 1:00 PM, 2:00 – 5:00 PM, Saturday: 9:00 AM – 5:00 PM, Sunday: 9:00 AM – 5:00 PM",Rabia Zeeshan,5,Great quality good staff member,2 months ago
Sapphire Factory Outlet,"1.5 Kilometers Warburton Road Ferozwatwan, Dist, Feroze Wattwan, 39181, Pakistan",(056) 3731431,N/A,"Monday: 9:00 AM – 5:00 PM, Tuesday: 9:00 AM – 5:00 PM, Wednesday: 9:00 AM – 5:00 PM, Thursday: 9:00 AM – 5:00 PM, Friday: 9:00 AM – 1:00 PM, 2:00 – 5:00 PM, Saturday: 9:00 AM – 5:00 PM, Sunday: 9:00 AM – 5:00 PM",Sarmad Zaid,5,"I personally visit factory outlet from Faisalabad. I feel that there is lot of ladies variety the staff behaviour so good and quality is so good.
But I requested to sapphire make a discount on 3 piece article.
I suggest if you launch a whatssap group to update a latest article it will helpful to customer to aware new article.
Sarmad zaid",a year ago
Sapphire Factory Outlet,"1.5 Kilometers Warburton Road Ferozwatwan, Dist, Feroze Wattwan, 39181, Pakistan",(056) 3731431,N/A,"Monday: 9:00 AM – 5:00 PM, Tuesday: 9:00 AM – 5:00 PM, Wednesday: 9:00 AM – 5:00 PM, Thursday: 9:00 AM – 5:00 PM, Friday: 9:00 AM – 1:00 PM, 2:00 – 5:00 PM, Saturday: 9:00 AM – 5:00 PM, Sunday: 9:00 AM – 5:00 PM",MK khan,4,Good shopping place for ladies stitched and unstitched garments. The staff is cooperative. Variety is available.. discounts of different % age are also available,a year ago
Sapphire LuckyOne Mall,"LuckyOne Mall, Shop No. G33/F22-23 LA-2/B, Block 21، Rashid Minhas Rd, opp. UBL Sports Complex، Block 5 Block 21 Gulshan-e-Iqbal, Karachi, Pakistan",(021) 37181029,https://pk.sapphireonline.pk/,"Monday: 11:00 AM – 9:00 PM, Tuesday: 11:00 AM – 9:00 PM, Wednesday: 11:00 AM – 9:00 PM, Thursday: 11:00 AM – 9:00 PM, Friday: 3:00 – 9:00 PM, Saturday: 11:00 AM – 9:00 PM, Sunday: 11:00 AM – 9:00 PM",humara tv,5,Love to visit this place its one of  best and cleanest mall in karachi and one can do shopping  enjoy games and eat good food,2 months ago
Sapphire LuckyOne Mall,"LuckyOne Mall, Shop No. G33/F22-23 LA-2/B, Block 21، Rashid Minhas Rd, opp. UBL Sports Complex، Block 5 Block 21 Gulshan-e-Iqbal, Karachi, Pakistan",(021) 37181029,https://pk.sapphireonline.pk/,"Monday: 11:00 AM – 9:00 PM, Tuesday: 11:00 AM – 9:00 PM, Wednesday: 11:00 AM – 9:00 PM, Thursday: 11:00 AM – 9:00 PM, Friday: 3:00 – 9:00 PM, Saturday: 11:00 AM – 9:00 PM, Sunday: 11:00 AM – 9:00 PM",Alishba Ghulam Muhammad,4,"They have such a good variety and their services are supper friendly. Sapphire is known for offering high quality products. they have variety of men, women and kids, making it a one-stop shop for families",6 months ago
Sapphire LuckyOne Mall,"LuckyOne Mall, Shop No. G33/F22-23 LA-2/B, Block 21، Rashid Minhas Rd, opp. UBL Sports Complex، Block 5 Block 21 Gulshan-e-Iqbal, Karachi, Pakistan",(021) 37181029,https://pk.sapphireonline.pk/,"Monday: 11:00 AM – 9:00 PM, Tuesday: 11:00 AM – 9:00 PM, Wednesday: 11:00 AM – 9:00 PM, Thursday: 11:00 AM – 9:00 PM, Friday: 3:00 – 9:00 PM, Saturday: 11:00 AM – 9:00 PM, Sunday: 11:00 AM – 9:00 PM",Hira Saleem,1,"I’m utterly disappointed with the poor customer service of Sapphire. I received my order on the 3rd of July which was a SCAM not sure from the brand’s end or thw courier company’s. It’s been more than 25 days and still I have no solution after talking to managers, representatives etc. Ali from Lahore office, Waqas/Wasim and all these managerial people have also been of ZERO HELP. According to all these people, I should’ve received my refund long ago. I’ve wasted my money, my time and my energy on a brand with zero care for its customers.
Extremely disappointed. Poor customer service and never am I going to order again after I get my refund and I’ll make sure I get that. Please at least train your customer representatives with the same processes because each person has a different story.",7 months ago
Sapphire LuckyOne Mall,"LuckyOne Mall, Shop No. G33/F22-23 LA-2/B, Block 21، Rashid Minhas Rd, opp. UBL Sports Complex، Block 5 Block 21 Gulshan-e-Iqbal, Karachi, Pakistan",(021) 37181029,https://pk.sapphireonline.pk/,"Monday: 11:00 AM – 9:00 PM, Tuesday: 11:00 AM – 9:00 PM, Wednesday: 11:00 AM – 9:00 PM, Thursday: 11:00 AM – 9:00 PM, Friday: 3:00 – 9:00 PM, Saturday: 11:00 AM – 9:00 PM, Sunday: 11:00 AM – 9:00 PM",Rohama Amir,5,"Amazing customer service! 💯 Rubaida the manager is the most professional and sweetest person I have come across. I was overcharged at the DMC branch and she assisted me wholeheartedly. She looked into the matter and crosschecked the prices from her system and the website and resolved the matter for me. I was indeed overcharged. Her customer service was a breath of fresh air and I believe she and her team at luckyone are great assets to Saphhire customer service. I am always greeted with such professionalism and enthusiasm.
The DMC branch (especially their manager) should get training on basic customer service etiquettes from the luckyone team.",8 months ago
Sapphire LuckyOne Mall,"LuckyOne Mall, Shop No. G33/F22-23 LA-2/B, Block 21، Rashid Minhas Rd, opp. UBL Sports Complex، Block 5 Block 21 Gulshan-e-Iqbal, Karachi, Pakistan",(021) 37181029,https://pk.sapphireonline.pk/,"Monday: 11:00 AM – 9:00 PM, Tuesday: 11:00 AM – 9:00 PM, Wednesday: 11:00 AM – 9:00 PM, Thursday: 11:00 AM – 9:00 PM, Friday: 3:00 – 9:00 PM, Saturday: 11:00 AM – 9:00 PM, Sunday: 11:00 AM – 9:00 PM",iqra khan,1,"Worst worst worst
Worst staff members, they make customers feel like we are buying their stuff for free.
Kindly trained your staff well and then run a brand.",6 months ago
Sapphire Clothes,"Building 220-B 3rd floor Awan Arcade, 4th Rd, B-Block Block B Satellite Town, Rawalpindi, 43600, Pakistan",(051) 7080155,https://pk.sapphireonline.pk/,"Monday: 10:00 AM – 11:00 PM, Tuesday: 10:00 AM – 11:00 PM, Wednesday: 10:00 AM – 11:00 PM, Thursday: 10:00 AM – 11:00 PM, Friday: 10:00 AM – 11:00 PM, Saturday: 10:00 AM – 11:00 PM, Sunday: 10:00 AM – 11:00 PM",Tariq Hameed Asif,5,"Sapphire Clothes in Satellite Town, Rawalpindi, offers a luxurious shopping experience that combines elegance with convenience. From the moment you step into the store, you're greeted with a wide array of exquisite clothing options, ranging from casual wear to formal attire.

The quality of the fabrics and craftsmanship is top-notch, reflecting Sapphire's commitment to excellence. Each piece exudes sophistication and style, making it a perfect choice for any occasion.

The staff at Sapphire Clothes are knowledgeable and attentive, providing personalized assistance to help you find the perfect outfit. Whether you're looking for a trendy ensemble or a timeless classic, they go above and beyond to ensure your shopping experience is enjoyable and satisfying.

Moreover, the store's layout and ambiance create a welcoming environment that enhances the overall shopping experience. It's easy to navigate through the various sections, allowing you to explore their collection with ease.",11 months ago
Sapphire Clothes,"Building 220-B 3rd floor Awan Arcade, 4th Rd, B-Block Block B Satellite Town, Rawalpindi, 43600, Pakistan",(051) 7080155,https://pk.sapphireonline.pk/,"Monday: 10:00 AM – 11:00 PM, Tuesday: 10:00 AM – 11:00 PM, Wednesday: 10:00 AM – 11:00 PM, Thursday: 10:00 AM – 11:00 PM, Friday: 10:00 AM – 11:00 PM, Saturday: 10:00 AM – 11:00 PM, Sunday: 10:00 AM – 11:00 PM",Hammad Aslam,1,Horrible customer care. Bought an unstitched suit (not on discount sale) and they gave a torn packing. When asked to change the plastic bag they refused that it cannot be changed. Requested for a gift box which was white in colour having dirty marks on its top. Requested them to change it and they informed that its the only piece they have. Somehow i got a feeling that they are just sitting there to loot customers of their money and once the bill is paid they start refusing to every request. Never going to Sapphire again. Please beware of their services and specially the defected items they give to customers.,2 months ago
Sapphire Clothes,"Building 220-B 3rd floor Awan Arcade, 4th Rd, B-Block Block B Satellite Town, Rawalpindi, 43600, Pakistan",(051) 7080155,https://pk.sapphireonline.pk/,"Monday: 10:00 AM – 11:00 PM, Tuesday: 10:00 AM – 11:00 PM, Wednesday: 10:00 AM – 11:00 PM, Thursday: 10:00 AM – 11:00 PM, Friday: 10:00 AM – 11:00 PM, Saturday: 10:00 AM – 11:00 PM, Sunday: 10:00 AM – 11:00 PM",Saaqqii Saaqii,1,They are very good brand but their policy of not exchanging sale's stuff is not good at all. At least they should change the size. This is totally unfair,a month ago
Sapphire Clothes,"Building 220-B 3rd floor Awan Arcade, 4th Rd, B-Block Block B Satellite Town, Rawalpindi, 43600, Pakistan",(051) 7080155,https://pk.sapphireonline.pk/,"Monday: 10:00 AM – 11:00 PM, Tuesday: 10:00 AM – 11:00 PM, Wednesday: 10:00 AM – 11:00 PM, Thursday: 10:00 AM – 11:00 PM, Friday: 10:00 AM – 11:00 PM, Saturday: 10:00 AM – 11:00 PM, Sunday: 10:00 AM – 11:00 PM",Safdar Ali Qureshi,5,"Sapphire's clothing store offers online shopping for unstitched lawn, women's ready to wear dresses, men's kurta design, makeup, bedsheets, west, kids.
Sapphire Textile (سفائر ٹیکسٹائل) is a Pakistani textile and retail company based in Lahore, Pakistan.Sapphire Textile Mills Limited was incorporated in Pakistan on 11 March 1969 as a public limited company under the Companies Act, 1913 (now the Companies Act, 2017). The Company is principally engaged in manufacturing and sale of yarn, fabrics, home textile products, finishing, stitching and printing of fabrics.",a year ago
Sapphire Clothes,"Building 220-B 3rd floor Awan Arcade, 4th Rd, B-Block Block B Satellite Town, Rawalpindi, 43600, Pakistan",(051) 7080155,https://pk.sapphireonline.pk/,"Monday: 10:00 AM – 11:00 PM, Tuesday: 10:00 AM – 11:00 PM, Wednesday: 10:00 AM – 11:00 PM, Thursday: 10:00 AM – 11:00 PM, Friday: 10:00 AM – 11:00 PM, Saturday: 10:00 AM – 11:00 PM, Sunday: 10:00 AM – 11:00 PM",sahar afshan,1,"Very bad experience on sapphire 4th road B block satellite town Rawalpindi outlet.The salesgirl on makeup counter,is misbehaving,veryy roud salesgirl. Veryyyy disappointed with this kind of behaviour from Sapphire.👎🏻👎🏻👎🏻👎🏻👎🏻👎🏻👎🏻👎🏻👎🏻👎🏻👎🏻👎🏻",4 months ago
Sapphire - Allama Iqbal Town,"Shop No، 13، پاک بلاک Pak Block علامہ اقبال ٹاؤن، لاہور, 54000, Pakistan",(042) 37800944,https://pk.sapphireonline.pk/,"Monday: 11:00 AM – 11:00 PM, Tuesday: 11:00 AM – 11:00 PM, Wednesday: 11:00 AM – 11:00 PM, Thursday: 11:00 AM – 11:00 PM, Friday: 11:00 AM – 10:00 PM, Saturday: 11:00 AM – 11:00 PM, Sunday: 2:00 – 11:00 PM",Tayyab Ig,4,"Good stuff and best quality stitch and unstich here
But they have to at least give shopping bag complimentary but they charge
If they want to sale their shopping bag then remove their name from it",4 months ago
Sapphire - Allama Iqbal Town,"Shop No، 13، پاک بلاک Pak Block علامہ اقبال ٹاؤن، لاہور, 54000, Pakistan",(042) 37800944,https://pk.sapphireonline.pk/,"Monday: 11:00 AM – 11:00 PM, Tuesday: 11:00 AM – 11:00 PM, Wednesday: 11:00 AM – 11:00 PM, Thursday: 11:00 AM – 11:00 PM, Friday: 11:00 AM – 10:00 PM, Saturday: 11:00 AM – 11:00 PM, Sunday: 2:00 – 11:00 PM",Ambz Jari,3,"The Sapphire branch in Allama Iqbal Town, Lahore, has room for improvement in a few key areas. While the brand is known for its stylish and high-quality clothing, this particular branch lacks a wide range of variety in their offerings. Additionally, it is disappointing to note that stitched clothes in XL+ sizes were not available during my visit. Expanding the product range and including more size options would greatly enhance the shopping experience at this location",in the last week
Sapphire - Allama Iqbal Town,"Shop No، 13، پاک بلاک Pak Block علامہ اقبال ٹاؤن، لاہور, 54000, Pakistan",(042) 37800944,https://pk.sapphireonline.pk/,"Monday: 11:00 AM – 11:00 PM, Tuesday: 11:00 AM – 11:00 PM, Wednesday: 11:00 AM – 11:00 PM, Thursday: 11:00 AM – 11:00 PM, Friday: 11:00 AM – 10:00 PM, Saturday: 11:00 AM – 11:00 PM, Sunday: 2:00 – 11:00 PM",Rafia Siddiqui,4,Their outfits are good. They are providing high quality fabrics and elegant designs.,3 months ago
Sapphire - Allama Iqbal Town,"Shop No، 13، پاک بلاک Pak Block علامہ اقبال ٹاؤن، لاہور, 54000, Pakistan",(042) 37800944,https://pk.sapphireonline.pk/,"Monday: 11:00 AM – 11:00 PM, Tuesday: 11:00 AM – 11:00 PM, Wednesday: 11:00 AM – 11:00 PM, Thursday: 11:00 AM – 11:00 PM, Friday: 11:00 AM – 10:00 PM, Saturday: 11:00 AM – 11:00 PM, Sunday: 2:00 – 11:00 PM",Azhar Masood,5,"Great place to buy some very good stuff of lawn and other female dresses in a reasonable price.
The quality and stuff is very good and is widely applauded by its customers.
This office and its services are up to the mark and the staff is very cooperative and nice.
Worth visiting place to buy and enjoy good shoping in a very friendly and beautiful environment.",5 years ago
Sapphire - Allama Iqbal Town,"Shop No، 13، پاک بلاک Pak Block علامہ اقبال ٹاؤن، لاہور, 54000, Pakistan",(042) 37800944,https://pk.sapphireonline.pk/,"Monday: 11:00 AM – 11:00 PM, Tuesday: 11:00 AM – 11:00 PM, Wednesday: 11:00 AM – 11:00 PM, Thursday: 11:00 AM – 11:00 PM, Friday: 11:00 AM – 10:00 PM, Saturday: 11:00 AM – 11:00 PM, Sunday: 2:00 – 11:00 PM",Mian Umer,1,"One of the worst and non cooperative staff……
Manager is blaming me like I paid shit instead of Money…..They don’t answer the phone calls and making lame excuses for nothing. Manger has taken business number to his home. Never coming back to this shop.",2 months ago
SAPPHIRE,"81 Girls College Rd, B-VII old civil lines, Sahiwal, 57000, Pakistan",(040) 4509069,https://pk.sapphireonline.pk/,"Monday: 11:00 AM – 11:00 PM, Tuesday: 11:00 AM – 11:00 PM, Wednesday: 11:00 AM – 11:00 PM, Thursday: 11:00 AM – 11:00 PM, Friday: 3:00 – 11:00 PM, Saturday: 11:00 AM – 11:00 PM, Sunday: 11:00 AM – 11:00 PM",Shakila Ch,3,Expensive ClOthing brand.NOt satisfied with prices. MOst Of us can't affOrd.,a year ago
SAPPHIRE,"81 Girls College Rd, B-VII old civil lines, Sahiwal, 57000, Pakistan",(040) 4509069,https://pk.sapphireonline.pk/,"Monday: 11:00 AM – 11:00 PM, Tuesday: 11:00 AM – 11:00 PM, Wednesday: 11:00 AM – 11:00 PM, Thursday: 11:00 AM – 11:00 PM, Friday: 3:00 – 11:00 PM, Saturday: 11:00 AM – 11:00 PM, Sunday: 11:00 AM – 11:00 PM",Mahnoor Naveed,2,"Staff was so rude. I asked them to show me the lawn articles but the girl there didn’t bother to show. There was no one to remove the tags. In big cities like Lahore staff is so cooperative. Sapphire also needs to pay attention on the staff of small cities like Sahiwal.
Btw love the designs👍",a year ago
SAPPHIRE,"81 Girls College Rd, B-VII old civil lines, Sahiwal, 57000, Pakistan",(040) 4509069,https://pk.sapphireonline.pk/,"Monday: 11:00 AM – 11:00 PM, Tuesday: 11:00 AM – 11:00 PM, Wednesday: 11:00 AM – 11:00 PM, Thursday: 11:00 AM – 11:00 PM, Friday: 3:00 – 11:00 PM, Saturday: 11:00 AM – 11:00 PM, Sunday: 11:00 AM – 11:00 PM",Shaista Zeb,4,"Yes, like it, when store had sale , quality is good and 50% discount gives you plenty of choice in shopping. When they say its flat and entire store, yes it was entire stock on half price.",2 years ago
SAPPHIRE,"81 Girls College Rd, B-VII old civil lines, Sahiwal, 57000, Pakistan",(040) 4509069,https://pk.sapphireonline.pk/,"Monday: 11:00 AM – 11:00 PM, Tuesday: 11:00 AM – 11:00 PM, Wednesday: 11:00 AM – 11:00 PM, Thursday: 11:00 AM – 11:00 PM, Friday: 3:00 – 11:00 PM, Saturday: 11:00 AM – 11:00 PM, Sunday: 11:00 AM – 11:00 PM",Sheikh Bilal,5,Favorite Store in the town,in the last week
SAPPHIRE,"81 Girls College Rd, B-VII old civil lines, Sahiwal, 57000, Pakistan",(040) 4509069,https://pk.sapphireonline.pk/,"Monday: 11:00 AM – 11:00 PM, Tuesday: 11:00 AM – 11:00 PM, Wednesday: 11:00 AM – 11:00 PM, Thursday: 11:00 AM – 11:00 PM, Friday: 3:00 – 11:00 PM, Saturday: 11:00 AM – 11:00 PM, Sunday: 11:00 AM – 11:00 PM",Muhammad Umair,5,Good Quality,5 months ago
Sapphire Gujrat,"Muslimabad Plot # 1205-A/RH, Katchery Road, Muslimabad, Gujrat, 50700, Pakistan",0331 5195446,https://pk.sapphireonline.pk/,"Monday: 11:00 AM – 10:00 PM, Tuesday: 11:00 AM – 10:00 PM, Wednesday: 11:00 AM – 10:00 PM, Thursday: 11:00 AM – 10:00 PM, Friday: 3:00 – 10:00 PM, Saturday: 11:00 AM – 10:00 PM, Sunday: 11:00 AM – 10:00 PM",Asad Raza,1,"I had a very disappointing experience at this store. The staff, especially the cashier, were unprofessional and not courteous, which made the visit unpleasant. To make things worse, we selected two clothes after spending time choosing, but later they informed us that those items were not in stock. The staff didn’t tell us that the clothes displayed were not available in stock, which wasted even more of our time. Definitely not the kind of service I expected.",a month ago
Sapphire Gujrat,"Muslimabad Plot # 1205-A/RH, Katchery Road, Muslimabad, Gujrat, 50700, Pakistan",0331 5195446,https://pk.sapphireonline.pk/,"Monday: 11:00 AM – 10:00 PM, Tuesday: 11:00 AM – 10:00 PM, Wednesday: 11:00 AM – 10:00 PM, Thursday: 11:00 AM – 10:00 PM, Friday: 3:00 – 10:00 PM, Saturday: 11:00 AM – 10:00 PM, Sunday: 11:00 AM – 10:00 PM",Arrchak Randhawa,1,"Just okay
They even don't give shopping bag and humiliate you about it by asking do you want the shopping bag and
Oh man it looks like I am standing on charity circle and theses are giving you charity
I am trying not to go such type of shops taking taxes and treated you like this it's hell to bear such kind of ambience.
You can have different views you make feel comfortable.
You may praise such attitude
But I can't bear such nonsense.
Good-by sapphire
You people are good for nothing.",a year ago
Sapphire Gujrat,"Muslimabad Plot # 1205-A/RH, Katchery Road, Muslimabad, Gujrat, 50700, Pakistan",0331 5195446,https://pk.sapphireonline.pk/,"Monday: 11:00 AM – 10:00 PM, Tuesday: 11:00 AM – 10:00 PM, Wednesday: 11:00 AM – 10:00 PM, Thursday: 11:00 AM – 10:00 PM, Friday: 3:00 – 10:00 PM, Saturday: 11:00 AM – 10:00 PM, Sunday: 11:00 AM – 10:00 PM",Naeem Chaudhry,1,"They are theif, have poor stuff of clothes with high prices.
i bought a dress from them after 1 time wash fades colour and i return that dress back as per their policy and they said sir hum aapko inform kr den gy tw bad men aa k aap iss dress k against koi aur dress le lena. After 1 month wait i asked that you never inform me and they said sir abi tk head office ny response ni kiya. They are totally haram",2 years ago
Sapphire Gujrat,"Muslimabad Plot # 1205-A/RH, Katchery Road, Muslimabad, Gujrat, 50700, Pakistan",0331 5195446,https://pk.sapphireonline.pk/,"Monday: 11:00 AM – 10:00 PM, Tuesday: 11:00 AM – 10:00 PM, Wednesday: 11:00 AM – 10:00 PM, Thursday: 11:00 AM – 10:00 PM, Friday: 3:00 – 10:00 PM, Saturday: 11:00 AM – 10:00 PM, Sunday: 11:00 AM – 10:00 PM",Muhammad Shoaib,5,"Very reasonable price, comfortable place.",2 years ago
Sapphire Gujrat,"Muslimabad Plot # 1205-A/RH, Katchery Road, Muslimabad, Gujrat, 50700, Pakistan",0331 5195446,https://pk.sapphireonline.pk/,"Monday: 11:00 AM – 10:00 PM, Tuesday: 11:00 AM – 10:00 PM, Wednesday: 11:00 AM – 10:00 PM, Thursday: 11:00 AM – 10:00 PM, Friday: 3:00 – 10:00 PM, Saturday: 11:00 AM – 10:00 PM, Sunday: 11:00 AM – 10:00 PM",Navid Khalid,4,"Good shopping experience, but there is no stuff for gift wrapping. This can be more attractive if gift wrapping is added.",a year ago
Sapphire,"Packages Mall, Second Floor, Outlet # 2002، Nishtar Town, Lahore, Pakistan",(042) 38303340,https://pk.sapphireonline.pk/,"Monday: 11:00 AM – 11:00 PM, Tuesday: 11:00 AM – 11:00 PM, Wednesday: 11:00 AM – 11:00 PM, Thursday: 11:00 AM – 11:00 PM, Friday: 11:00 AM – 12:00 AM, Saturday: 11:00 AM – 12:00 AM, Sunday: 11:00 AM – 11:00 PM",Bilal Ahmed Khan (DrBill),5,"One of the flagship store in Pakistan, beautifully designed inside the packages mall area. They have clothes mainly for women bit cater men's clothes as well. There is huge place in front of it for kids to play while you shop.",2 years ago
Sapphire,"Packages Mall, Second Floor, Outlet # 2002، Nishtar Town, Lahore, Pakistan",(042) 38303340,https://pk.sapphireonline.pk/,"Monday: 11:00 AM – 11:00 PM, Tuesday: 11:00 AM – 11:00 PM, Wednesday: 11:00 AM – 11:00 PM, Thursday: 11:00 AM – 11:00 PM, Friday: 11:00 AM – 12:00 AM, Saturday: 11:00 AM – 12:00 AM, Sunday: 11:00 AM – 11:00 PM",city cars,1,"Disappointing Customer Service Experience

Visited the store yesterday with my wife, looking for abayas. We came all the way from Bahria Town, hoping for a good shopping experience. Unfortunately, it was anything but that.

We encountered Syed Mohsin while trying to find a dressing room. He kept changing his statements, first saying there were no dressing rooms, then claiming the Abaya couldn't be used because they were white and might get dirty, and finally saying the item was on sale, so it couldn't be tried on. Strangely, the price tag showed no discount, and when I inquired, he mentioned discounts were only online or starting the next day.

The inconsistency and lack of clear communication were frustrating, especially as we were just trying to shop peacefully. Ultimately, we left without purchasing and went to Sapphire Emporium, where the staff were far more accommodating and professional, allowing my wife to try on items before buying.

This experience was disappointing and a waste of time. I hope the store management addresses such issues to improve customer service.",3 months ago
Sapphire,"Packages Mall, Second Floor, Outlet # 2002، Nishtar Town, Lahore, Pakistan",(042) 38303340,https://pk.sapphireonline.pk/,"Monday: 11:00 AM – 11:00 PM, Tuesday: 11:00 AM – 11:00 PM, Wednesday: 11:00 AM – 11:00 PM, Thursday: 11:00 AM – 11:00 PM, Friday: 11:00 AM – 12:00 AM, Saturday: 11:00 AM – 12:00 AM, Sunday: 11:00 AM – 11:00 PM",Eisha Shahzad,1,A button broke off from brand new pants I had bought from here. Staff was uncooperative in fixing it or replacing the pants. Waste of money and very poor customer service,3 months ago
Sapphire,"Packages Mall, Second Floor, Outlet # 2002، Nishtar Town, Lahore, Pakistan",(042) 38303340,https://pk.sapphireonline.pk/,"Monday: 11:00 AM – 11:00 PM, Tuesday: 11:00 AM – 11:00 PM, Wednesday: 11:00 AM – 11:00 PM, Thursday: 11:00 AM – 11:00 PM, Friday: 11:00 AM – 12:00 AM, Saturday: 11:00 AM – 12:00 AM, Sunday: 11:00 AM – 11:00 PM",Obaidz,5,"In the Pakistani fashion market, Sapphire is a well-known brand, and the fact that it is now available at Packages Mall only serves to increase its popularity. Sapphire offers an extensive collection of clothing items, including ready-to-wear ensembles, unstitched fabric, and products. Sapphire is known for its magnificent and modern designs. They are a favorite among those who are fashion-forward because their collections frequently include outstanding color combinations and gorgeous embroidery.",5 months ago
Sapphire,"Packages Mall, Second Floor, Outlet # 2002، Nishtar Town, Lahore, Pakistan",(042) 38303340,https://pk.sapphireonline.pk/,"Monday: 11:00 AM – 11:00 PM, Tuesday: 11:00 AM – 11:00 PM, Wednesday: 11:00 AM – 11:00 PM, Thursday: 11:00 AM – 11:00 PM, Friday: 11:00 AM – 12:00 AM, Saturday: 11:00 AM – 12:00 AM, Sunday: 11:00 AM – 11:00 PM",Ali Hamza Khan,5,A very good brand with decent and variety of designs of dresses especially for women and men. This branch at packages has a very good interior with 2 floors. You'll find a full variety over here when you visit. They have also started selling perfumes and mist for men and women Also staff is very friendly and you'll get card+ cash payment facility.,2 years ago
Sapphire Peshawar,"Sapphire, University Rd, adjacent with Jazz Building, Tehkal, Peshawar, Pakistan",(091) 5846666,https://pk.sapphireonline.pk/,"Monday: 10:00 AM – 10:00 PM, Tuesday: 10:00 AM – 10:00 PM, Wednesday: 10:00 AM – 10:00 PM, Thursday: 10:00 AM – 10:00 PM, Friday: 10:00 AM – 10:00 PM, Saturday: 10:00 AM – 10:00 PM, Sunday: 10:00 AM – 10:00 PM",Farooq Zazai,3,Although female clothes are good but I would say much expensive. Recently I bought one dress of khaddar fabric and when I paid the bill of 5990 and they took 6 thousands which means 10 pkr they are earning is totally Haram. They must give 10 pkr back to customers whether are taking or not.,2 years ago
Sapphire Peshawar,"Sapphire, University Rd, adjacent with Jazz Building, Tehkal, Peshawar, Pakistan",(091) 5846666,https://pk.sapphireonline.pk/,"Monday: 10:00 AM – 10:00 PM, Tuesday: 10:00 AM – 10:00 PM, Wednesday: 10:00 AM – 10:00 PM, Thursday: 10:00 AM – 10:00 PM, Friday: 10:00 AM – 10:00 PM, Saturday: 10:00 AM – 10:00 PM, Sunday: 10:00 AM – 10:00 PM",Muhib Ullah,4,"SAPPHIRE exceeded my expectations! Comfortable, stylish, and affordable - their clothing has become my go-to. Quality materials, vibrant colors, and flawless designs make every piece a standout. Highly recommend!""",5 months ago
Sapphire Peshawar,"Sapphire, University Rd, adjacent with Jazz Building, Tehkal, Peshawar, Pakistan",(091) 5846666,https://pk.sapphireonline.pk/,"Monday: 10:00 AM – 10:00 PM, Tuesday: 10:00 AM – 10:00 PM, Wednesday: 10:00 AM – 10:00 PM, Thursday: 10:00 AM – 10:00 PM, Friday: 10:00 AM – 10:00 PM, Saturday: 10:00 AM – 10:00 PM, Sunday: 10:00 AM – 10:00 PM",abdul ali,1,Pathetic service whenever you order online ..always have missing items ...better not to shop online ..,3 months ago
Sapphire Peshawar,"Sapphire, University Rd, adjacent with Jazz Building, Tehkal, Peshawar, Pakistan",(091) 5846666,https://pk.sapphireonline.pk/,"Monday: 10:00 AM – 10:00 PM, Tuesday: 10:00 AM – 10:00 PM, Wednesday: 10:00 AM – 10:00 PM, Thursday: 10:00 AM – 10:00 PM, Friday: 10:00 AM – 10:00 PM, Saturday: 10:00 AM – 10:00 PM, Sunday: 10:00 AM – 10:00 PM",ASIF NADEEM,2,"Though they have a very large collection,  the staff needs to learn a lot.  They don't guide the customers at all.  They misbehave with the customers.  Customers of such an elite brand deserve atleast a respectful behaviour.  Won't recommend the Peshawar outlet.",a year ago
Sapphire Peshawar,"Sapphire, University Rd, adjacent with Jazz Building, Tehkal, Peshawar, Pakistan",(091) 5846666,https://pk.sapphireonline.pk/,"Monday: 10:00 AM – 10:00 PM, Tuesday: 10:00 AM – 10:00 PM, Wednesday: 10:00 AM – 10:00 PM, Thursday: 10:00 AM – 10:00 PM, Friday: 10:00 AM – 10:00 PM, Saturday: 10:00 AM – 10:00 PM, Sunday: 10:00 AM – 10:00 PM",Ayaan Khan,5,"Google map is always very helpful
Love to use it",3 months ago
Sapphire Saddar,"60-B Adam Jee Rd, Saddar, Rawalpindi, 43600, Pakistan",(051) 5120309,https://pk.sapphireonline.pk/,"Monday: 11:00 AM – 11:00 PM, Tuesday: 11:00 AM – 11:00 PM, Wednesday: 11:00 AM – 11:00 PM, Thursday: 11:00 AM – 11:00 PM, Friday: 11:00 AM – 11:00 PM, Saturday: 11:00 AM – 11:00 PM, Sunday: 11:00 AM – 11:00 PM",Muhammad Latif,4,"Located in the bustling heart of Saddar, Rawalpindi, the Sapphire Store is a haven for fashion enthusiasts seeking a diverse range of clothing and accessories.  This spacious store boasts a modern design, showcasing the brand's latest collections for women, men, and children. Whether you're drawn to the vibrant hues and intricate embroidery of their unstitched lawn suits, the chic elegance of their ready-to-wear pret collection, or the comfortable styles of their menswear, Sapphire caters to various tastes and budgets. The store also features a dedicated section for homeware, where you can find stylish bedsheets, cushions, and other decorative items to elevate your living space. Helpful staff are always on hand to assist you, making your shopping experience smooth and enjoyable. With its trendy offerings and convenient location, the Sapphire Store in Saddar is a one-stop shop for those seeking to update their wardrobes and add a touch of Pakistani fashion flair to their homes.",a year ago
Sapphire Saddar,"60-B Adam Jee Rd, Saddar, Rawalpindi, 43600, Pakistan",(051) 5120309,https://pk.sapphireonline.pk/,"Monday: 11:00 AM – 11:00 PM, Tuesday: 11:00 AM – 11:00 PM, Wednesday: 11:00 AM – 11:00 PM, Thursday: 11:00 AM – 11:00 PM, Friday: 11:00 AM – 11:00 PM, Saturday: 11:00 AM – 11:00 PM, Sunday: 11:00 AM – 11:00 PM",Ahsan Hussain,1,"Poor concept of sale, flat 40 & 50. Racks were empty staff behavior was up appropriate, they threw stuff like
احسان جتا رھے ھیں.
No of working counters was 2 while there were 4 lanes. Online & customer services are pathetic, one suit was defected (not available on any store aftet multiple messages they like GOD offer compensation of 400pkr, a perfume which was also defected).",2 months ago
Sapphire Saddar,"60-B Adam Jee Rd, Saddar, Rawalpindi, 43600, Pakistan",(051) 5120309,https://pk.sapphireonline.pk/,"Monday: 11:00 AM – 11:00 PM, Tuesday: 11:00 AM – 11:00 PM, Wednesday: 11:00 AM – 11:00 PM, Thursday: 11:00 AM – 11:00 PM, Friday: 11:00 AM – 11:00 PM, Saturday: 11:00 AM – 11:00 PM, Sunday: 11:00 AM – 11:00 PM",Rida Noor,4,"The environment was great but the numbers of helpers are very less as compared to huge number of customers.
People have to wait for employee for some minutes to come and take out dress to counter. Hire more employees save our time.",3 months ago
Sapphire Saddar,"60-B Adam Jee Rd, Saddar, Rawalpindi, 43600, Pakistan",(051) 5120309,https://pk.sapphireonline.pk/,"Monday: 11:00 AM – 11:00 PM, Tuesday: 11:00 AM – 11:00 PM, Wednesday: 11:00 AM – 11:00 PM, Thursday: 11:00 AM – 11:00 PM, Friday: 11:00 AM – 11:00 PM, Saturday: 11:00 AM – 11:00 PM, Sunday: 11:00 AM – 11:00 PM",Avais Sherani,5,"It is the staff at this location which makes it stand out from other branches, really helpful and amazing customer service. The store has also been expanded and has now three floors:
Basement: Menswear and Home
Ground Floor: Pret, Fragrances, Checkout Counter
First Floor: Women Ready to Wear, & Kids.
Tge location of Sadar is irritating, however surprisingly this is a nice store. Would recommend this over the stores in malls especially Centaurus, where get really busy and it takes its toll on the staff.",4 years ago
Sapphire Saddar,"60-B Adam Jee Rd, Saddar, Rawalpindi, 43600, Pakistan",(051) 5120309,https://pk.sapphireonline.pk/,"Monday: 11:00 AM – 11:00 PM, Tuesday: 11:00 AM – 11:00 PM, Wednesday: 11:00 AM – 11:00 PM, Thursday: 11:00 AM – 11:00 PM, Friday: 11:00 AM – 11:00 PM, Saturday: 11:00 AM – 11:00 PM, Sunday: 11:00 AM – 11:00 PM",PAKISTANI junoon,3,"The place was alright not very bad but for some reasons I don’t like my experience
Even i like  their fabric and designs and rates were 50/50 you know and what i want them to change is that’s just their behaviour i mean you’re giving such an expensive products and still not behaving well then it’s a question mark",11 months ago
SAPPHIRE NEXT GEN STORE,"204 - Y Block، Sector Y DHA Phase 3, Lahore, Pakistan",(042) 35741272,https://pk.sapphireonline.pk/,"Monday: 11:00 AM – 10:00 PM, Tuesday: 11:00 AM – 10:00 PM, Wednesday: 11:00 AM – 10:00 PM, Thursday: 11:00 AM – 10:00 PM, Friday: 11:00 AM – 10:00 PM, Saturday: 11:00 AM – 10:00 PM, Sunday: 2:00 – 10:00 PM",Tabish Malik,1,"Just visit your Y block outlet even the second day of your so called flat 40% & 50% sale. Just time waste empty shop even the second day of the sale.  Need to improve your planning & supplies.
Even none of the display article was in store for purchase.
Very disappointing.",2 months ago
SAPPHIRE NEXT GEN STORE,"204 - Y Block، Sector Y DHA Phase 3, Lahore, Pakistan",(042) 35741272,https://pk.sapphireonline.pk/,"Monday: 11:00 AM – 10:00 PM, Tuesday: 11:00 AM – 10:00 PM, Wednesday: 11:00 AM – 10:00 PM, Thursday: 11:00 AM – 10:00 PM, Friday: 11:00 AM – 10:00 PM, Saturday: 11:00 AM – 10:00 PM, Sunday: 2:00 – 10:00 PM",Osman Rashid,4,Multi level huge store having full variety for ladies clothing stitched and unstitched.,8 months ago
SAPPHIRE NEXT GEN STORE,"204 - Y Block، Sector Y DHA Phase 3, Lahore, Pakistan",(042) 35741272,https://pk.sapphireonline.pk/,"Monday: 11:00 AM – 10:00 PM, Tuesday: 11:00 AM – 10:00 PM, Wednesday: 11:00 AM – 10:00 PM, Thursday: 11:00 AM – 10:00 PM, Friday: 11:00 AM – 10:00 PM, Saturday: 11:00 AM – 10:00 PM, Sunday: 2:00 – 10:00 PM",arslan shaukat,4,It's definitely worth visiting.  I would like to write about the Ambience and atmosphere the sapphire team has created for their latest store in Y block. As a real estate developer I am in love with the store design and of course the Sapphire Men range is super as always.,a year ago
SAPPHIRE NEXT GEN STORE,"204 - Y Block، Sector Y DHA Phase 3, Lahore, Pakistan",(042) 35741272,https://pk.sapphireonline.pk/,"Monday: 11:00 AM – 10:00 PM, Tuesday: 11:00 AM – 10:00 PM, Wednesday: 11:00 AM – 10:00 PM, Thursday: 11:00 AM – 10:00 PM, Friday: 11:00 AM – 10:00 PM, Saturday: 11:00 AM – 10:00 PM, Sunday: 2:00 – 10:00 PM",MINAHIL HUSSAIN,5,Liked everything about this store,8 months ago
SAPPHIRE NEXT GEN STORE,"204 - Y Block، Sector Y DHA Phase 3, Lahore, Pakistan",(042) 35741272,https://pk.sapphireonline.pk/,"Monday: 11:00 AM – 10:00 PM, Tuesday: 11:00 AM – 10:00 PM, Wednesday: 11:00 AM – 10:00 PM, Thursday: 11:00 AM – 10:00 PM, Friday: 11:00 AM – 10:00 PM, Saturday: 11:00 AM – 10:00 PM, Sunday: 2:00 – 10:00 PM",Ali Tarar,3,Staff wasn't helpful during my visit. Other customers may have different exp.,2 months ago
Sapphire - Sialkot,"V Mall, Sialkot Cantonment, Sialkot, Pakistan",(052) 4268805,https://pk.sapphireonline.pk/,"Monday: 11:00 AM – 11:00 PM, Tuesday: 11:00 AM – 11:00 PM, Wednesday: 11:00 AM – 11:00 PM, Thursday: 11:00 AM – 11:00 PM, Friday: 3:00 – 11:00 PM, Saturday: 11:00 AM – 11:00 PM, Sunday: 2:00 – 11:00 PM",Javvad Gilani,5,"90% women's stuff. Casual semi casual and party wears, dresses and accessories included shoes,  bags , hand bags, stoles etc all available here.
Prices are little higher but quality is also acceptable good.
But floors have unique decor and quiet spacious,  only overcrowded during seasonal sale events",5 years ago
Sapphire - Sialkot,"V Mall, Sialkot Cantonment, Sialkot, Pakistan",(052) 4268805,https://pk.sapphireonline.pk/,"Monday: 11:00 AM – 11:00 PM, Tuesday: 11:00 AM – 11:00 PM, Wednesday: 11:00 AM – 11:00 PM, Thursday: 11:00 AM – 11:00 PM, Friday: 3:00 – 11:00 PM, Saturday: 11:00 AM – 11:00 PM, Sunday: 2:00 – 11:00 PM",Sajjad Haider,5,A variety of stitch and unstitched ladies suites  and hand bag are available,5 years ago
Sapphire - Sialkot,"V Mall, Sialkot Cantonment, Sialkot, Pakistan",(052) 4268805,https://pk.sapphireonline.pk/,"Monday: 11:00 AM – 11:00 PM, Tuesday: 11:00 AM – 11:00 PM, Wednesday: 11:00 AM – 11:00 PM, Thursday: 11:00 AM – 11:00 PM, Friday: 3:00 – 11:00 PM, Saturday: 11:00 AM – 11:00 PM, Sunday: 2:00 – 11:00 PM",Ali Maqsood,1,"Recently visited the store at V-Mall Sialkot, and really disappointed with the poor customer dealing and unprofessional behavior exhibited by the staff members during the visit.

Despite the relatively low number of customers at the store, the staff showed no interest in dealing with customers, and there were no smiling faces. The overall demeanor of the staff was quite disappointing, with most interactions marked by rudeness.

I believe that customer service plays a crucial role in shaping the perception of a brand, and my recent experience has left me very unhappy.

I hope Sapphire can address these issues promptly to ensure a more positive and customer-friendly environment at your V-Mall Sialkot store. Thank you for your attention to this matter. I look forward to seeing improvements in the future.",a year ago
Sapphire - Sialkot,"V Mall, Sialkot Cantonment, Sialkot, Pakistan",(052) 4268805,https://pk.sapphireonline.pk/,"Monday: 11:00 AM – 11:00 PM, Tuesday: 11:00 AM – 11:00 PM, Wednesday: 11:00 AM – 11:00 PM, Thursday: 11:00 AM – 11:00 PM, Friday: 3:00 – 11:00 PM, Saturday: 11:00 AM – 11:00 PM, Sunday: 2:00 – 11:00 PM",Hamza Khalid Ghumman,4,"I visited Sapphire, V Mall, on a Sunday afternoon.
They open late, around 2 pm.
All cards, debits and credit, are accepted.
There are lots of parking spots too.
Since there were many sales at the time, most articles were out of stock already.
However, the staff were very helpful and polite, as expected.
Do pay close attention to the timings before you plan a visit as these shops open at really inconvenient times.",2 years ago
Sapphire - Sialkot,"V Mall, Sialkot Cantonment, Sialkot, Pakistan",(052) 4268805,https://pk.sapphireonline.pk/,"Monday: 11:00 AM – 11:00 PM, Tuesday: 11:00 AM – 11:00 PM, Wednesday: 11:00 AM – 11:00 PM, Thursday: 11:00 AM – 11:00 PM, Friday: 3:00 – 11:00 PM, Saturday: 11:00 AM – 11:00 PM, Sunday: 2:00 – 11:00 PM",Asim Arif,4,Great collection of female clothes. Ranging from Casual to Party wear. Excellent quality with great designs. Prices are on higher side though but overall its a great place to shop for clothes.,6 years ago
Sapphire - Emporium Mall,"Ground Floor, G-10 &، Nishat Emporium Mall، N بلاک Block N G-11، لاہور، Pakistan",(042) 32592256,https://pk.sapphireonline.pk/,"Monday: 11:00 AM – 10:00 PM, Tuesday: 11:00 AM – 10:00 PM, Wednesday: 11:00 AM – 10:00 PM, Thursday: 11:00 AM – 10:00 PM, Friday: 11:00 AM – 10:00 PM, Saturday: 11:00 AM – 10:00 PM, Sunday: 2:00 – 10:00 PM",Muhammad Nazim,1,"Totally pathetic products this year when we wasted our time and money here. On dummy they look fabulous and on yourself they make you look someone without any sense to dress.

You must not buy anything without trying as later there is no refund. I m case i first purchased around 4 items and then returned to purchase 6 items and paid extra. Now tomorrow i going for another exchange and return.",2 months ago
Sapphire - Emporium Mall,"Ground Floor, G-10 &، Nishat Emporium Mall، N بلاک Block N G-11، لاہور، Pakistan",(042) 32592256,https://pk.sapphireonline.pk/,"Monday: 11:00 AM – 10:00 PM, Tuesday: 11:00 AM – 10:00 PM, Wednesday: 11:00 AM – 10:00 PM, Thursday: 11:00 AM – 10:00 PM, Friday: 11:00 AM – 10:00 PM, Saturday: 11:00 AM – 10:00 PM, Sunday: 2:00 – 10:00 PM",Farooq Yahya Butt,5,"We received excellent customer service, with exceptionally friendly staff.  Special commendation is due to Ms. Nazia (i hope the name is correct), who went above and beyond to assist my mother in her selection.  Furthermore, we extend our gratitude to Store Manager Mr. Saqib for his surprisingly courteous demeanour.",2 months ago
Sapphire - Emporium Mall,"Ground Floor, G-10 &، Nishat Emporium Mall، N بلاک Block N G-11، لاہور، Pakistan",(042) 32592256,https://pk.sapphireonline.pk/,"Monday: 11:00 AM – 10:00 PM, Tuesday: 11:00 AM – 10:00 PM, Wednesday: 11:00 AM – 10:00 PM, Thursday: 11:00 AM – 10:00 PM, Friday: 11:00 AM – 10:00 PM, Saturday: 11:00 AM – 10:00 PM, Sunday: 2:00 – 10:00 PM",Areeba Junaid,1,"The staff in this area is pathetic, very uneducated, unprofessional, low-level, and the worst. Sapphire has fallen from its standards and is not up to the mark here. However, the DHA and Packages branches are comparatively better, with a significantly higher standard of staff representing their brand",2 months ago
Sapphire - Emporium Mall,"Ground Floor, G-10 &، Nishat Emporium Mall، N بلاک Block N G-11، لاہور، Pakistan",(042) 32592256,https://pk.sapphireonline.pk/,"Monday: 11:00 AM – 10:00 PM, Tuesday: 11:00 AM – 10:00 PM, Wednesday: 11:00 AM – 10:00 PM, Thursday: 11:00 AM – 10:00 PM, Friday: 11:00 AM – 10:00 PM, Saturday: 11:00 AM – 10:00 PM, Sunday: 2:00 – 10:00 PM",Muhammad Khawar Nazir,5,"Wheelchair ♿️ accessible.
Located at ground floor of emporium mall just at entrance corner.
Good quality & variety of products.
Staff is professional & cooperative.
Highly recommended.",a year ago
Sapphire - Emporium Mall,"Ground Floor, G-10 &، Nishat Emporium Mall، N بلاک Block N G-11، لاہور، Pakistan",(042) 32592256,https://pk.sapphireonline.pk/,"Monday: 11:00 AM – 10:00 PM, Tuesday: 11:00 AM – 10:00 PM, Wednesday: 11:00 AM – 10:00 PM, Thursday: 11:00 AM – 10:00 PM, Friday: 11:00 AM – 10:00 PM, Saturday: 11:00 AM – 10:00 PM, Sunday: 2:00 – 10:00 PM",Saqib Saqlain (LIFE),4,"Sapphire fabrics are always good. When it is a sale, it is really hard to shop here . New summer collections are good",9 months ago
Sapphire Multan,"Pizza Hut, 14-A Road, A Block Gulgasht Colony, Multan, 60700, Pakistan",(061) 6521685,https://pk.sapphireonline.pk/,"Monday: 11:00 AM – 11:00 PM, Tuesday: 11:00 AM – 11:00 PM, Wednesday: 11:00 AM – 11:00 PM, Thursday: 11:00 AM – 11:00 PM, Friday: 3:00 – 11:00 PM, Saturday: 11:00 AM – 11:00 PM, Sunday: 11:00 AM – 11:00 PM",Arslan Ahmad,5,Sapphire is a good store for women clothes. The staff is friendly. Store ambience is good. The parking space is good enough to park cars but as the sapphire store is located at brand road that’s why it’s very difficult to find car parking due to rush. I would recommend shopping from sapphire when they start the sale as the prices get dropped to half approx.,8 months ago
Sapphire Multan,"Pizza Hut, 14-A Road, A Block Gulgasht Colony, Multan, 60700, Pakistan",(061) 6521685,https://pk.sapphireonline.pk/,"Monday: 11:00 AM – 11:00 PM, Tuesday: 11:00 AM – 11:00 PM, Wednesday: 11:00 AM – 11:00 PM, Thursday: 11:00 AM – 11:00 PM, Friday: 3:00 – 11:00 PM, Saturday: 11:00 AM – 11:00 PM, Sunday: 11:00 AM – 11:00 PM",Hassan Khalid,3,Good place clothes.. Neat and clean good environment..,12 months ago
Sapphire Multan,"Pizza Hut, 14-A Road, A Block Gulgasht Colony, Multan, 60700, Pakistan",(061) 6521685,https://pk.sapphireonline.pk/,"Monday: 11:00 AM – 11:00 PM, Tuesday: 11:00 AM – 11:00 PM, Wednesday: 11:00 AM – 11:00 PM, Thursday: 11:00 AM – 11:00 PM, Friday: 3:00 – 11:00 PM, Saturday: 11:00 AM – 11:00 PM, Sunday: 11:00 AM – 11:00 PM",Hamza Ahmad,5,Good shopping experience and very welcoming staff.,a year ago
Sapphire Multan,"Pizza Hut, 14-A Road, A Block Gulgasht Colony, Multan, 60700, Pakistan",(061) 6521685,https://pk.sapphireonline.pk/,"Monday: 11:00 AM – 11:00 PM, Tuesday: 11:00 AM – 11:00 PM, Wednesday: 11:00 AM – 11:00 PM, Thursday: 11:00 AM – 11:00 PM, Friday: 3:00 – 11:00 PM, Saturday: 11:00 AM – 11:00 PM, Sunday: 11:00 AM – 11:00 PM",Rj Kashif,1,Very bad experience….lazy staff very rude behaviour not proper guidance,9 months ago
Sapphire Multan,"Pizza Hut, 14-A Road, A Block Gulgasht Colony, Multan, 60700, Pakistan",(061) 6521685,https://pk.sapphireonline.pk/,"Monday: 11:00 AM – 11:00 PM, Tuesday: 11:00 AM – 11:00 PM, Wednesday: 11:00 AM – 11:00 PM, Thursday: 11:00 AM – 11:00 PM, Friday: 3:00 – 11:00 PM, Saturday: 11:00 AM – 11:00 PM, Sunday: 11:00 AM – 11:00 PM",Faizan Sattar Khan,1,"Pathetic experince, after wasting 2.5 hours every article we select they say its out of stock and also cant give the pc on display. The staff was roming here and there and not guiding cuatomers, no olace to sit in a that big area atleast have some courage to add sitting olace for kids ir famlies while shopping. After all when we asked for the washroom as my daughters needs to use it the staff told its for staff only not for custimers, so in a 2 story building if you cant have a washroom for customers then close it. And those articles that are out of stock why they are on display wasting users time. Bad behavior and bad management. Sapphire multan",a year ago
Sapphire,"W4CP+9G5, Main Munawar Chowrangi Rd, Block 11 Gulistan-e-Johar, Karachi, Pakistan",(021) 33515816,N/A,"Monday: 11:00 AM – 10:00 PM, Tuesday: 11:00 AM – 10:00 PM, Wednesday: 11:00 AM – 10:00 PM, Thursday: 11:00 AM – 10:00 PM, Friday: 11:00 AM – 10:00 PM, Saturday: 11:00 AM – 10:00 PM, Sunday: 11:00 AM – 10:00 PM",Saghir Ahmed,3,I personally feel a very expensive place to shop. At least one shopping bag be given for each purchase without any charges.,a year ago
Sapphire,"W4CP+9G5, Main Munawar Chowrangi Rd, Block 11 Gulistan-e-Johar, Karachi, Pakistan",(021) 33515816,N/A,"Monday: 11:00 AM – 10:00 PM, Tuesday: 11:00 AM – 10:00 PM, Wednesday: 11:00 AM – 10:00 PM, Thursday: 11:00 AM – 10:00 PM, Friday: 11:00 AM – 10:00 PM, Saturday: 11:00 AM – 10:00 PM, Sunday: 11:00 AM – 10:00 PM",arsal khan,3,"Same usual outlet.
Parking is available only on Off time
Staff r not good. Atmosphere is also not good.",a year ago
Sapphire,"W4CP+9G5, Main Munawar Chowrangi Rd, Block 11 Gulistan-e-Johar, Karachi, Pakistan",(021) 33515816,N/A,"Monday: 11:00 AM – 10:00 PM, Tuesday: 11:00 AM – 10:00 PM, Wednesday: 11:00 AM – 10:00 PM, Thursday: 11:00 AM – 10:00 PM, Friday: 11:00 AM – 10:00 PM, Saturday: 11:00 AM – 10:00 PM, Sunday: 11:00 AM – 10:00 PM",Aijaz Ali,3,Best outlet good variety and quality. Rates are high,a year ago
Sapphire,"W4CP+9G5, Main Munawar Chowrangi Rd, Block 11 Gulistan-e-Johar, Karachi, Pakistan",(021) 33515816,N/A,"Monday: 11:00 AM – 10:00 PM, Tuesday: 11:00 AM – 10:00 PM, Wednesday: 11:00 AM – 10:00 PM, Thursday: 11:00 AM – 10:00 PM, Friday: 11:00 AM – 10:00 PM, Saturday: 11:00 AM – 10:00 PM, Sunday: 11:00 AM – 10:00 PM",T Q,5,Good collection of both Stiched and unstiched,a year ago
Sapphire,"W4CP+9G5, Main Munawar Chowrangi Rd, Block 11 Gulistan-e-Johar, Karachi, Pakistan",(021) 33515816,N/A,"Monday: 11:00 AM – 10:00 PM, Tuesday: 11:00 AM – 10:00 PM, Wednesday: 11:00 AM – 10:00 PM, Thursday: 11:00 AM – 10:00 PM, Friday: 11:00 AM – 10:00 PM, Saturday: 11:00 AM – 10:00 PM, Sunday: 11:00 AM – 10:00 PM",dawood Vayani,5,Very responsible price,11 months ago
Sapphire,"W2PR+63P dolmen hyderi, Block C North Nazimabad Town, Karachi, Pakistan",N/A,N/A,"Monday: 11:00 AM – 9:00 PM, Tuesday: 11:00 AM – 9:00 PM, Wednesday: 11:00 AM – 9:00 PM, Thursday: 11:00 AM – 9:00 PM, Friday: 3:00 – 9:00 PM, Saturday: 11:00 AM – 9:00 PM, Sunday: 11:00 AM – 9:00 PM",bilal aurangzeb,1,"Poor service during sales , cannot manage crowd. Men are not allowed and no waiting area to sit. Poor customer care. People looking for sale not recommended to visit.",6 months ago
Sapphire,"W2PR+63P dolmen hyderi, Block C North Nazimabad Town, Karachi, Pakistan",N/A,N/A,"Monday: 11:00 AM – 9:00 PM, Tuesday: 11:00 AM – 9:00 PM, Wednesday: 11:00 AM – 9:00 PM, Thursday: 11:00 AM – 9:00 PM, Friday: 3:00 – 9:00 PM, Saturday: 11:00 AM – 9:00 PM, Sunday: 11:00 AM – 9:00 PM",Sharmeen Habib,1,EXTREMELY DISAPPOINTING!!! I made a mistake of ordering online the Medium size is BIGGER THAN LARGE There is faded printing marked by the vendor with the masking tape. WHY DO YOU SEND DAMAGED GOODS. NEVER BUYING AGAIN,a year ago
Sapphire,"W2PR+63P dolmen hyderi, Block C North Nazimabad Town, Karachi, Pakistan",N/A,N/A,"Monday: 11:00 AM – 9:00 PM, Tuesday: 11:00 AM – 9:00 PM, Wednesday: 11:00 AM – 9:00 PM, Thursday: 11:00 AM – 9:00 PM, Friday: 3:00 – 9:00 PM, Saturday: 11:00 AM – 9:00 PM, Sunday: 11:00 AM – 9:00 PM",Maria Fatima,1,My experience was worst and the costumer service were extremely poor there was a guy named faez he literally don’t know how to spoke with the costumer very bad behavior And the manager was also very rude Don’t know how to deal with costumer. (Hyderi Branch ),2 years ago
Sapphire,"W2PR+63P dolmen hyderi, Block C North Nazimabad Town, Karachi, Pakistan",N/A,N/A,"Monday: 11:00 AM – 9:00 PM, Tuesday: 11:00 AM – 9:00 PM, Wednesday: 11:00 AM – 9:00 PM, Thursday: 11:00 AM – 9:00 PM, Friday: 3:00 – 9:00 PM, Saturday: 11:00 AM – 9:00 PM, Sunday: 11:00 AM – 9:00 PM",Muhammad Aadil,1,Quality is good but 1 star for charging customers for shopping bags with Sapphire logo.,a year ago
Sapphire,"W2PR+63P dolmen hyderi, Block C North Nazimabad Town, Karachi, Pakistan",N/A,N/A,"Monday: 11:00 AM – 9:00 PM, Tuesday: 11:00 AM – 9:00 PM, Wednesday: 11:00 AM – 9:00 PM, Thursday: 11:00 AM – 9:00 PM, Friday: 3:00 – 9:00 PM, Saturday: 11:00 AM – 9:00 PM, Sunday: 11:00 AM – 9:00 PM",Jansher Khan,5,Very co-operative staff.,a year ago
Sapphire DMTR,"Second Floor, Shop No S، Dolmen Mall، 10 Tariq Rd, Delhi Society Delhi CHS P.E.C.H.S., Karachi, Pakistan",(021) 34320063,https://pk.sapphireonline.pk/,"Monday: 11:00 AM – 10:00 PM, Tuesday: 11:00 AM – 10:00 PM, Wednesday: 11:00 AM – 10:00 PM, Thursday: 11:00 AM – 10:00 PM, Friday: 2:00 – 10:00 PM, Saturday: 11:00 AM – 10:00 PM, Sunday: 11:00 AM – 10:00 PM",AHMED,3,"Two major complaints: at Sapphire Dolmen Mall Traiq Road.

Very narrow passing places in this store specially un-stitched clothing portion. People are uncomfortable during finding their stuff. Second, no shopping baskets in this store, where all major brand have baskets to facilitate customers who buy in quantity.",3 years ago
Sapphire DMTR,"Second Floor, Shop No S، Dolmen Mall، 10 Tariq Rd, Delhi Society Delhi CHS P.E.C.H.S., Karachi, Pakistan",(021) 34320063,https://pk.sapphireonline.pk/,"Monday: 11:00 AM – 10:00 PM, Tuesday: 11:00 AM – 10:00 PM, Wednesday: 11:00 AM – 10:00 PM, Thursday: 11:00 AM – 10:00 PM, Friday: 2:00 – 10:00 PM, Saturday: 11:00 AM – 10:00 PM, Sunday: 11:00 AM – 10:00 PM",Maha,3,"During sales it used to be good and reasonable but now they seemed little costly during the winter sale season 2020.
But today they dissappinted their customers. They were celebrating 5th Anniversary and messaged their customers which said ""Sapphire turns 5! Collect your FREE Rs.1000 Anniversary Gift Voucher TODAY from nearest Sapphire store. Redeem to enter lucky draw for FREE SHOPPING! T&C apply.""
I was wondering how could they give vouchers. But greater surprise was the banner outside their shop which clearly said the same thing but also said ""NO PURCHASE REQUIRED"" and then when you go in they say shop for 5000 and pay only 4000. This seems miscommitment on their part. Although I agree it said below T&C apply but then why it said no purchase required.
That is utter misleading and disappointing !!
Vendors should refrain from such things.
Banner pics attached with the review",5 years ago
Sapphire DMTR,"Second Floor, Shop No S، Dolmen Mall، 10 Tariq Rd, Delhi Society Delhi CHS P.E.C.H.S., Karachi, Pakistan",(021) 34320063,https://pk.sapphireonline.pk/,"Monday: 11:00 AM – 10:00 PM, Tuesday: 11:00 AM – 10:00 PM, Wednesday: 11:00 AM – 10:00 PM, Thursday: 11:00 AM – 10:00 PM, Friday: 2:00 – 10:00 PM, Saturday: 11:00 AM – 10:00 PM, Sunday: 11:00 AM – 10:00 PM",Imran Ali,5,"Best collection with huge varieties. On every season Sapphire present latest designs which according to weather, trend and customer desires.
Quality of stuff is really good though it's expensive but often there is discounted sale which gives good saving for customers.",5 years ago
Sapphire DMTR,"Second Floor, Shop No S، Dolmen Mall، 10 Tariq Rd, Delhi Society Delhi CHS P.E.C.H.S., Karachi, Pakistan",(021) 34320063,https://pk.sapphireonline.pk/,"Monday: 11:00 AM – 10:00 PM, Tuesday: 11:00 AM – 10:00 PM, Wednesday: 11:00 AM – 10:00 PM, Thursday: 11:00 AM – 10:00 PM, Friday: 2:00 – 10:00 PM, Saturday: 11:00 AM – 10:00 PM, Sunday: 11:00 AM – 10:00 PM",SYED FAISAL,2,Old prints repeated with heavy price tag only kurti is starting from 4000 come on its the price of unstiched 3 piece suit,3 years ago
Sapphire DMTR,"Second Floor, Shop No S، Dolmen Mall، 10 Tariq Rd, Delhi Society Delhi CHS P.E.C.H.S., Karachi, Pakistan",(021) 34320063,https://pk.sapphireonline.pk/,"Monday: 11:00 AM – 10:00 PM, Tuesday: 11:00 AM – 10:00 PM, Wednesday: 11:00 AM – 10:00 PM, Thursday: 11:00 AM – 10:00 PM, Friday: 2:00 – 10:00 PM, Saturday: 11:00 AM – 10:00 PM, Sunday: 11:00 AM – 10:00 PM",Shah Zeh,3,Suits are quite nice but there is no working air conditioners in the outlet.... its hot as hell,3 years ago
Alkaram Studio - BMCHS Sharafabad,"Outlet, 75900, Bahadur Shah Zafar Road, BMCHS Sharafabad, Karachi, Pakistan",(021) 34936312,http://www.alkaramstudio.com/,"Monday: 12:00 – 10:00 PM, Tuesday: 12:00 – 10:00 PM, Wednesday: 12:00 – 10:00 PM, Thursday: 12:00 – 10:00 PM, Friday: 1:30 – 10:00 PM, Saturday: 12:00 – 10:00 PM, Sunday: 12:00 – 10:00 PM",Ikram Ansari,4,Amazing shopping experience. Liked the décor and over all ambiance.,3 years ago
Alkaram Studio - BMCHS Sharafabad,"Outlet, 75900, Bahadur Shah Zafar Road, BMCHS Sharafabad, Karachi, Pakistan",(021) 34936312,http://www.alkaramstudio.com/,"Monday: 12:00 – 10:00 PM, Tuesday: 12:00 – 10:00 PM, Wednesday: 12:00 – 10:00 PM, Thursday: 12:00 – 10:00 PM, Friday: 1:30 – 10:00 PM, Saturday: 12:00 – 10:00 PM, Sunday: 12:00 – 10:00 PM",Cambridge Pakistan,3,Visited many times but it's worthless...,7 years ago
Alkaram Studio - BMCHS Sharafabad,"Outlet, 75900, Bahadur Shah Zafar Road, BMCHS Sharafabad, Karachi, Pakistan",(021) 34936312,http://www.alkaramstudio.com/,"Monday: 12:00 – 10:00 PM, Tuesday: 12:00 – 10:00 PM, Wednesday: 12:00 – 10:00 PM, Thursday: 12:00 – 10:00 PM, Friday: 1:30 – 10:00 PM, Saturday: 12:00 – 10:00 PM, Sunday: 12:00 – 10:00 PM",Muhammad Sohail Khan,4,Good place for shopping,3 months ago
Alkaram Studio - BMCHS Sharafabad,"Outlet, 75900, Bahadur Shah Zafar Road, BMCHS Sharafabad, Karachi, Pakistan",(021) 34936312,http://www.alkaramstudio.com/,"Monday: 12:00 – 10:00 PM, Tuesday: 12:00 – 10:00 PM, Wednesday: 12:00 – 10:00 PM, Thursday: 12:00 – 10:00 PM, Friday: 1:30 – 10:00 PM, Saturday: 12:00 – 10:00 PM, Sunday: 12:00 – 10:00 PM",Abrar Ali,5,Staff is very corporative,3 weeks ago
Alkaram Studio - BMCHS Sharafabad,"Outlet, 75900, Bahadur Shah Zafar Road, BMCHS Sharafabad, Karachi, Pakistan",(021) 34936312,http://www.alkaramstudio.com/,"Monday: 12:00 – 10:00 PM, Tuesday: 12:00 – 10:00 PM, Wednesday: 12:00 – 10:00 PM, Thursday: 12:00 – 10:00 PM, Friday: 1:30 – 10:00 PM, Saturday: 12:00 – 10:00 PM, Sunday: 12:00 – 10:00 PM",Syed Taha Khalid,1,"Last year on eid i bought suit of their festive collection, they have fault in that suit, they accept that and verified but they didn't exchange or return because i misplaced my sale receipt, can i buy alkaram suit from anywhere else? They have 3rd class material and at the time of exchange they saying we can't help you. This is how they are running their brand",5 years ago
Al Karam Textile Mills,"Adam Jee Rd, Landhi Town, Karachi, Pakistan",(021) 35018638,http://www.alkaram.com/,"Monday: 10:00 AM – 8:00 PM, Tuesday: Open 24 hours, Wednesday: 10:00 AM – 8:00 PM, Thursday: 10:00 AM – 8:00 PM, Friday: 10:00 AM – 8:00 PM, Saturday: 10:00 AM – 8:00 PM, Sunday: Open 24 hours",Abdul Aziz Syed,4,"Al Karam Textile Mills is located at Adam Jee Road , Landhi Industrial Area , Karachi. It is the pioneer in the textile industry in Pakistan . They have a wide range of Fabrics for shalwar Kameez and Textile Made ups.",2 years ago
Al Karam Textile Mills,"Adam Jee Rd, Landhi Town, Karachi, Pakistan",(021) 35018638,http://www.alkaram.com/,"Monday: 10:00 AM – 8:00 PM, Tuesday: Open 24 hours, Wednesday: 10:00 AM – 8:00 PM, Thursday: 10:00 AM – 8:00 PM, Friday: 10:00 AM – 8:00 PM, Saturday: 10:00 AM – 8:00 PM, Sunday: Open 24 hours",Fayyaz Qureshi,5,"Best market for shopping bed sheets, mens and women's stitch and unstitched clothes in reasonable prices",4 years ago
Al Karam Textile Mills,"Adam Jee Rd, Landhi Town, Karachi, Pakistan",(021) 35018638,http://www.alkaram.com/,"Monday: 10:00 AM – 8:00 PM, Tuesday: Open 24 hours, Wednesday: 10:00 AM – 8:00 PM, Thursday: 10:00 AM – 8:00 PM, Friday: 10:00 AM – 8:00 PM, Saturday: 10:00 AM – 8:00 PM, Sunday: Open 24 hours",Khurram Majeed,5,Backside or AL-karam textile mills AL-karam kapra galee here all types unstich clothes wholesale price and retail also,4 years ago
Al Karam Textile Mills,"Adam Jee Rd, Landhi Town, Karachi, Pakistan",(021) 35018638,http://www.alkaram.com/,"Monday: 10:00 AM – 8:00 PM, Tuesday: Open 24 hours, Wednesday: 10:00 AM – 8:00 PM, Thursday: 10:00 AM – 8:00 PM, Friday: 10:00 AM – 8:00 PM, Saturday: 10:00 AM – 8:00 PM, Sunday: Open 24 hours",Tariq Ahmed,5,One of the best hometextile unit in pakistan,a year ago
Al Karam Textile Mills,"Adam Jee Rd, Landhi Town, Karachi, Pakistan",(021) 35018638,http://www.alkaram.com/,"Monday: 10:00 AM – 8:00 PM, Tuesday: Open 24 hours, Wednesday: 10:00 AM – 8:00 PM, Thursday: 10:00 AM – 8:00 PM, Friday: 10:00 AM – 8:00 PM, Saturday: 10:00 AM – 8:00 PM, Sunday: Open 24 hours",Labina Rehman,5,Best fabric clothing mill. There factory outlet was very nice and has the new variety. Good experience over all.,a year ago
Alkaram Studio Iqbal Town,"7, Pak Block Allama Iqbal Town, Lahore, 54000, Pakistan",0300 4229319,N/A,,Abdullah Ansari,5,"Al Karam Studio in Allama Iqbal Town, Lahore, offers a wide range of high-quality textile products, making it a popular destination for fashion enthusiasts and home decor shoppers. Known for its elegant layout and comprehensive collection, the store is part of a larger network that aims to provide a complete lifestyle experience for its customers.

The store's offerings include a mix of traditional and contemporary unstitched and ready-to-wear apparel, along with home textile products like cushion covers and bed linens at competitive price points, making it accessible for a variety of budgets. The attention to detail in fabric quality, as well as a diverse selection of patterns and designs, make it stand out among textile retailers in the area.

Customers have appreciated the store for its well-organized layout and variety, but some suggest that the pricing can be on the higher side for specific products compared to local alternatives.",5 months ago
Alkaram Studio Iqbal Town,"7, Pak Block Allama Iqbal Town, Lahore, 54000, Pakistan",0300 4229319,N/A,,Muhammad Rustam,1,"Counter staff dealing is poor, they charge extra for shopping bags even after a 15000 purchase. Worst experience, waste of time.",2 months ago
Alkaram Studio Iqbal Town,"7, Pak Block Allama Iqbal Town, Lahore, 54000, Pakistan",0300 4229319,N/A,,Aima Tahir,1,"Extremely rude staff and pathetic customer service, least bothered! Obviously when you buy some ready to wear stuff you have to check the fit and size to which they said ""aik hi article try kar sakte hain"" and then upon trying and getting sizes checked for that one article there comes a female staff asking other member ""ye try room kisne khola hai"" to which the guy replied subha se khula hai, ""wo sir daant rahe hain k kyun khola hai"" to which i asked k aap humein ye suna rahe hain? Jab try nai kareinge tou sizes kaise leinge as they have hell confusing sizes. She said sale days mein allowed nai hota, I told her my article wasnt even from the sale section. Immediately, I realized I shouldnt be buying from here, went to the counter and asked the billing guy what just happened, how can we buy different articles with different fits without trying on? To which he replied sale mein kis kis ko pehnne dein? And the place wasnt even crowded. Left the articles there and just moved out. Never going back there.

P.S Everyone looked at us like we were stealing there articles or doing something wrong with them. And there other branches also have similar reviews about staff behaviour. 👎👎",a year ago
Alkaram Studio Iqbal Town,"7, Pak Block Allama Iqbal Town, Lahore, 54000, Pakistan",0300 4229319,N/A,,Wajdan Mehfooz,5,Friendly staff. Had a great shopping experience.,3 months ago
Alkaram Studio Iqbal Town,"7, Pak Block Allama Iqbal Town, Lahore, 54000, Pakistan",0300 4229319,N/A,,Mudassar Safdar,4,The variety and quality of the garments and the fabric is very good. Overall feel of the outlet is pleasant. Inventory is display/ managed well. Location is very prime.,a year ago
"Alkaram Studio, Factory Outlet - Gulshan","City, Sindh n, W464+C2V, Block 10-A PakistaBlock 10-A Gulshan-e-Iqbal, Karachi, Pakistan",(021) 37130271,http://www.alkaramstudio.com/,"Monday: 12:00 – 9:30 PM, Tuesday: 12:00 – 9:30 PM, Wednesday: 12:00 – 9:30 PM, Thursday: 12:00 – 9:30 PM, Friday: 12:00 – 9:30 PM, Saturday: 3:00 – 9:30 PM, Sunday: 3:00 – 9:30 PM",Adnan Ahmed,1,"My experience with customer service has been incredibly frustrating.

Couple of months back I purchased a 2 piece suit with mismatched combination which Al-karam do not accepts the defect, making us to through that suit in the dustbin.

Today (26 Aug 2024) I asked them to dismantle the security tag which is attached with suits as It is a gift suit from my cousin. Al-karam refuses to dismantle that tag, treating us as we are thieves. After that I have to do that by myself.

The lack of effective communication and resolution left me feeling ignored and dissatisfied. If this is the standard of their customer service, I wouldn’t recommend dealing with al-karam.

I have decided Not to buy again any product from such pathetic store.",6 months ago
"Alkaram Studio, Factory Outlet - Gulshan","City, Sindh n, W464+C2V, Block 10-A PakistaBlock 10-A Gulshan-e-Iqbal, Karachi, Pakistan",(021) 37130271,http://www.alkaramstudio.com/,"Monday: 12:00 – 9:30 PM, Tuesday: 12:00 – 9:30 PM, Wednesday: 12:00 – 9:30 PM, Thursday: 12:00 – 9:30 PM, Friday: 12:00 – 9:30 PM, Saturday: 3:00 – 9:30 PM, Sunday: 3:00 – 9:30 PM",MAK TRADERS,4,This outlets located front of old Aladdin Park it is factory outlet that's why rates are responsible and Atmosphere is nice too.,a month ago
"Alkaram Studio, Factory Outlet - Gulshan","City, Sindh n, W464+C2V, Block 10-A PakistaBlock 10-A Gulshan-e-Iqbal, Karachi, Pakistan",(021) 37130271,http://www.alkaramstudio.com/,"Monday: 12:00 – 9:30 PM, Tuesday: 12:00 – 9:30 PM, Wednesday: 12:00 – 9:30 PM, Thursday: 12:00 – 9:30 PM, Friday: 12:00 – 9:30 PM, Saturday: 3:00 – 9:30 PM, Sunday: 3:00 – 9:30 PM",MUHAMMAD AKRAM,5,Al karam studio is very trany store i bought many things from Alkaram,4 months ago
"Alkaram Studio, Factory Outlet - Gulshan","City, Sindh n, W464+C2V, Block 10-A PakistaBlock 10-A Gulshan-e-Iqbal, Karachi, Pakistan",(021) 37130271,http://www.alkaramstudio.com/,"Monday: 12:00 – 9:30 PM, Tuesday: 12:00 – 9:30 PM, Wednesday: 12:00 – 9:30 PM, Thursday: 12:00 – 9:30 PM, Friday: 12:00 – 9:30 PM, Saturday: 3:00 – 9:30 PM, Sunday: 3:00 – 9:30 PM",Sohail Shaikh,1,"Beware and careful with these scumbags. After 8 years I went to Karachi and bought a kurta for a gift. I like the one and asked them to pack a fresh piece not a display one. They packed, payment paid and I just put them in my luggage. When I reached USA and open it I found a huge hole near the pocket. Very big disappointment from such a brand-name.  I was not expecting that outlets will sell defective items. Such a big big disappointment from a brand-name. Never trust anyone big or small brands there, they will cheat you rob you whenever and wherever they find a chance and top of that they will have a no shame.",a year ago
"Alkaram Studio, Factory Outlet - Gulshan","City, Sindh n, W464+C2V, Block 10-A PakistaBlock 10-A Gulshan-e-Iqbal, Karachi, Pakistan",(021) 37130271,http://www.alkaramstudio.com/,"Monday: 12:00 – 9:30 PM, Tuesday: 12:00 – 9:30 PM, Wednesday: 12:00 – 9:30 PM, Thursday: 12:00 – 9:30 PM, Friday: 12:00 – 9:30 PM, Saturday: 3:00 – 9:30 PM, Sunday: 3:00 – 9:30 PM",dhhvh djorgdfmvkj,5,wow store alkaram team very helpful and manager very nice person,4 months ago
Alkaram Studio,"189 Shahrah Nazaria-e-Pakistan, Block F Pia Housing Scheme, Lahore, 54770, Pakistan",(042) 35134091,N/A,,Nauman Sharjeel Sharif,4,A big store with 3 floors of display. Parking is an issue during rush hours.,2 years ago
Alkaram Studio,"189 Shahrah Nazaria-e-Pakistan, Block F Pia Housing Scheme, Lahore, 54770, Pakistan",(042) 35134091,N/A,,Malik Arslan,5,Good price of cloth,5 months ago
Alkaram Studio,"189 Shahrah Nazaria-e-Pakistan, Block F Pia Housing Scheme, Lahore, 54770, Pakistan",(042) 35134091,N/A,,imran mir,4,Wide range of clothing for all ages .,8 months ago
Alkaram Studio,"189 Shahrah Nazaria-e-Pakistan, Block F Pia Housing Scheme, Lahore, 54770, Pakistan",(042) 35134091,N/A,,Mubashir Hussain khan (ShaRii),4,Good collection,a week ago
Alkaram Studio,"189 Shahrah Nazaria-e-Pakistan, Block F Pia Housing Scheme, Lahore, 54770, Pakistan",(042) 35134091,N/A,,Ayesha Noor,1,"Pathetic staff.
Though it was 20%discount but they mentioned wrong prices which i corrected later. 🙄",a year ago
Al Karam Studio,"Building No 206 Block Y commercial Area DHA Phase 3 LHR , Lahore, Lahore, Punjab DHA Phase 3, Sector Y DHA Phase 3, Lahore, Pakistan",(042) 35899994,http://www.alkaramstudio.com/,"Monday: 11:00 AM – 10:00 PM, Tuesday: 11:00 AM – 10:00 PM, Wednesday: 11:00 AM – 10:00 PM, Thursday: 11:00 AM – 10:00 PM, Friday: 11:00 AM – 1:00 PM, 2:30 – 10:00 PM, Saturday: 11:00 AM – 10:00 PM, Sunday: 2:00 – 10:00 PM",Tahir Gilani,4,"Actually it is a stitched and non stitched clothing store. It has variety of cloth and designer ladies and gents suits. Shop is well designed, managed and maintained. Cleanliness is good. Overall good shopping experience.",7 months ago
Al Karam Studio,"Building No 206 Block Y commercial Area DHA Phase 3 LHR , Lahore, Lahore, Punjab DHA Phase 3, Sector Y DHA Phase 3, Lahore, Pakistan",(042) 35899994,http://www.alkaramstudio.com/,"Monday: 11:00 AM – 10:00 PM, Tuesday: 11:00 AM – 10:00 PM, Wednesday: 11:00 AM – 10:00 PM, Thursday: 11:00 AM – 10:00 PM, Friday: 11:00 AM – 1:00 PM, 2:30 – 10:00 PM, Saturday: 11:00 AM – 10:00 PM, Sunday: 2:00 – 10:00 PM",Khurram Shahzad,3,"Manager was  not present when ever i visited with family its upon labour whether they serve you or say its not in stock , overall nice and tidy place most of the stuff is on 1st floor that is reserved for i think online shopping so do ask them to check upside once.",4 years ago
Al Karam Studio,"Building No 206 Block Y commercial Area DHA Phase 3 LHR , Lahore, Lahore, Punjab DHA Phase 3, Sector Y DHA Phase 3, Lahore, Pakistan",(042) 35899994,http://www.alkaramstudio.com/,"Monday: 11:00 AM – 10:00 PM, Tuesday: 11:00 AM – 10:00 PM, Wednesday: 11:00 AM – 10:00 PM, Thursday: 11:00 AM – 10:00 PM, Friday: 11:00 AM – 1:00 PM, 2:30 – 10:00 PM, Saturday: 11:00 AM – 10:00 PM, Sunday: 2:00 – 10:00 PM",Behzad Taimur,3,Cheaper than peer brands but no less in diversity and range of designs. That sums it up. Their quality isn't amazing but it matches the price tag. They have some formal and fancy wear. But I'd suggest for use Al Karam for office and home wear. This branch is directly opposite Sheeba Park in DHA Y Block market.,2 years ago
Al Karam Studio,"Building No 206 Block Y commercial Area DHA Phase 3 LHR , Lahore, Lahore, Punjab DHA Phase 3, Sector Y DHA Phase 3, Lahore, Pakistan",(042) 35899994,http://www.alkaramstudio.com/,"Monday: 11:00 AM – 10:00 PM, Tuesday: 11:00 AM – 10:00 PM, Wednesday: 11:00 AM – 10:00 PM, Thursday: 11:00 AM – 10:00 PM, Friday: 11:00 AM – 1:00 PM, 2:30 – 10:00 PM, Saturday: 11:00 AM – 10:00 PM, Sunday: 2:00 – 10:00 PM",Hamna Rashid,1,Whoever is the manager at this store. She is the worst person ever. No ethics no etiquettes on how to talk to someone such basic and simple manners…. Went to exchange an article and the price tag was missing they never gave us the article with one on it… she refused to exchange it and she just puts up everything on you. And just keeps on repeating that won’t take in the article and she can’t do anything.,11 months ago
Al Karam Studio,"Building No 206 Block Y commercial Area DHA Phase 3 LHR , Lahore, Lahore, Punjab DHA Phase 3, Sector Y DHA Phase 3, Lahore, Pakistan",(042) 35899994,http://www.alkaramstudio.com/,"Monday: 11:00 AM – 10:00 PM, Tuesday: 11:00 AM – 10:00 PM, Wednesday: 11:00 AM – 10:00 PM, Thursday: 11:00 AM – 10:00 PM, Friday: 11:00 AM – 1:00 PM, 2:30 – 10:00 PM, Saturday: 11:00 AM – 10:00 PM, Sunday: 2:00 – 10:00 PM",salman saeed,1,Such a bad experience un trainned staff. System showing article is available but at the end after 20 mins manager says humaray pas nahe hai ap baad me ayien. Never ever shop from them,9 months ago
"Alkaram Studio, Gulberg, M.M. Alam Road, Lahore","G8CX+F86, College Rd, Block K Gulberg 2, Lahore, Pakistan",0312 2552726,N/A,"Monday: 11:00 AM – 10:00 PM, Tuesday: 11:00 AM – 10:00 PM, Wednesday: 11:00 AM – 10:00 PM, Thursday: 11:00 AM – 9:30 PM, Friday: 11:00 AM – 10:00 PM, Saturday: 11:00 AM – 10:00 PM, Sunday: 2:00 – 10:00 PM",Dazzling Girl,5,"""I had an exceptional shopping experience at Alkaram Studio in Gulberg II, Lahore! The store's ambiance was elegant and welcoming, with a vast collection of stunning fabrics, ready-to-wear outfits, and accessories. The staff was friendly, helpful, and provided great styling advice. I was impressed by the affordability and quality of their products. Highly recommend Alkaram Studio for all your clothing needs! 5/5 stars""",2 months ago
"Alkaram Studio, Gulberg, M.M. Alam Road, Lahore","G8CX+F86, College Rd, Block K Gulberg 2, Lahore, Pakistan",0312 2552726,N/A,"Monday: 11:00 AM – 10:00 PM, Tuesday: 11:00 AM – 10:00 PM, Wednesday: 11:00 AM – 10:00 PM, Thursday: 11:00 AM – 9:30 PM, Friday: 11:00 AM – 10:00 PM, Saturday: 11:00 AM – 10:00 PM, Sunday: 2:00 – 10:00 PM",eiman syed,3,Very limited variety. Literally 4 scarves. So is the case with dresses Also went there for exchange of dress and as it was ramzan some of the staff is behaving rudely jaldi krein aisa na hu ka hmara aur ap ka roza yahan iftar hu jae as they close store dont know for some time or till morning to do iftar. No issues with that but dealing with customers must be polite,a year ago
"Alkaram Studio, Gulberg, M.M. Alam Road, Lahore","G8CX+F86, College Rd, Block K Gulberg 2, Lahore, Pakistan",0312 2552726,N/A,"Monday: 11:00 AM – 10:00 PM, Tuesday: 11:00 AM – 10:00 PM, Wednesday: 11:00 AM – 10:00 PM, Thursday: 11:00 AM – 9:30 PM, Friday: 11:00 AM – 10:00 PM, Saturday: 11:00 AM – 10:00 PM, Sunday: 2:00 – 10:00 PM",Wajiha Rehman,2,"It's a well knowned brand but sorry to say that right now I have exchanged a suit, but the staff is not well trained. They must know that the exchanged items must be packed in a new bag.
This kind of mismanagement damages to brand's reputation.
Regards.",6 months ago
"Alkaram Studio, Gulberg, M.M. Alam Road, Lahore","G8CX+F86, College Rd, Block K Gulberg 2, Lahore, Pakistan",0312 2552726,N/A,"Monday: 11:00 AM – 10:00 PM, Tuesday: 11:00 AM – 10:00 PM, Wednesday: 11:00 AM – 10:00 PM, Thursday: 11:00 AM – 9:30 PM, Friday: 11:00 AM – 10:00 PM, Saturday: 11:00 AM – 10:00 PM, Sunday: 2:00 – 10:00 PM",Abid Dar,3,"It's a nice place in between other ladies brands shop. Best place of it is it's parking by. Ample Parking in their area with other brands like so Kamal, beachtree etc. From alkaram one can also buy bed sheets and men kurtas at upper floor.",5 years ago
"Alkaram Studio, Gulberg, M.M. Alam Road, Lahore","G8CX+F86, College Rd, Block K Gulberg 2, Lahore, Pakistan",0312 2552726,N/A,"Monday: 11:00 AM – 10:00 PM, Tuesday: 11:00 AM – 10:00 PM, Wednesday: 11:00 AM – 10:00 PM, Thursday: 11:00 AM – 9:30 PM, Friday: 11:00 AM – 10:00 PM, Saturday: 11:00 AM – 10:00 PM, Sunday: 2:00 – 10:00 PM",Saqib Sohail (Azi),4,They have nice winter's collection with reasonable price.,6 years ago
AlKaram Studio,"Adam Jee Rd, Saddar, Rawalpindi, 46300, Pakistan",0312 2552726,http://www.alkaramstudio.com/,"Monday: 10:00 AM – 10:00 PM, Tuesday: 10:00 AM – 10:00 PM, Wednesday: 10:00 AM – 10:00 PM, Thursday: 10:00 AM – 10:00 PM, Friday: 10:00 AM – 10:00 PM, Saturday: 10:00 AM – 10:00 PM, Sunday: 10:00 AM – 10:00 PM",Arslan Akhtar,4,Best outlet of alkaram fabrics.Excellent for shopping of Pret & Mens suits. Overall good experience.,2 years ago
AlKaram Studio,"Adam Jee Rd, Saddar, Rawalpindi, 46300, Pakistan",0312 2552726,http://www.alkaramstudio.com/,"Monday: 10:00 AM – 10:00 PM, Tuesday: 10:00 AM – 10:00 PM, Wednesday: 10:00 AM – 10:00 PM, Thursday: 10:00 AM – 10:00 PM, Friday: 10:00 AM – 10:00 PM, Saturday: 10:00 AM – 10:00 PM, Sunday: 10:00 AM – 10:00 PM",Faiza Rahim,1,"Poor quality of dress, As i ordered online and all of my 7 dresses have lost its color . Even my new dress looks like 3 years old. This brand has no quality. Disappointed",9 months ago
AlKaram Studio,"Adam Jee Rd, Saddar, Rawalpindi, 46300, Pakistan",0312 2552726,http://www.alkaramstudio.com/,"Monday: 10:00 AM – 10:00 PM, Tuesday: 10:00 AM – 10:00 PM, Wednesday: 10:00 AM – 10:00 PM, Thursday: 10:00 AM – 10:00 PM, Friday: 10:00 AM – 10:00 PM, Saturday: 10:00 AM – 10:00 PM, Sunday: 10:00 AM – 10:00 PM",Najam Saqib,1,Pathetic quality of material and if the salesperson standing can't even open the dresses then why are they employed. Save that cost and improve the fabric.,9 months ago
AlKaram Studio,"Adam Jee Rd, Saddar, Rawalpindi, 46300, Pakistan",0312 2552726,http://www.alkaramstudio.com/,"Monday: 10:00 AM – 10:00 PM, Tuesday: 10:00 AM – 10:00 PM, Wednesday: 10:00 AM – 10:00 PM, Thursday: 10:00 AM – 10:00 PM, Friday: 10:00 AM – 10:00 PM, Saturday: 10:00 AM – 10:00 PM, Sunday: 10:00 AM – 10:00 PM",Abdul Sattar,5,New arrival available in store of saddar branch,2 years ago
AlKaram Studio,"Adam Jee Rd, Saddar, Rawalpindi, 46300, Pakistan",0312 2552726,http://www.alkaramstudio.com/,"Monday: 10:00 AM – 10:00 PM, Tuesday: 10:00 AM – 10:00 PM, Wednesday: 10:00 AM – 10:00 PM, Thursday: 10:00 AM – 10:00 PM, Friday: 10:00 AM – 10:00 PM, Saturday: 10:00 AM – 10:00 PM, Sunday: 10:00 AM – 10:00 PM",Ali Husain,1,Do not shop online as their return policy is ridiculous. I bought some gifts for my parents which they were looking to swap for something else. At the store they were told that they dont accept online returns in store and that we will need to mail everything back to them for a refund to the original card. Their policies are bizarre and I would recommend anyone looking to shop online to look elsewhere because of this.,3 years ago
Alkaram Studio - Emporium-mall,"Emporium, Abdul Haque Rd, Trade Centre Commercial Area Phase 2 Johar Town, Lahore, 54000, Pakistan",0311 4582929,http://www.alkaramstudio.com/,"Monday: 11:00 AM – 12:00 AM, Tuesday: 11:00 AM – 12:00 AM, Wednesday: 11:00 AM – 12:00 AM, Thursday: 11:00 AM – 12:00 AM, Friday: 11:00 AM – 12:00 AM, Saturday: 11:00 AM – 12:00 AM, Sunday: 11:00 AM – 12:00 AM",SAM JAMIL,5,Nice shopping place. But getting too much crowdy. Washrooms need lot of repair and maintenance.,a year ago
Alkaram Studio - Emporium-mall,"Emporium, Abdul Haque Rd, Trade Centre Commercial Area Phase 2 Johar Town, Lahore, 54000, Pakistan",0311 4582929,http://www.alkaramstudio.com/,"Monday: 11:00 AM – 12:00 AM, Tuesday: 11:00 AM – 12:00 AM, Wednesday: 11:00 AM – 12:00 AM, Thursday: 11:00 AM – 12:00 AM, Friday: 11:00 AM – 12:00 AM, Saturday: 11:00 AM – 12:00 AM, Sunday: 11:00 AM – 12:00 AM",sana naser,1,Pathetic patetic pathetic staff and services. They are nit ready to give us any of the articles we have shown them...and are directing us to buy it from whereever we can...then what is the purpose of us travelling to their outlets?? They are just aiming to jncrease the already freaking increased prices and for what?,11 months ago
Alkaram Studio - Emporium-mall,"Emporium, Abdul Haque Rd, Trade Centre Commercial Area Phase 2 Johar Town, Lahore, 54000, Pakistan",0311 4582929,http://www.alkaramstudio.com/,"Monday: 11:00 AM – 12:00 AM, Tuesday: 11:00 AM – 12:00 AM, Wednesday: 11:00 AM – 12:00 AM, Thursday: 11:00 AM – 12:00 AM, Friday: 11:00 AM – 12:00 AM, Saturday: 11:00 AM – 12:00 AM, Sunday: 11:00 AM – 12:00 AM",Abdul Waheed,1,"The management is so pathetic, they don't care if the customer wants help with something. Even if you ask them about some product, they'll just stare at your face or just point you in any direction away from them. If the staff isn't there to guide customers, why have you hired just a large number of employees? Absolutely pathetic behaviour and service. Every staff member was so rude. No one will focus on the quality unless you guide properly and help customers. Showing attitude as if we had stole something. Hate this branch and never gonna visit it again. CHANGE YOUR BEHAVIOUR TOWARDS CUSTOMERS.",2 years ago
Alkaram Studio - Emporium-mall,"Emporium, Abdul Haque Rd, Trade Centre Commercial Area Phase 2 Johar Town, Lahore, 54000, Pakistan",0311 4582929,http://www.alkaramstudio.com/,"Monday: 11:00 AM – 12:00 AM, Tuesday: 11:00 AM – 12:00 AM, Wednesday: 11:00 AM – 12:00 AM, Thursday: 11:00 AM – 12:00 AM, Friday: 11:00 AM – 12:00 AM, Saturday: 11:00 AM – 12:00 AM, Sunday: 11:00 AM – 12:00 AM",Saladin Baba,1,"Visiting first time with my wife, we actually circled back on the way out of the mall to pick something out for her since she picked out a nice Kurta for me. As my wife and I walked through the ladies areas scanning and checking out the embroidery patterns on the clothes- this one sales girl was visibly annoyed and oddly showed her disgust at us for checking out clothing articles. I ignored it at first but she kept interrupting my conversation with my wife  and even slammed the clothes back on the clothing racks. So I confronted her and asked 'are you getting annoyed?' After going through a dozen clothing stores at Emporium mall today I think this kind of behavior is common.",2 years ago
Alkaram Studio - Emporium-mall,"Emporium, Abdul Haque Rd, Trade Centre Commercial Area Phase 2 Johar Town, Lahore, 54000, Pakistan",0311 4582929,http://www.alkaramstudio.com/,"Monday: 11:00 AM – 12:00 AM, Tuesday: 11:00 AM – 12:00 AM, Wednesday: 11:00 AM – 12:00 AM, Thursday: 11:00 AM – 12:00 AM, Friday: 11:00 AM – 12:00 AM, Saturday: 11:00 AM – 12:00 AM, Sunday: 11:00 AM – 12:00 AM",Maryam Javed,1,"Extremely disappointed from their customer service. Plus the sales man on counter and branch manager is extremely rude towards clients. They have no idea how to deal with women. Not gonna shop from this branch again unless they take strict action against the branch manager.
Regards
Advocate Maryam",2 years ago
Alkaram Studio - Landhi,"R6X6+5F8, Road, Main Landhi Industrial Area, Karachi, Pakistan",(021) 35000113,http://www.alkaramstudio.com/,"Monday: 10:00 AM – 8:00 PM, Tuesday: 10:00 AM – 8:00 PM, Wednesday: 10:00 AM – 8:00 PM, Thursday: 10:00 AM – 8:00 PM, Friday: 10:00 AM – 8:00 PM, Saturday: 10:00 AM – 8:00 PM, Sunday: 10:00 AM – 8:00 PM",Hamid Khan,5,"The best brand ever, both men's and women's fabrics are exceptional in terms of design and fabric quality.",a week ago
Alkaram Studio - Landhi,"R6X6+5F8, Road, Main Landhi Industrial Area, Karachi, Pakistan",(021) 35000113,http://www.alkaramstudio.com/,"Monday: 10:00 AM – 8:00 PM, Tuesday: 10:00 AM – 8:00 PM, Wednesday: 10:00 AM – 8:00 PM, Thursday: 10:00 AM – 8:00 PM, Friday: 10:00 AM – 8:00 PM, Saturday: 10:00 AM – 8:00 PM, Sunday: 10:00 AM – 8:00 PM",Zainbin Pervaiz,5,I was visited here environment neat and cleanness covered by Air-conditioning system quality slightly not much good i saw miss printed woman suits too whatever about prices in middle range.,2 years ago
Alkaram Studio - Landhi,"R6X6+5F8, Road, Main Landhi Industrial Area, Karachi, Pakistan",(021) 35000113,http://www.alkaramstudio.com/,"Monday: 10:00 AM – 8:00 PM, Tuesday: 10:00 AM – 8:00 PM, Wednesday: 10:00 AM – 8:00 PM, Thursday: 10:00 AM – 8:00 PM, Friday: 10:00 AM – 8:00 PM, Saturday: 10:00 AM – 8:00 PM, Sunday: 10:00 AM – 8:00 PM",Noman Salyani,5,It's factory outlet. But it's too expensive. You can get better stuff with reasonable price from other brand like edenrobe,4 months ago
Alkaram Studio - Landhi,"R6X6+5F8, Road, Main Landhi Industrial Area, Karachi, Pakistan",(021) 35000113,http://www.alkaramstudio.com/,"Monday: 10:00 AM – 8:00 PM, Tuesday: 10:00 AM – 8:00 PM, Wednesday: 10:00 AM – 8:00 PM, Thursday: 10:00 AM – 8:00 PM, Friday: 10:00 AM – 8:00 PM, Saturday: 10:00 AM – 8:00 PM, Sunday: 10:00 AM – 8:00 PM",Shahid Ahmed,4,"Outlet is big open parking outside. Huge verity for men and women. Prices r less then market. AC is not working single cash counter!!!
Other stuff bed set , towels etc also available. Far from city.",11 months ago
Alkaram Studio - Landhi,"R6X6+5F8, Road, Main Landhi Industrial Area, Karachi, Pakistan",(021) 35000113,http://www.alkaramstudio.com/,"Monday: 10:00 AM – 8:00 PM, Tuesday: 10:00 AM – 8:00 PM, Wednesday: 10:00 AM – 8:00 PM, Thursday: 10:00 AM – 8:00 PM, Friday: 10:00 AM – 8:00 PM, Saturday: 10:00 AM – 8:00 PM, Sunday: 10:00 AM – 8:00 PM",AUG gaming,2,Better experience 40 percent sail Male suits are expensive,a month ago
Alkaram Studio,"M2V7+VPF, F-10 Markaz F 10/4 F-10, Islamabad, Pakistan",(051) 2809701,http://www.alkaramstudio.com/,"Monday: 11:00 AM – 11:00 PM, Tuesday: 11:00 AM – 11:00 PM, Wednesday: 11:00 AM – 11:00 PM, Thursday: 11:00 AM – 11:00 PM, Friday: 11:00 AM – 1:00 PM, 2:30 – 11:00 PM, Saturday: 11:00 AM – 11:00 PM, Sunday: 11:00 AM – 11:00 PM",Ahmed Z,2,"Disappointing. None of the clothes we picked under the ""Sale/25%-off"" section were discounted. Even though they have advertised a Sale everywhere. When the items were bought they stuffed them into an old torn bag. Then said they were out of bags and we will have to wait for new bags.....",a year ago
Alkaram Studio,"M2V7+VPF, F-10 Markaz F 10/4 F-10, Islamabad, Pakistan",(051) 2809701,http://www.alkaramstudio.com/,"Monday: 11:00 AM – 11:00 PM, Tuesday: 11:00 AM – 11:00 PM, Wednesday: 11:00 AM – 11:00 PM, Thursday: 11:00 AM – 11:00 PM, Friday: 11:00 AM – 1:00 PM, 2:30 – 11:00 PM, Saturday: 11:00 AM – 11:00 PM, Sunday: 11:00 AM – 11:00 PM",Farheen Khan,2,"The sale girl there was very helpful. You need to have a bigger outlet. The guard outside wasn't vigilant. But please don't Scold him.. Just tell him to open the door for all customers. We must not touch the handle.
2.Social distancing wasn't  there at all.
You need to check this strictly. Few customers were not wearing the mask...",4 years ago
Alkaram Studio,"M2V7+VPF, F-10 Markaz F 10/4 F-10, Islamabad, Pakistan",(051) 2809701,http://www.alkaramstudio.com/,"Monday: 11:00 AM – 11:00 PM, Tuesday: 11:00 AM – 11:00 PM, Wednesday: 11:00 AM – 11:00 PM, Thursday: 11:00 AM – 11:00 PM, Friday: 11:00 AM – 1:00 PM, 2:30 – 11:00 PM, Saturday: 11:00 AM – 11:00 PM, Sunday: 11:00 AM – 11:00 PM",Ahmed Zaki,5,"Alkaram unstich clothes are excellent. It is bit expensive for middle class people, but the Quality of the clothes are very good. Designs also descend and classical good for civilized people.",3 years ago
Alkaram Studio,"M2V7+VPF, F-10 Markaz F 10/4 F-10, Islamabad, Pakistan",(051) 2809701,http://www.alkaramstudio.com/,"Monday: 11:00 AM – 11:00 PM, Tuesday: 11:00 AM – 11:00 PM, Wednesday: 11:00 AM – 11:00 PM, Thursday: 11:00 AM – 11:00 PM, Friday: 11:00 AM – 1:00 PM, 2:30 – 11:00 PM, Saturday: 11:00 AM – 11:00 PM, Sunday: 11:00 AM – 11:00 PM",Humaira Wattoo,4,"My first visit .. got my beautiful matching dupattas .. they were excellent .. bought 4 of them .. 3 scarfs .. and then ordered 1 dupptta again .. very good stuff .. shop is worth visiting .. expensive like Gul Ahmed "" Chen one "" generation .. but prints and material is very good .. designs 50 / 50 .. good options for fession lovers .. 😍😍",4 years ago
Alkaram Studio,"M2V7+VPF, F-10 Markaz F 10/4 F-10, Islamabad, Pakistan",(051) 2809701,http://www.alkaramstudio.com/,"Monday: 11:00 AM – 11:00 PM, Tuesday: 11:00 AM – 11:00 PM, Wednesday: 11:00 AM – 11:00 PM, Thursday: 11:00 AM – 11:00 PM, Friday: 11:00 AM – 1:00 PM, 2:30 – 11:00 PM, Saturday: 11:00 AM – 11:00 PM, Sunday: 11:00 AM – 11:00 PM",Muhammad Fahad,4,"It's good store for buying Alkaram products , staff is very humble and cooperative.

Premises size is small, I think it's smallest store of Alkaram.",a year ago
Alkaram Studio,"2G32+7JR, University Rd, near Mobilink Main Office، Tehkal, Peshawar, Pakistan",(091) 5852724,http://www.alkaramstudio.com/,"Monday: 10:00 AM – 10:00 PM, Tuesday: 10:00 AM – 10:00 PM, Wednesday: 10:00 AM – 10:00 PM, Thursday: 10:00 AM – 10:00 PM, Friday: 10:00 AM – 10:00 PM, Saturday: 10:00 AM – 10:00 PM, Sunday: 10:00 AM – 10:00 PM",Pegions World,4,good place to visit for shopping purpose,9 months ago
Alkaram Studio,"2G32+7JR, University Rd, near Mobilink Main Office، Tehkal, Peshawar, Pakistan",(091) 5852724,http://www.alkaramstudio.com/,"Monday: 10:00 AM – 10:00 PM, Tuesday: 10:00 AM – 10:00 PM, Wednesday: 10:00 AM – 10:00 PM, Thursday: 10:00 AM – 10:00 PM, Friday: 10:00 AM – 10:00 PM, Saturday: 10:00 AM – 10:00 PM, Sunday: 10:00 AM – 10:00 PM",Yasir Khan,4,For attraction they display discount upto 50% but in actual they give 20 t0 30,3 years ago
Alkaram Studio,"2G32+7JR, University Rd, near Mobilink Main Office، Tehkal, Peshawar, Pakistan",(091) 5852724,http://www.alkaramstudio.com/,"Monday: 10:00 AM – 10:00 PM, Tuesday: 10:00 AM – 10:00 PM, Wednesday: 10:00 AM – 10:00 PM, Thursday: 10:00 AM – 10:00 PM, Friday: 10:00 AM – 10:00 PM, Saturday: 10:00 AM – 10:00 PM, Sunday: 10:00 AM – 10:00 PM",fida khan,3,Alkaram studio is a large store having both stitched and unstitched  Garments,3 years ago
Alkaram Studio,"2G32+7JR, University Rd, near Mobilink Main Office، Tehkal, Peshawar, Pakistan",(091) 5852724,http://www.alkaramstudio.com/,"Monday: 10:00 AM – 10:00 PM, Tuesday: 10:00 AM – 10:00 PM, Wednesday: 10:00 AM – 10:00 PM, Thursday: 10:00 AM – 10:00 PM, Friday: 10:00 AM – 10:00 PM, Saturday: 10:00 AM – 10:00 PM, Sunday: 10:00 AM – 10:00 PM",Muhammad Rashid,1,"Alkaram Studio University Road, Peshawar is very very and very bakwas place. Their attitude with females is poorest. Today dated 01.04.2023 i myself witnessed  that they had sold in today's date in morning a poor quality kurta and dupata to a female @ Rs.3600/-. When it comes to her knowledge that the kurta and dupata is of low standard and must be returned as was worthing less in term of money, the one at sale counter was reluctant to return initially and after a moment the sale man said that it can be returned after one week or one month  or  after EID, hence, she left the clothes and her money to the Alkaram with the words that alkaram will get poor it they returned her money. I myself is not recommending being their poorest behaviour with females. And this is worth noticable that they sale low quality @high rate and when it comes to your notice that the clothes is of low quality they will not returned. Highly not recommended.",a year ago
Alkaram Studio,"2G32+7JR, University Rd, near Mobilink Main Office، Tehkal, Peshawar, Pakistan",(091) 5852724,http://www.alkaramstudio.com/,"Monday: 10:00 AM – 10:00 PM, Tuesday: 10:00 AM – 10:00 PM, Wednesday: 10:00 AM – 10:00 PM, Thursday: 10:00 AM – 10:00 PM, Friday: 10:00 AM – 10:00 PM, Saturday: 10:00 AM – 10:00 PM, Sunday: 10:00 AM – 10:00 PM",Suha Maha Khan,4,Very helpful staff and a broad selection of clothing. Love how they've renovated the place - makes it easier to see and feel the cloth of the suits you're buying when they're displayed in racks on the wall.,7 years ago
Alkaram studio,"H5F2+X8G, Street 5, Block A Sector A PWD Society, Islamabad, Pakistan",(051) 5421008,http://www.alkaramstudio.com/,,Kashif Ahmad,4,"Alkaram studio - Almost perfect! Their lawn collections are breathtaking, and quality is usually top-notch. Prices are reasonable, and designs are always on-trend. Minor issues with sizing consistency, but overall an excellent choice for stylish, comfortable clothing. 4.5/5 stars",10 months ago
Alkaram studio,"H5F2+X8G, Street 5, Block A Sector A PWD Society, Islamabad, Pakistan",(051) 5421008,http://www.alkaramstudio.com/,,Javaria Nasim,2,The price of winter collection is very high. Prints are not appealing.,3 months ago
Alkaram studio,"H5F2+X8G, Street 5, Block A Sector A PWD Society, Islamabad, Pakistan",(051) 5421008,http://www.alkaramstudio.com/,,Ali Hassan,3,"White cotton always not available, 😞",a year ago
Alkaram studio,"H5F2+X8G, Street 5, Block A Sector A PWD Society, Islamabad, Pakistan",(051) 5421008,http://www.alkaramstudio.com/,,Javed Younus,5,Nice,5 months ago
Alkaram studio,"H5F2+X8G, Street 5, Block A Sector A PWD Society, Islamabad, Pakistan",(051) 5421008,http://www.alkaramstudio.com/,,Shahid Asif,5,Sufficient parking was available.,a year ago
Alkaram Studio,"1st Floor, The Centaurus Mall, Jinnah Avenue, F 8/4 F-8, Islamabad, Pakistan",(051) 2701127,http://www.alkaramstudio.com/,"Monday: 10:00 AM – 10:00 PM, Tuesday: 10:00 AM – 10:00 PM, Wednesday: 10:00 AM – 10:00 PM, Thursday: 10:00 AM – 10:00 PM, Friday: 10:00 AM – 10:00 PM, Saturday: 10:00 AM – 10:00 PM, Sunday: 10:00 AM – 10:00 PM",Asma Bilal,5,Excellent product quality great prices friendly enviroment.,3 years ago
Alkaram Studio,"1st Floor, The Centaurus Mall, Jinnah Avenue, F 8/4 F-8, Islamabad, Pakistan",(051) 2701127,http://www.alkaramstudio.com/,"Monday: 10:00 AM – 10:00 PM, Tuesday: 10:00 AM – 10:00 PM, Wednesday: 10:00 AM – 10:00 PM, Thursday: 10:00 AM – 10:00 PM, Friday: 10:00 AM – 10:00 PM, Saturday: 10:00 AM – 10:00 PM, Sunday: 10:00 AM – 10:00 PM",Awaragardi Specialist,1,Hell expensive for low quality stuff. Fleecing the average minded cloth crazy and brand conspicuous female population. Very cheap cloth. Weird colors. Strange designs. Sale is a drama that exposes that they otherwise sell on inflated prices and exploit customers during peak seasons.,a year ago
Alkaram Studio,"1st Floor, The Centaurus Mall, Jinnah Avenue, F 8/4 F-8, Islamabad, Pakistan",(051) 2701127,http://www.alkaramstudio.com/,"Monday: 10:00 AM – 10:00 PM, Tuesday: 10:00 AM – 10:00 PM, Wednesday: 10:00 AM – 10:00 PM, Thursday: 10:00 AM – 10:00 PM, Friday: 10:00 AM – 10:00 PM, Saturday: 10:00 AM – 10:00 PM, Sunday: 10:00 AM – 10:00 PM",irfan ahmad,1,"Terrible experience and extremely lousy customer service. Everyone in their staff had their own opinions and no one seems to be known what their exact policies are when it come to selling their mismanaged cloths and articles. We bought a 3 piece suit, disappointingly shirt is of diffrernt size and trouser is of different. Next day we came back to change it but find out it's a sale day and their system is down and the return/exchange can only happen after 3 days to week. What a shame.",2 years ago
Alkaram Studio,"1st Floor, The Centaurus Mall, Jinnah Avenue, F 8/4 F-8, Islamabad, Pakistan",(051) 2701127,http://www.alkaramstudio.com/,"Monday: 10:00 AM – 10:00 PM, Tuesday: 10:00 AM – 10:00 PM, Wednesday: 10:00 AM – 10:00 PM, Thursday: 10:00 AM – 10:00 PM, Friday: 10:00 AM – 10:00 PM, Saturday: 10:00 AM – 10:00 PM, Sunday: 10:00 AM – 10:00 PM",Emma Khan,4,Always find something on discount and with quality. Stitched and unstitched both variety good. Towels and bedsheets so good 👍,a year ago
Alkaram Studio,"1st Floor, The Centaurus Mall, Jinnah Avenue, F 8/4 F-8, Islamabad, Pakistan",(051) 2701127,http://www.alkaramstudio.com/,"Monday: 10:00 AM – 10:00 PM, Tuesday: 10:00 AM – 10:00 PM, Wednesday: 10:00 AM – 10:00 PM, Thursday: 10:00 AM – 10:00 PM, Friday: 10:00 AM – 10:00 PM, Saturday: 10:00 AM – 10:00 PM, Sunday: 10:00 AM – 10:00 PM",HABIBA ISHTIAQ,5,Always best quality unstitch clothes,10 months ago
Alkaram,"plot 25 A, Town, Model, near plaza in hotel, opposite town hall, Rahim Yar Khan, 64200, Pakistan",(068) 5877731,http://www.alkaramstudio.com/,"Monday: 11:00 AM – 11:00 PM, Tuesday: 11:00 AM – 11:00 PM, Wednesday: 11:00 AM – 11:00 PM, Thursday: 11:00 AM – 11:00 PM, Friday: 3:00 – 11:00 PM, Saturday: 11:00 AM – 11:00 PM, Sunday: 11:00 AM – 11:00 PM",Maryam Eman,1,"Absolutely amazing brand and I love to shopping there, I totally buy dress from therw, but today I visit at around 8pm there staff was busy in talks and so called(maskhara pan), they were busy in their talks but not easy to behave with their customers, storee is totally based on customer , if your staff couldn't keep happy their customers then why we'll come , if you want your good selling then must b need staff management.
Thanks and focus on it not to neglect.
A girl and boy was so batmiz .",a year ago
Alkaram,"plot 25 A, Town, Model, near plaza in hotel, opposite town hall, Rahim Yar Khan, 64200, Pakistan",(068) 5877731,http://www.alkaramstudio.com/,"Monday: 11:00 AM – 11:00 PM, Tuesday: 11:00 AM – 11:00 PM, Wednesday: 11:00 AM – 11:00 PM, Thursday: 11:00 AM – 11:00 PM, Friday: 3:00 – 11:00 PM, Saturday: 11:00 AM – 11:00 PM, Sunday: 11:00 AM – 11:00 PM",Zahid Durez,3,"While Alkaram Studio offers a diverse range of apparel, the Rahim Yar Khan outlet could benefit from enhancements in customer services and the overall shopping experience. The store's congestion highlights a need for expansion or relocation to a more spacious venue. Additionally, addressing the unprofessional behavior and lack of courtesy among staff members, including visible conflicts between the manager and staff, is crucial for creating a more welcoming atmosphere during customer interactions. These insights are based on multiple visits and warrant attention for an improved shopping experience.",a year ago
Alkaram,"plot 25 A, Town, Model, near plaza in hotel, opposite town hall, Rahim Yar Khan, 64200, Pakistan",(068) 5877731,http://www.alkaramstudio.com/,"Monday: 11:00 AM – 11:00 PM, Tuesday: 11:00 AM – 11:00 PM, Wednesday: 11:00 AM – 11:00 PM, Thursday: 11:00 AM – 11:00 PM, Friday: 3:00 – 11:00 PM, Saturday: 11:00 AM – 11:00 PM, Sunday: 11:00 AM – 11:00 PM",Numan Naseer Awan (Fusion of Pakistan),2,Below average and expectations,a year ago
Alkaram,"plot 25 A, Town, Model, near plaza in hotel, opposite town hall, Rahim Yar Khan, 64200, Pakistan",(068) 5877731,http://www.alkaramstudio.com/,"Monday: 11:00 AM – 11:00 PM, Tuesday: 11:00 AM – 11:00 PM, Wednesday: 11:00 AM – 11:00 PM, Thursday: 11:00 AM – 11:00 PM, Friday: 3:00 – 11:00 PM, Saturday: 11:00 AM – 11:00 PM, Sunday: 11:00 AM – 11:00 PM",Talha Ghous,4,"Nice.
Rate is affordable.",a month ago
Alkaram,"plot 25 A, Town, Model, near plaza in hotel, opposite town hall, Rahim Yar Khan, 64200, Pakistan",(068) 5877731,http://www.alkaramstudio.com/,"Monday: 11:00 AM – 11:00 PM, Tuesday: 11:00 AM – 11:00 PM, Wednesday: 11:00 AM – 11:00 PM, Thursday: 11:00 AM – 11:00 PM, Friday: 3:00 – 11:00 PM, Saturday: 11:00 AM – 11:00 PM, Sunday: 11:00 AM – 11:00 PM",Sayeda Sabeeka,1,"They need to hire new staff because some of their staff members don't even know how to behave,  very rude , not cooperative at all , non professional attitude,  totally disappointed 😒",a year ago
